Date,Return_Squared,Return,Range,Volume,VIX,Daily Volatility,target
2005-01-03,1.036996043687499e-06,0.00101833002690066,0.010299999999999976,1066716000.0,14.079999923706055,0.01251696928901369,1
2005-01-04,0.002350782353784595,-0.04848486726582424,0.013999999999999985,790224000.0,13.979999542236328,0.011489225472202555,0
2005-01-05,9.157439275050551e-05,0.009569451016150587,0.007000000000000006,724812000.0,14.09000015258789,0.013423541012887326,1
2005-01-06,9.157439275050551e-05,-0.009569451016150587,0.008800000000000002,563568000.0,13.579999923706055,0.007802989445733851,0
2005-01-07,0.00037706205835376865,-0.019418085857101586,0.008200000000000013,763092000.0,13.489999771118164,0.01212339701536062,1
2005-01-10,4.7361921252124365e-06,0.002176279422595462,0.002899999999999986,579552000.0,13.229999542236328,0.002637885713479719,0
2005-01-11,0.0009902496717719457,-0.03146823273989097,0.007599999999999996,1093380000.0,13.1899995803833,0.010576287272508878,1
2005-01-12,7.137503448953215e-05,-0.008448374665551484,0.008100000000000024,1057800000.0,12.5600004196167,0.014512931683401335,1
2005-01-13,0.00011426053507416208,0.01068927196183922,0.009999999999999981,898764000.0,12.84000015258789,0.00907905257529707,0
2005-01-14,7.806873968144182e-06,0.0027940783754476506,0.0049000000000000155,573912000.0,12.430000305175781,0.006831337370597564,0
2005-01-18,0.0002577144189402424,0.01605348619273217,0.005699999999999983,464556000.0,12.470000267028809,0.004975341432806563,0
2005-01-19,0.000544493852892525,-0.02333439206177279,0.006099999999999994,336492000.0,13.180000305175781,0.007515123725086159,1
2005-01-20,5.044202451167531e-06,0.002245930197305235,0.00839999999999999,640080000.0,13.829999923706055,0.009670838559151209,1
2005-01-21,5.0216206925096856e-06,0.002240897296287736,0.004200000000000009,596352000.0,14.359999656677246,0.006413591619494526,0
2005-01-24,0.0016912784197838347,-0.04112515555938767,0.009699999999999986,463704000.0,14.649999618530273,0.007916461538212414,1
2005-01-25,0.00030072675644110476,0.017341475036487086,0.005700000000000011,439704000.0,14.0600004196167,0.005885297641176715,0
2005-01-26,0.0001569667621961175,0.012528637683168808,0.007000000000000006,429120000.0,13.4399995803833,0.007339104242625308,1
2005-01-27,0.00597472594068775,0.07729635140605118,0.01570000000000002,1002912000.0,13.239999771118164,0.014683297579622187,1
2005-01-28,1.0987612382669936e-06,-0.001048218125328404,0.005899999999999989,671052000.0,13.239999771118164,0.00518844727360851,0
2005-01-31,2.4709181513167147e-06,0.0015719154402564772,0.0063,562968000.0,12.819999694824219,0.00742728087504446,1
2005-02-01,0.00034867128279190794,0.018672741705274776,0.005699999999999983,507180000.0,12.029999732971191,0.018473869905949576,1
2005-02-02,0.002917417968533356,0.05401312774255307,0.010499999999999982,2035404000.0,11.65999984741211,0.008333716372142504,0
2005-02-03,0.0001159623537707425,-0.010768581790131071,0.004299999999999998,690120000.0,11.789999961853027,0.005457329214033825,0
2005-02-04,0.00313399417058522,0.05598208794413817,0.012300000000000005,806448000.0,11.210000038146973,0.00767225067899271,1
2005-02-07,0.00014816817235038278,-0.012172434939254462,0.008800000000000002,521628000.0,11.729999542236328,0.007438985096899091,0
2005-02-08,9.688583975933685e-05,0.009843060487436661,0.007500000000000007,455772000.0,11.600000381469727,0.005857113541303737,0
2005-02-09,0.001267918586029982,-0.03560784444514975,0.009899999999999992,783756000.0,12.0,0.008900424067289147,1
2005-02-10,0.0005259955739335385,0.022934593389322133,0.005599999999999994,602376000.0,11.510000228881836,0.007208835120048122,0
2005-02-11,0.00083324963986884,0.02886606380975487,0.009800000000000003,556512000.0,11.430000305175781,0.007720945575251653,1
2005-02-14,0.00045525120252739817,-0.021336616473269565,0.006200000000000011,432900000.0,11.520000457763672,0.004533780442256448,0
2005-02-15,7.864502108504971e-05,0.008868202810324632,0.007699999999999985,748500000.0,11.270000457763672,0.011347951012781327,1
2005-02-16,1.061514992392404e-05,-0.003258089919557783,0.007000000000000006,466464000.0,11.100000381469727,0.0064010386792814735,0
2005-02-17,7.916145723145812e-05,-0.00889727246022387,0.006599999999999995,1017408000.0,11.770000457763672,0.02920865347016859,1
2005-02-18,0.010552011825962744,0.10272298586958395,0.013200000000000017,3132120000.0,11.180000305175781,0.015477747834108829,0
2005-02-22,0.0001600998738761883,0.012653057886384156,0.012200000000000016,1420800000.0,13.140000343322754,0.0073345062305681785,0
2005-02-23,0.0011046965091362903,-0.03323697502987133,0.010699999999999987,1107840000.0,12.390000343322754,0.01298837797625288,1
2005-02-24,0.0006805094750970443,0.02608657653079538,0.00949999999999998,695496000.0,11.569999694824219,0.006259753053400933,0
2005-02-25,0.00020306339996497557,0.014250031577683453,0.006900000000000017,525132000.0,11.489999771118164,0.0070054933752902145,1
2005-02-28,2.9109513708308316e-05,0.005395323318236667,0.004599999999999993,758064000.0,12.079999923706055,0.005595522163792331,0
2005-03-01,6.182844221695538e-06,-0.0024865325700049734,0.008099999999999996,737148000.0,12.039999961853027,0.0054239622988035705,0
2005-03-02,0.000894204952678154,-0.029903259900521784,0.007199999999999984,947460000.0,12.5,0.008569319673158377,1
2005-03-03,0.00018976463196570113,-0.013775508410425408,0.007500000000000007,761292000.0,12.930000305175781,0.005802416089244262,0
2005-03-04,1.8870818053763083e-05,-0.004344055484655218,0.005599999999999994,593124000.0,11.9399995803833,0.0036817132268294815,0
2005-03-07,0.00010803946817347046,0.010394203585338824,0.007700000000000012,511176000.0,12.260000228881836,0.008454437051635393,1
2005-03-08,0.0027225498902733757,-0.052178059472093974,0.013200000000000017,1332384000.0,12.399999618530273,0.011537651809855803,1
2005-03-09,0.0006871960052936143,-0.026214423611699234,0.009099999999999997,910140000.0,12.699999809265137,0.007204447793957997,0
2005-03-10,2.1724159261930492e-07,-0.000466091828526638,0.006099999999999994,689280000.0,12.489999771118164,0.007966999282976998,1
2005-03-11,0.0005121983920701869,-0.022631800460197304,0.009000000000000008,732180000.0,12.800000190734863,0.00839207772574374,1
2005-03-14,0.000769890522149737,0.027746901126967982,0.0040000000000000036,572148000.0,12.390000343322754,0.007573814718762634,0
2005-03-15,0.00042515500474890264,-0.02061928720273576,0.007599999999999996,378108000.0,13.149999618530273,0.0041629038599220215,0
2005-03-16,0.0002792515368242941,-0.01671082095003995,0.006099999999999994,535356000.0,13.489999771118164,0.004544864849413189,1
2005-03-17,0.0001032702539855977,-0.010162197301056386,0.0040000000000000036,442584000.0,13.289999961853027,0.0031447266577116916,0
2005-03-18,0.00042599116028105397,-0.020639553296548208,0.008700000000000013,639012000.0,13.140000343322754,0.008241461971138925,1
2005-03-21,0.0011347713878500014,0.03368636798246438,0.008700000000000013,654456000.0,13.609999656677246,0.007067767196292345,0
2005-03-22,0.00032121581804227446,-0.01792249474940011,0.006599999999999995,622992000.0,14.270000457763672,0.0049415752111871235,0
2005-03-23,0.0004527276846845139,0.021277398447284712,0.006500000000000006,728784000.0,14.0600004196167,0.005245816073577545,1
2005-03-24,3.655921709655801e-06,0.0019120464716255725,0.006000000000000005,865356000.0,13.420000076293945,0.008272514147383912,1
2005-03-28,0.00012198164369176459,-0.011044530034898026,0.00739999999999999,511188000.0,13.75,0.00853505227807504,1
2005-03-29,0.0005045361364654934,-0.022461881854944687,0.007599999999999996,587400000.0,14.489999771118164,0.007673257721436902,0
2005-03-30,0.0,0.0,0.009800000000000003,858708000.0,13.640000343322754,0.012667223795844222,1
2005-03-31,0.0005050292501474047,-0.022472855852058604,0.005599999999999994,518316000.0,14.020000457763672,0.004254901074852113,0
2005-04-01,9.297390092875275e-05,-0.009642297492234553,0.0067000000000000115,510756000.0,14.09000015258789,0.0077178235852916515,1
2005-04-04,3.7676599247582826e-05,-0.006138126688785661,0.0050000000000000044,421428000.0,14.109999656677246,0.004709479363791051,0
2005-04-05,0.00030971768727212386,-0.017598797892814266,0.008800000000000002,430128000.0,13.680000305175781,0.009788109520993132,1
2005-04-06,0.00022590340718042963,0.015030083405637829,0.004599999999999993,567468000.0,13.149999618530273,0.0077192624858241216,0
2005-04-07,0.0003366908898647096,0.018349138668196652,0.007900000000000018,506352000.0,12.329999923706055,0.0075593486173499876,0
2005-04-08,0.00017472321923033902,-0.013218291085852929,0.008199999999999985,621540000.0,12.619999885559082,0.010811366143291349,1
2005-04-11,0.0003856853748128188,-0.01963887407192222,0.006500000000000006,328380000.0,11.979999542236328,0.007273542133365898,0
2005-04-12,0.00014238925081690146,0.011932696711846047,0.007500000000000007,512232000.0,11.300000190734863,0.00890858832133205,1
2005-04-13,0.001820877042062433,-0.042671735868867966,0.010100000000000026,498408000.0,13.3100004196167,0.009647863011637161,1
2005-04-14,6.570661514607415e-05,-0.008105961703960496,0.004299999999999998,352080000.0,14.529999732971191,0.005430259281600022,0
2005-04-15,0.0012491467345748107,-0.03534327000398818,0.007099999999999995,630156000.0,17.739999771118164,0.009288944464373053,1
2005-04-18,4.580873897170884e-05,-0.006768215346138806,0.004899999999999988,473100000.0,16.559999465942383,0.006246197307986013,0
2005-04-19,0.0011518747061746385,0.033939279694398916,0.005500000000000005,365460000.0,14.960000038146973,0.009405260460953588,1
2005-04-20,0.0009680574023396205,-0.03111362084906899,0.009999999999999981,564672000.0,16.920000076293945,0.016741194599803784,1
2005-04-21,0.002955465709856292,0.05436419510906321,0.008500000000000008,538152000.0,14.40999984741211,0.009935489512291758,0
2005-04-22,9.345282219210033e-05,-0.009667099988729833,0.0040000000000000036,336276000.0,15.380000114440918,0.007036881578607506,0
2005-04-25,0.00024115275611161073,0.01552909385996526,0.003700000000000009,318168000.0,14.619999885559082,0.0058933204274675185,0
2005-04-26,1.8146384616427285e-05,-0.004259857346957441,0.008599999999999997,353148000.0,14.90999984741211,0.01056338158328754,1
2005-04-27,0.0015349176139154788,-0.03917802463008413,0.0067000000000000115,609348000.0,14.869999885559082,0.013899626590903413,1
2005-04-28,1.1049659317522426e-05,0.003324102783838434,0.005299999999999999,372948000.0,16.860000610351562,0.00522196938624539,0
2005-04-29,0.00010928643852464106,0.010454015425884977,0.009699999999999986,478356000.0,15.3100004196167,0.012473499807763582,1
2005-05-02,1.0820656633518934e-05,-0.0032894766503988038,0.007700000000000012,334908000.0,15.119999885559082,0.006921863945704638,0
2005-05-03,3.0322884134961053e-05,-0.0055066218441945924,0.005299999999999999,439512000.0,14.529999732971191,0.006888342650711724,0
2005-05-04,0.0009603280936191921,0.030989160905374513,0.006900000000000017,468816000.0,13.850000381469727,0.005311710170324696,0
2005-05-05,0.00038469600269825467,0.019613668772013426,0.005899999999999989,619272000.0,13.979999542236328,0.008697388133446886,1
2005-05-06,0.00018376499685346346,0.013555994867713084,0.0049000000000000155,355728000.0,14.050000190734863,0.004861327150911678,0
2005-05-09,0.00034119764074169744,0.018471535960544738,0.005299999999999999,745332000.0,13.75,0.004695644178874481,0
2005-05-10,0.0015946213547286495,-0.03993271033537105,0.007400000000000018,735120000.0,14.90999984741211,0.008782714497523382,1
2005-05-11,0.00029159621983168956,-0.017076188679904236,0.005299999999999999,555420000.0,14.449999809265137,0.006338823661841911,0
2005-05-12,0.00047640882449987256,0.02182679143850219,0.006699999999999984,835584000.0,16.1200008392334,0.019837727668964925,1
2005-05-13,0.011200906895856969,0.10583433703603462,0.013899999999999996,2650320000.0,16.31999969482422,0.005746119835484773,0
2005-05-16,1.0959266661049282e-05,0.0033104783130311066,0.00470000000000001,664104000.0,15.680000305175781,0.003905239896530872,0
2005-05-17,0.0001269616232128823,0.01126772484634242,0.004799999999999999,639804000.0,14.569999694824219,0.004704268351739667,1
2005-05-18,4.8698002100012486e-05,0.006978395381462166,0.004799999999999999,550056000.0,13.630000114440918,0.005784351112602921,1
2005-05-19,3.445289202240941e-06,-0.0018561490247932522,0.004299999999999998,452880000.0,13.319999694824219,0.004485016796685216,0
2005-05-20,0.00032227971488272547,0.017952150703543168,0.006599999999999995,517008000.0,13.140000343322754,0.004546688847102062,1
2005-05-23,0.0005086809115918596,0.022553955564198924,0.006500000000000006,703668000.0,12.949999809265137,0.007274397140019201,1
2005-05-24,0.000200847587312888,0.014172070678376114,0.006099999999999994,522192000.0,12.6899995803833,0.0037118765346818633,0
2005-05-25,0.00016473399403887332,-0.01283487413412665,0.0058,535272000.0,12.579999923706055,0.0061215739456005405,1
2005-05-26,0.0007659514251327038,0.02767582745163555,0.006500000000000006,788784000.0,12.239999771118164,0.005350937888159297,0
2005-05-27,4.251489592078359e-05,-0.006520344770085673,0.004600000000000021,322740000.0,12.149999618530273,0.004701497230833756,0
2005-05-31,0.00023659171580751973,-0.015381538148297125,0.008099999999999996,763176000.0,13.289999961853027,0.007190961715298048,1
2005-06-01,8.569731698188611e-05,0.00925728453607677,0.010399999999999993,796632000.0,12.359999656677246,0.010497979510604105,1
2005-06-02,0.001340903504014393,0.03661834928030472,0.009300000000000003,684348000.0,11.84000015258789,0.006548754808952892,0
2005-06-03,6.4581926209773805e-06,-0.0025412974286724843,0.004399999999999987,559620000.0,12.149999618530273,0.002423869445444552,0
2005-06-06,8.786694814226677e-05,-0.009373737149198647,0.004799999999999999,512892000.0,12.279999732971191,0.0060766279580477195,1
2005-06-07,0.0006102537572874715,-0.024703314702433588,0.008700000000000013,974136000.0,12.390000343322754,0.007712400018817469,1
2005-06-08,4.963743024230504e-05,-0.007045383612146683,0.007800000000000001,618720000.0,12.699999809265137,0.006617264684330014,0
2005-06-09,0.0016910546984726619,0.04112243546377892,0.0116,619908000.0,12.079999923706055,0.006697041474192209,1
2005-06-10,0.0001229334019283784,-0.011087533626933377,0.004200000000000009,465096000.0,11.960000038146973,0.00326219950223061,0
2005-06-13,0.00046802691116479777,0.021633929628359194,0.012200000000000016,1409916000.0,11.649999618530273,0.013731051560528059,1
2005-06-14,0.003720008628970263,-0.06099187346663704,0.025599999999999984,2408412000.0,11.789999961853027,0.017256438082111313,1
2005-06-15,7.181163807334935e-06,-0.002679769357115447,0.009899999999999992,1669788000.0,11.460000038146973,0.008440217208219754,0
2005-06-16,2.4082946843837714e-05,0.0049074379103395405,0.006000000000000005,489240000.0,11.149999618530273,0.0041485674211228325,0
2005-06-17,4.962507183023526e-06,-0.0022276685532240936,0.0041999999999999815,456348000.0,11.479999542236328,0.004222061887945186,1
2005-06-20,0.0002399544263458812,0.015490462431634544,0.008599999999999997,606060000.0,11.470000267028809,0.006772561723950196,1
2005-06-21,8.42796036074254e-05,0.009180392344961374,0.003899999999999987,428172000.0,11.079999923706055,0.0025133390826067555,0
2005-06-22,7.581201778426699e-07,-0.0008707009692441314,0.007099999999999995,700668000.0,11.050000190734863,0.003042913684618276,1
2005-06-23,0.00024204483064638215,0.015557790030926055,0.007699999999999985,836976000.0,12.130000114440918,0.00608203543467091,1
2005-06-24,0.0010686211053357556,-0.03268977065284728,0.008300000000000002,475632000.0,12.180000305175781,0.00513916537536897,0
2005-06-27,6.41146147692291e-05,-0.008007160218781006,0.004300000000000026,354588000.0,12.520000457763672,0.0059496616761624595,1
2005-06-28,3.885432601315116e-05,0.0062333238334897345,0.004500000000000004,262308000.0,11.579999923706055,0.0049420425063918865,0
2005-06-29,8.769605026517433e-05,-0.009364616931042846,0.004399999999999987,283572000.0,11.770000457763672,0.005170028536844828,1
2005-06-30,5.029507028007707e-06,-0.002242656243834018,0.005899999999999989,593232000.0,12.039999961853027,0.005880243608688108,1
2005-07-01,2.007303641212019e-05,0.004480294232761972,0.004799999999999999,315168000.0,11.399999618530273,0.007648012230738519,1
2005-07-05,0.00024101998482882833,0.015524818350912462,0.0058,388440000.0,11.680000305175781,0.0054104618589289125,0
2005-07-06,0.0006794242421068004,0.026065767629340986,0.008899999999999991,703632000.0,12.270000457763672,0.006593710122229108,1
2005-07-07,4.7399214950947685e-05,-0.00688470877749725,0.004500000000000004,465900000.0,12.489999771118164,0.00668714089776296,1
2005-07-08,0.00015484920838725416,0.012443842187493948,0.005199999999999982,408132000.0,11.449999809265137,0.006992447282137619,1
2005-07-11,0.00021948676682107416,0.01481508578514057,0.004799999999999999,399492000.0,11.279999732971191,0.004841898794797348,0
2005-07-12,2.9999250462626383e-05,-0.005477157151536405,0.006699999999999984,564252000.0,10.949999809265137,0.0076783796132997096,1
2005-07-13,1.6043379158125382e-06,0.0012666246151928906,0.005299999999999999,594780000.0,10.84000015258789,0.006693087163266851,0
2005-07-14,0.0020534670077359007,-0.045315196212042386,0.017999999999999988,1871496000.0,10.8100004196167,0.008983595449140791,1
2005-07-15,0.00011347712224990971,-0.010652564116207408,0.0063,1223352000.0,10.329999923706055,0.006895444689149799,0
2005-07-18,0.0006404121738539765,-0.025306366271236502,0.007300000000000001,1044900000.0,10.770000457763672,0.008017662747752924,1
2005-07-19,0.00018595617635457215,0.01363657494954551,0.003799999999999998,517896000.0,10.449999809265137,0.0054334318773728504,0
2005-07-20,0.0002187005762111554,0.014788528534345646,0.009800000000000003,526500000.0,10.229999542236328,0.007016884791378361,1
2005-07-21,0.0002906485052182674,-0.017048416501783015,0.006499999999999978,594528000.0,10.970000267028809,0.006957310302653364,0
2005-07-22,0.0007072872821263423,-0.02659487323012355,0.01150000000000001,699264000.0,10.520000457763672,0.008562268255567064,1
2005-07-25,3.627314601898181e-05,0.006022719154915146,0.011400000000000021,974952000.0,11.100000381469727,0.011404446804792214,1
2005-07-26,0.00042321352329411374,0.020572154075208404,0.006599999999999995,759492000.0,10.989999771118164,0.007734312104018766,0
2005-07-27,0.0004063230898398852,0.020157457424980096,0.008900000000000019,807828000.0,10.359999656677246,0.0070385441903662,0
2005-07-28,5.640802940071798e-05,0.00751052790426332,0.0063,411240000.0,10.520000457763672,0.006305292505667611,0
2005-07-29,5.640802940071798e-05,-0.00751052790426332,0.004999999999999977,351660000.0,11.569999694824219,0.0037812670082784244,0
2005-08-01,0.00022395326071716123,0.014965068015788008,0.004599999999999993,389040000.0,12.079999923706055,0.004740409295096212,1
2005-08-02,0.00018096019723929242,0.013452144707788882,0.003899999999999987,422652000.0,11.75,0.005888102564136452,1
2005-08-03,0.0,0.0,0.004299999999999998,518256000.0,11.829999923706055,0.004728136649318814,0
2005-08-04,0.00010813311186596951,-0.01039870722089864,0.0020999999999999908,356424000.0,12.520000457763672,0.0037162334097196673,0
2005-08-05,0.0006223792720991996,0.024947530380765137,0.008199999999999985,684096000.0,12.479999542236328,0.004708818665565394,1
2005-08-08,1.151047393178011e-05,0.0033927089370855423,0.0068000000000000005,725544000.0,13.210000038146973,0.006847906845875609,1
2005-08-09,4.490558622948791e-06,-0.0021190938211765875,0.0040999999999999925,291900000.0,12.399999618530273,0.0049346578774997875,0
2005-08-10,0.00022382376164317092,-0.014960740678294338,0.008100000000000024,440556000.0,12.380000114440918,0.004424262018064157,0
2005-08-11,0.00018733740616050338,0.013687125562385383,0.005900000000000016,701556000.0,12.420000076293945,0.023306920200283878,1
2005-08-12,0.0034308480689630117,0.05857344166909617,0.010999999999999982,2295420000.0,12.739999771118164,0.011660696231727007,0
2005-08-15,0.0006213606469610199,0.0249271066704706,0.011300000000000004,882804000.0,12.260000228881836,0.006902772843829714,0
2005-08-16,0.00028717431600857425,-0.016946218339457753,0.005999999999999978,637488000.0,13.520000457763672,0.005305768400660846,0
2005-08-17,0.0,0.0,0.0043999999999999595,607572000.0,13.300000190734863,0.002724866341931785,0
2005-08-18,0.0006850905407839434,-0.026174234292218435,0.006900000000000017,822732000.0,13.420000076293945,0.007252854739636931,1
2005-08-19,5.43322416584083e-05,-0.007371040744590163,0.003599999999999992,422232000.0,13.420000076293945,0.0027108555079116427,0
2005-08-22,6.813309140918309e-05,-0.008254277158490808,0.008300000000000002,547224000.0,13.420000076293945,0.006053441420867603,1
2005-08-23,4.3677075137713416e-05,0.006608863377140839,0.0040000000000000036,254460000.0,13.34000015258789,0.004946147544178777,0
2005-08-24,6.774035888164237e-07,0.000823045313950832,0.008000000000000007,514620000.0,14.170000076293945,0.006974646488819478,1
2005-08-25,4.3034769348256755e-05,0.006560089126548263,0.0040000000000000036,296484000.0,13.729999542236328,0.004610572805486823,0
2005-08-26,0.00023213682218465616,-0.015236036957970933,0.0063,323436000.0,13.720000267028809,0.003948326223886187,0
2005-08-29,2.750208213680214e-06,0.0016583751727761165,0.004899999999999988,343392000.0,13.520000457763672,0.004190657366241894,1
2005-08-30,0.001253551499358349,0.035405529220142284,0.009999999999999981,948852000.0,13.649999618530273,0.007759860865049684,1
2005-08-31,0.000490358702990047,0.022144044413567432,0.01009999999999997,906804000.0,12.600000381469727,0.006078340684871529,0
2005-09-01,0.0,0.0,0.004500000000000004,556884000.0,13.149999618530273,0.0026978959629356375,0
2005-09-02,0.0002612864524455997,-0.01616435747085543,0.005500000000000005,469800000.0,13.569999694824219,0.006526200873826904,1
2005-09-06,6.90883761366675e-05,0.008311941778950782,0.0063,423096000.0,12.930000305175781,0.00808896080062307,1
2005-09-07,0.0009638754093807988,0.031046342930863835,0.009700000000000042,588012000.0,12.520000457763672,0.0077509020731713245,0
2005-09-08,0.0001386745181342958,0.01177601452675292,0.007900000000000018,646116000.0,12.930000305175781,0.007126351345883637,0
2005-09-09,0.00016277030938059112,0.012758146784725088,0.005500000000000005,454236000.0,11.979999542236328,0.0048447499895539385,0
2005-09-12,1.1298658378478821e-05,-0.0033613477027047978,0.005099999999999993,556584000.0,11.649999618530273,0.004177585295747467,0
2005-09-13,0.0008911994088162184,0.02985296314968111,0.010599999999999998,854724000.0,12.390000343322754,0.0059844112006030405,1
2005-09-14,0.0001453215905876204,-0.012054940505353828,0.006200000000000039,503448000.0,12.90999984741211,0.003735290362469961,0
2005-09-15,0.00030578762822245265,0.01748678438771556,0.005400000000000016,759756000.0,12.489999771118164,0.005574009881955359,1
2005-09-16,5.213153237427145e-07,0.0007220216920167388,0.005900000000000016,519828000.0,11.220000267028809,0.0029814426354284533,0
2005-09-19,0.0002009114657413858,-0.014174324172297803,0.006000000000000005,428316000.0,12.140000343322754,0.004024241741475717,1
2005-09-20,0.00036917517024647617,0.019213931670703843,0.006700000000000039,522192000.0,12.640000343322754,0.004360938091385014,1
2005-09-21,7.490799386814255e-05,-0.008654940431230163,0.009199999999999986,625656000.0,13.789999961853027,0.010130824997705533,1
2005-09-22,0.0007380786698629032,-0.02716760331466328,0.013000000000000012,739152000.0,13.329999923706055,0.00826024505255037,0
2005-09-23,0.00020764820493325513,0.01441000364098688,0.009099999999999997,314640000.0,12.960000038146973,0.006624097024614598,0
2005-09-26,6.461010449639624e-05,0.008038041085761893,0.007000000000000006,406776000.0,13.039999961853027,0.004399174194636147,0
2005-09-27,1.0691315296099669e-05,0.0032697576815567952,0.004699999999999982,404160000.0,12.760000228881836,0.004330210970632975,0
2005-09-28,3.778794306399364e-05,0.0061471898509801726,0.0048000000000000265,353556000.0,12.630000114440918,0.00475191892238447,1
2005-09-29,0.0004281942041339003,0.020692853938833577,0.008099999999999996,513372000.0,12.239999771118164,0.0052596856185714,1
2005-09-30,7.72455967016516e-05,0.00878894741716274,0.005500000000000005,458832000.0,11.920000076293945,0.004604139166435764,0
2005-10-03,0.0007255120039017142,0.026935330031423677,0.008899999999999963,549888000.0,12.460000038146973,0.0054707720010764285,1
2005-10-04,0.00016982610389204095,-0.013031734492846336,0.010599999999999998,514476000.0,13.199999809265137,0.006396602588287711,1
2005-10-05,0.0011356375977273922,-0.033699222509241844,0.011699999999999988,599184000.0,14.550000190734863,0.009277588406922669,1
2005-10-06,1.2791650701985848e-05,-0.0035765417237865194,0.013400000000000023,685512000.0,14.960000038146973,0.009667130136449282,1
2005-10-07,0.0001685456165139047,-0.012982511949307218,0.009099999999999997,551952000.0,14.59000015258789,0.004820898550335162,0
2005-10-10,0.0006623784806692421,-0.025736714644049696,0.008999999999999952,459216000.0,15.550000190734863,0.0056939520592243645,1
2005-10-11,0.0001529341716493917,-0.012366655637212176,0.009699999999999986,540048000.0,15.630000114440918,0.005057004288495879,0
2005-10-12,0.00013505924179316457,0.011621499119871093,0.008299999999999974,657660000.0,16.219999313354492,0.006110449040700971,1
2005-10-13,2.7370695574176914e-05,-0.005231701021099822,0.01150000000000001,509304000.0,16.469999313354492,0.009981932730777538,1
2005-10-14,0.0,0.0,0.009699999999999986,311256000.0,14.869999885559082,0.006064620378772478,0
2005-10-17,9.398011051257468e-05,0.00969433393857333,0.005099999999999993,243912000.0,14.670000076293945,0.007630438863587807,1
2005-10-18,0.00027097364225092354,-0.016461277054072188,0.00770000000000004,299832000.0,15.329999923706055,0.00768934017106597,1
2005-10-19,7.593077548792884e-05,-0.008713826684524362,0.009000000000000008,635952000.0,13.5,0.007301186398456249,0
2005-10-20,5.189506037788511e-05,0.007203822622600109,0.008099999999999996,359520000.0,16.110000610351562,0.005963872415513803,0
2005-10-21,3.1931503660675574e-05,0.005650796727955765,0.005700000000000038,298368000.0,16.1299991607666,0.00680435928500902,1
2005-10-24,0.0007122503223203837,0.026688018328837826,0.007299999999999973,291012000.0,14.739999771118164,0.007170921681279418,1
2005-10-25,4.306222957385217e-05,0.006562181769339537,0.005600000000000049,334680000.0,14.529999732971191,0.004999780171412507,0
2005-10-26,0.0007634807560823083,-0.027631155532881868,0.008599999999999997,415344000.0,14.59000015258789,0.00521872618043894,1
2005-10-27,0.0004469351242328152,-0.021140840196946176,0.007800000000000029,227784000.0,16.020000457763672,0.005777820989371486,1
2005-10-28,0.0009263692827551815,0.03043631519673795,0.014500000000000013,464640000.0,14.25,0.008559931619956255,1
2005-10-31,0.0011694748084483092,0.03419758483355673,0.010299999999999976,432420000.0,15.319999694824219,0.005670400487985511,0
2005-11-01,0.00014968958189100662,-0.01223476938446355,0.007699999999999985,400488000.0,14.850000381469727,0.002649422929017167,0
2005-11-02,0.003171183065026094,0.056313258341407435,0.01749999999999996,523668000.0,13.479999542236328,0.009720278799163007,1
2005-11-03,0.00014521244498008127,-0.012050412647709674,0.00940000000000002,465072000.0,13.0,0.006511364833055775,0
2005-11-04,0.0002930369461423861,-0.017118321942947157,0.00880000000000003,570276000.0,13.170000076293945,0.005357182535594281,0
2005-11-07,1.795466447223104e-05,-0.00423729447551513,0.0049000000000000155,370824000.0,13.100000381469727,0.003369394752718885,0
2005-11-08,0.0003584402237608457,-0.018932517628694967,0.007799999999999974,538968000.0,13.079999923706055,0.003982396828212863,1
2005-11-09,0.0019440230943749488,0.04409107726484973,0.017000000000000015,818880000.0,12.800000190734863,0.01869720277803703,1
2005-11-10,0.0014153313150564806,-0.03762088934430552,0.03270000000000001,2503620000.0,11.899999618530273,0.020362283378731083,1
2005-11-11,0.0002672309894445803,0.0163472012725292,0.006799999999999973,545928000.0,11.630000114440918,0.005062475084861126,0
2005-11-14,0.00043800474759157754,0.020928562960499164,0.012300000000000033,493668000.0,12.180000305175781,0.004438132186569656,0
2005-11-15,4.280621365484463e-06,0.002068966255279303,0.0048000000000000265,496200000.0,12.229999542236328,0.004253479203897279,0
2005-11-16,1.1907047868957795e-05,-0.00345065904849462,0.008500000000000008,455280000.0,12.260000228881836,0.004348911442801135,1
2005-11-17,0.0019031264780102607,0.0436248378565498,0.014100000000000001,703260000.0,11.25,0.00908482937682913,1
2005-11-18,3.9498132341792874e-06,-0.001987413704838348,0.010000000000000009,465768000.0,11.119999885559082,0.009674545494406515,1
2005-11-21,0.0003034677402433805,0.017420325491889654,0.007500000000000007,454704000.0,10.819999694824219,0.004821510301335139,0
2005-11-22,0.0006952760192928097,0.026368087137538243,0.01200000000000001,731700000.0,10.600000381469727,0.007704766498391855,1
2005-11-23,8.181447330861831e-06,-0.0028603229417081266,0.006199999999999983,411948000.0,10.960000038146973,0.005274309770740642,0
2005-11-25,9.030252248362856e-05,0.009502763939172043,0.0041999999999999815,116676000.0,10.880000114440918,0.002725213431280915,0
2005-11-28,2.246849299403282e-05,-0.0047400941967468135,0.010799999999999976,424524000.0,11.84000015258789,0.005944313622728315,1
2005-11-29,0.004283305712740576,-0.06544696870551436,0.011099999999999999,1043136000.0,11.890000343322754,0.01619996492321945,1
2005-11-30,0.0003396305866875722,0.018429069067307013,0.009200000000000041,575448000.0,12.0600004196167,0.003997676824866267,0
2005-12-01,0.00014116595235252663,0.011881327886752668,0.005700000000000038,562032000.0,11.239999771118164,0.0033402176634551427,0
2005-12-02,1.0760380011787696e-07,0.00032803018171789766,0.006199999999999983,334476000.0,11.010000228881836,0.0038424873300164563,1
2005-12-05,0.0003561375845006131,-0.018871607893886866,0.007399999999999962,387708000.0,11.600000381469727,0.0038249921681951576,0
2005-12-06,1.879662853366553e-05,0.004335507874939859,0.005299999999999971,375252000.0,11.520000457763672,0.004842225848599188,1
2005-12-07,2.7639420723808155e-06,0.001662510773613457,0.007699999999999985,352668000.0,12.180000305175781,0.0032452768528795205,0
2005-12-08,6.408610324113977e-05,-0.008005379643785782,0.008099999999999996,386664000.0,12.210000038146973,0.005241814910625621,1
2005-12-09,0.00019509486822854902,0.01396763645820398,0.007900000000000018,262896000.0,11.6899995803833,0.0051720200977966105,0
2005-12-12,0.0002081233168294802,0.01442647971022315,0.004699999999999982,281136000.0,11.470000267028809,0.00534430361808239,1
2005-12-13,0.0001673605621725027,0.01293679103071943,0.00830000000000003,443412000.0,11.109999656677246,0.005935779540136874,1
2005-12-14,8.765560879397789e-05,-0.009362457412131597,0.005699999999999983,287472000.0,10.479999542236328,0.004294077793637817,0
2005-12-15,0.0001620709492130013,-0.012730708904574062,0.009199999999999986,332724000.0,10.729999542236328,0.0048151689455457405,1
2005-12-16,7.798305441262081e-05,0.008830801459245974,0.005800000000000027,1065600000.0,10.680000305175781,0.003617740965857267,0
2005-12-19,0.00028044225029646904,-0.016746410071907025,0.008799999999999975,292296000.0,11.380000114440918,0.004649093571819101,1
2005-12-20,4.3886788032415347e-07,-0.0006624710411211598,0.008400000000000019,304356000.0,11.1899995803833,0.005397020856956403,1
2005-12-21,3.9603006264204675e-06,-0.0019900504080099246,0.00720000000000004,289380000.0,10.8100004196167,0.004672613531259045,0
2005-12-22,0.0009052451629596915,0.03008729238332508,0.009799999999999975,318336000.0,10.289999961853027,0.004981958300532028,1
2005-12-23,5.9324198506231536e-05,0.007702220362092449,0.0040000000000000036,214536000.0,10.270000457763672,0.002325561186364199,0
2005-12-27,3.667265791703082e-05,0.006055795399204866,0.006699999999999984,367968000.0,11.569999694824219,0.0060020457104818965,1
2005-12-28,9.001715727321762e-05,0.009487737205109426,0.006000000000000005,264420000.0,11.350000381469727,0.00293472079654367,0
2005-12-29,0.0005108337040106776,-0.022601630560883823,0.00930000000000003,310464000.0,11.609999656677246,0.004233092661797307,1
2005-12-30,0.0003678043035229379,-0.019178224722923076,0.005500000000000005,229608000.0,12.069999694824219,0.006118588889460351,1
2006-01-03,0.001962028334375436,0.044294789020554504,0.01539999999999997,472812000.0,11.140000343322754,0.01701942807675807,1
2006-01-04,0.0007595640686919608,0.02756018992481657,0.010300000000000031,510072000.0,11.369999885559082,0.010437541436068322,0
2006-01-05,0.0004995526138732129,0.022350673678285693,0.008499999999999952,646092000.0,11.3100004196167,0.0072773035227964595,0
2006-01-06,0.00026550235140849533,0.0162942428915398,0.016199999999999992,623388000.0,11.0,0.008466479910139922,1
2006-01-09,0.0007581201139839257,0.0275339810776416,0.012300000000000033,560484000.0,11.130000114440918,0.011126539179508786,1
2006-01-10,8.170267002615893e-08,0.00028583678914051447,0.006199999999999983,339660000.0,10.859999656677246,0.0042257246465339515,0
2006-01-11,0.0012711292033327178,0.035652898947108325,0.014899999999999969,626304000.0,10.9399995803833,0.006399974812282297,1
2006-01-12,0.0002086492308444309,-0.01444469559542294,0.013299999999999979,495504000.0,11.199999809265137,0.0064804140507751405,1
2006-01-13,8.088983026521467e-05,-0.008993877376594295,0.010299999999999976,421296000.0,11.229999542236328,0.006828147357330143,1
2006-01-17,3.1901283816672686e-07,-0.0005648122149588541,0.009500000000000008,329232000.0,11.90999984741211,0.006641466436065603,0
2006-01-18,2.5723785140727272e-05,0.0050718620979604,0.01699999999999996,459948000.0,12.25,0.005498987009838814,0
2006-01-19,0.0029328693143530022,0.054155972102372996,0.020600000000000007,914760000.0,11.979999542236328,0.00891552298714653,1
2006-01-20,0.0008039186186941129,-0.028353458672516707,0.015500000000000014,461604000.0,14.5600004196167,0.0036795861045913736,0
2006-01-23,3.289447000897902e-05,0.005735370084744229,0.007299999999999973,334884000.0,13.930000305175781,0.004514203762123092,1
2006-01-24,2.391195617741229e-05,0.004889985294191823,0.009699999999999986,388896000.0,13.3100004196167,0.007371465506932929,1
2006-01-25,8.070001819304113e-05,-0.00898331888519166,0.011899999999999966,400236000.0,12.869999885559082,0.006583139223105593,0
2006-01-26,0.001129620744488162,0.03360983106902149,0.009899999999999964,448836000.0,12.420000076293945,0.0060588203864135794,0
2006-01-27,0.00035564678475357434,0.01885859975590909,0.009699999999999986,385044000.0,11.970000267028809,0.007370747704995453,1
2006-01-30,0.00012588723537682682,-0.011219948100451571,0.008199999999999985,315780000.0,12.390000343322754,0.004020568896765019,0
2006-01-31,0.0002868315536700379,-0.016936102080172932,0.009500000000000008,384456000.0,12.949999809265137,0.005626374023899751,1
2006-02-01,2.8474810826415413e-07,0.0005336179422247289,0.00990000000000002,450852000.0,12.359999656677246,0.00454755210142255,0
2006-02-02,0.000953576053210447,-0.030880026768292268,0.015699999999999992,473736000.0,13.229999542236328,0.0051588818604649525,1
2006-02-03,8.167538336610017e-05,0.00903744340873569,0.011300000000000032,504252000.0,12.960000038146973,0.00650687491527338,1
2006-02-06,0.0007816950776966324,0.02795881037699266,0.013399999999999967,363468000.0,13.039999961853027,0.005478555423488396,0
2006-02-07,0.0013283254045169494,-0.03644619876635902,0.014300000000000035,399408000.0,13.59000015258789,0.00741624627127744,1
2006-02-08,0.0008100320414613647,0.028461061847045777,0.009399999999999964,393072000.0,12.829999923706055,0.0076586063168910595,1
2006-02-09,0.0002882949892855961,-0.016979251729260514,0.015600000000000003,437100000.0,13.119999885559082,0.007728712822803608,1
2006-02-10,3.276905479218023e-05,-0.005724426153963402,0.01369999999999999,414996000.0,12.869999885559082,0.010072831875441456,1
2006-02-13,1.2585143257010515e-05,0.0035475545460232905,0.007499999999999951,280740000.0,13.350000381469727,0.003355658812010529,0
2006-02-14,2.667008438859816e-06,0.0016330978044378774,0.006199999999999983,342348000.0,12.25,0.004552994782226538,1
2006-02-15,0.0003657718237080706,0.019125162057040734,0.009700000000000042,493296000.0,12.3100004196167,0.003554668538142946,0
2006-02-16,0.002321324837538799,0.04818012907349667,0.015000000000000013,1305888000.0,11.479999542236328,0.03373014566541186,1
2006-02-17,3.3999631670821157e-05,0.005830920310793242,0.029400000000000037,2356956000.0,12.010000228881836,0.013222684891164866,0
2006-02-21,0.00046062793237321213,-0.021462244346135195,0.011699999999999988,684060000.0,12.40999984741211,0.0055379265927047935,0
2006-02-22,3.274244560086216e-06,-0.00180948737494524,0.017100000000000004,939756000.0,11.880000114440918,0.00811962184108252,1
2006-02-23,0.00023663401745508281,-0.015382913165427503,0.008400000000000019,385128000.0,11.869999885559082,0.004363465767861289,0
2006-02-24,6.905204620172369e-08,-0.00026277756030856914,0.008299999999999974,416412000.0,11.460000038146973,0.0048220603035577575,1
2006-02-27,0.001574143460128171,0.039675476810344334,0.018899999999999972,666468000.0,11.59000015258789,0.006850093260418534,1
2006-02-28,6.58644652109981e-05,-0.008115692528120944,0.008599999999999997,563316000.0,12.34000015258789,0.0042610553377078085,0
2006-03-01,0.0014051738240662634,0.037485648241243785,0.018299999999999983,703932000.0,11.539999961853027,0.008053711637834304,1
2006-03-02,1.502194759119768e-06,0.0012256405505366441,0.010999999999999954,545460000.0,11.720000267028809,0.018557872811673946,1
2006-03-03,1.3453741127398875e-05,0.0036679341770810003,0.013000000000000012,595800000.0,11.960000038146973,0.005419859302930136,0
2006-03-06,4.836241648546144e-06,-0.0021991456633306816,0.013600000000000001,529020000.0,12.739999771118164,0.0044193239400480335,0
2006-03-07,0.00029830770052614945,-0.017271586508660675,0.018400000000000027,606204000.0,12.65999984741211,0.009629137356499227,1
2006-03-08,2.4900402539972054e-05,-0.004990030314534377,0.018500000000000016,670800000.0,12.319999694824219,0.01081340080354214,1
2006-03-09,2.744585725097707e-05,0.0052388793888556995,0.009699999999999986,536700000.0,12.680000305175781,0.008227026876926138,0
2006-03-10,0.0003087306638695921,-0.017570733162551644,0.015300000000000036,521580000.0,11.850000381469727,0.006581471337992377,0
2006-03-13,0.00014596741266137756,0.012081697424674132,0.005700000000000038,372132000.0,11.369999885559082,0.0038192879147389788,0
2006-03-14,0.0007370549113656792,0.02714875524523508,0.013899999999999968,627792000.0,10.739999771118164,0.007381621822743984,1
2006-03-15,0.0002541590539245713,0.015942366634994043,0.007900000000000018,510600000.0,11.350000381469727,0.004723268307591514,0
2006-03-16,0.0011814805006989178,-0.03437267084034812,0.016900000000000026,568416000.0,11.979999542236328,0.007324219691774227,1
2006-03-17,6.249186303968289e-05,0.007905179507113225,0.012299999999999978,618588000.0,12.119999885559082,0.008193734917922309,1
2006-03-20,5.863262584890377e-05,-0.007657194384949606,0.00720000000000004,293772000.0,11.789999961853027,0.004911687061639251,0
2006-03-21,0.0023197881064516146,0.04816417866476719,0.018600000000000005,1235472000.0,11.619999885559082,0.010608611294956298,1
2006-03-22,0.0008414864954706318,-0.029008386640256845,0.012699999999999989,1158576000.0,11.210000038146973,0.006010491104600342,0
2006-03-23,0.0003355556863187445,0.018318179121264877,0.0126,661992000.0,11.170000076293945,0.007233989075520422,1
2006-03-24,0.0011123613352355614,0.03335208142283719,0.014499999999999957,687936000.0,11.1899995803833,0.006634258355080156,0
2006-03-27,0.0007111954024352054,0.02666824708216131,0.0131,651444000.0,11.460000038146973,0.0055715092009769535,0
2006-03-28,0.00023039787752047872,0.015178862853339137,0.015600000000000003,795204000.0,11.579999923706055,0.006648255954658015,1
2006-03-29,0.002749276017811292,0.052433539054800526,0.02689999999999998,987096000.0,10.949999809265137,0.007347741211014056,1
2006-03-30,4.4949031792818465e-05,0.006704403910327783,0.013899999999999968,1063308000.0,11.569999694824219,0.005948703873269343,0
2006-03-31,1.264596900531379e-05,-0.003556117124802527,0.01100000000000001,835560000.0,11.390000343322754,0.006695748571479201,1
2006-04-03,0.00012199711801928002,0.011045230555279506,0.015500000000000014,968916000.0,11.569999694824219,0.006313654199543074,0
2006-04-04,0.0020953971962829328,0.04577550869496627,0.02310000000000001,1200612000.0,11.140000343322754,0.007554348103675909,1
2006-04-05,6.535812499021807e-05,0.008084437209244566,0.01830000000000004,1112976000.0,11.130000114440918,0.008538329587414949,1
2006-04-06,3.849204735697148e-06,0.0019619390244595136,0.01319999999999999,789312000.0,11.449999809265137,0.003962402851556771,0
2006-04-07,7.5503701177320885e-06,-0.0027477936817985604,0.013699999999999934,682674000.0,12.260000228881836,0.007205846844071004,1
2006-04-10,0.00030439479429569225,-0.017446913603720637,0.014500000000000068,634230000.0,12.1899995803833,0.004630050366914736,0
2006-04-11,0.0006102190712602606,-0.02470261264037188,0.016900000000000026,702072000.0,13.0,0.008245280881139938,1
2006-04-12,0.0015674651076207642,0.03959122513412239,0.021899999999999975,598308000.0,12.760000228881836,0.005566450704008295,0
2006-04-13,0.0008053791445396589,-0.028379202676249715,0.010999999999999954,738360000.0,12.380000114440918,0.00792903155717663,1
2006-04-17,8.03161264592366e-06,0.002834009993970321,0.01629999999999998,443868000.0,12.579999923706055,0.007240496111130373,0
2006-04-18,0.000572877742515125,-0.023934864581090176,0.016199999999999992,1165488000.0,11.399999618530273,0.010377872365933348,1
2006-04-19,3.8340495551139635e-05,0.006191970247921064,0.018000000000000016,517476000.0,11.319999694824219,0.007394416563376487,0
2006-04-20,2.077540239277922e-06,-0.0014413674893232198,0.020299999999999985,552684000.0,11.640000343322754,0.006229589272494909,0
2006-04-21,0.0013488286230435374,-0.03672640226109192,0.026600000000000013,770016000.0,11.59000015258789,0.009236425340866942,1
2006-04-24,0.0009191878908076637,0.030318111596992048,0.02429999999999999,676848000.0,11.75,0.007593156304941311,0
2006-04-25,6.88693455541171e-07,-0.0008298755662996538,0.01469999999999999,719766000.0,11.75,0.004559349047928596,0
2006-04-26,4.72364697041499e-05,-0.006872879287762146,0.017699999999999994,330528000.0,11.760000228881836,0.007128648024023438,1
2006-04-27,0.0002548445383994498,0.015963850989014206,0.024400000000000033,462966000.0,11.84000015258789,0.009216268016087204,1
2006-04-28,2.702937231208833e-06,0.0016440612005667044,0.01090000000000002,284736000.0,11.59000015258789,0.003614058020709562,0
2006-05-01,0.003125120541287121,0.05590277758114637,0.03419999999999995,902472000.0,12.539999961853027,0.011028634847027461,1
2006-05-02,1.8500022632639036e-06,-0.0013601478828656477,0.019500000000000073,539700000.0,11.989999771118164,0.009351626897534765,0
2006-05-03,4.3417176140695475e-05,0.006589171126985205,0.01529999999999998,378114000.0,11.989999771118164,0.011052352455993616,1
2006-05-04,4.3417176140695475e-05,-0.006589171126985205,0.015199999999999991,511128000.0,11.859999656677246,0.006483542298132855,0
2006-05-05,0.00018276171150158433,0.013518938993189678,0.013399999999999967,338184000.0,11.619999885559082,0.004250890387177956,0
2006-05-08,1.9552391367299935e-05,-0.00442180860817154,0.017100000000000004,503622000.0,12.0,0.006919400700467715,1
2006-05-09,0.0009558100485034152,-0.03091617777965794,0.018500000000000072,561648000.0,11.989999771118164,0.005557884215084563,0
2006-05-10,0.0005066545810267314,-0.02250898889392261,0.016000000000000014,753264000.0,11.779999732971191,0.006648366183780402,1
2006-05-11,0.001311678219581101,-0.03621709844232557,0.031000000000000028,1201110000.0,12.489999771118164,0.013113531551251584,1
2006-05-12,0.00611803826112864,-0.0782178896489073,0.03650000000000003,1568172000.0,14.1899995803833,0.015780739508893533,1
2006-05-15,0.00020966724338099027,0.014479891000314549,0.014800000000000035,553380000.0,13.569999694824219,0.011133896685385529,0
2006-05-16,0.0007092540059330377,-0.026631823180793268,0.01709999999999995,497532000.0,13.350000381469727,0.006115959426159513,0
2006-05-17,0.0016979786057678304,-0.041206535959333324,0.0262,841074000.0,16.260000228881836,0.010586284574786099,1
2006-05-18,0.0021386303701744604,-0.04624532809024562,0.026600000000000013,686730000.0,16.989999771118164,0.014129874761455365,1
2006-05-19,0.00042770133654706046,0.02068094138445009,0.018199999999999994,932808000.0,17.18000030517578,0.008375299141661753,0
2006-05-22,0.00018649525204029468,-0.0136563264474856,0.015199999999999991,734886000.0,17.719999313354492,0.00894369455044667,1
2006-05-23,0.00011681715949758813,-0.010808198716603434,0.023799999999999988,532314000.0,18.260000228881836,0.009927550897236055,1
2006-05-24,0.00016399879376657948,0.01280620137927635,0.02250000000000002,579522000.0,17.360000610351562,0.013640091993212498,1
2006-05-25,2.759711238468045e-05,-0.005253295383345624,0.017799999999999983,423666000.0,15.5,0.008170269886864303,0
2006-05-26,4.018063623568587e-06,0.002004510819020089,0.007500000000000007,294642000.0,14.260000228881836,0.0018916623273945608,0
2006-05-30,0.001823384421813497,-0.04270110562753027,0.017600000000000005,448788000.0,18.65999984741211,0.006809632987695375,1
2006-05-31,2.728282129654765e-07,0.0005223296018468382,0.01100000000000001,598422000.0,16.440000534057617,0.00644061689390041,0
2006-06-01,0.0025909701100561614,0.05090157276603702,0.021700000000000053,537126000.0,14.520000457763672,0.00799078145674101,1
2006-06-02,0.00021015227485271038,-0.01449662977566546,0.018299999999999983,673710000.0,14.319999694824219,0.011908794789410353,1
2006-06-05,0.001845025057369937,-0.042953754869276994,0.022999999999999965,581052000.0,16.649999618530273,0.010107173364156499,0
2006-06-06,0.0007383550482600868,-0.027172689382173543,0.0257,824130000.0,17.34000015258789,0.012216115836033395,1
2006-06-07,0.00032342914502727456,-0.017984135926623623,0.01419999999999999,565380000.0,17.799999237060547,0.01144979340877982,0
2006-06-08,0.00034572085327708185,-0.018593570213304433,0.02150000000000002,730572000.0,18.350000381469727,0.0108783176664999,0
2006-06-09,1.1336733093629197e-05,-0.0033670065479041167,0.015000000000000013,433824000.0,18.1200008392334,0.008594411062377488,0
2006-06-12,0.0032106450549523624,-0.056662554257219666,0.020100000000000007,463230000.0,20.959999084472656,0.009677461059407462,1
2006-06-13,0.00024298093037001303,-0.015587845597452299,0.015000000000000013,532548000.0,23.809999465942383,0.015492028142109678,1
2006-06-14,0.0008342825265790911,0.028883949289858046,0.012199999999999989,480492000.0,21.459999084472656,0.009019739793404279,0
2006-06-15,0.007031010336862864,0.08385112006922069,0.021399999999999975,837336000.0,15.899999618530273,0.009774911800874649,1
2006-06-16,0.0006747258938859783,-0.02597548640326064,0.01150000000000001,503448000.0,17.25,0.007040056445820498,0
2006-06-19,0.0009225518398646513,-0.030373538481129447,0.017500000000000016,388044000.0,17.829999923706055,0.00744723699425257,1
2006-06-20,0.0002505872007768599,-0.015829946328931754,0.013299999999999979,535818000.0,16.690000534057617,0.009300647673327602,1
2006-06-21,0.00012020396048909913,0.01096375667775873,0.010799999999999976,441174000.0,15.520000457763672,0.004232556384513358,0
2006-06-22,0.0008823961987545781,-0.029705154413915746,0.017299999999999982,532338000.0,15.880000114440918,0.00987872782151146,1
2006-06-23,3.493005808928963e-07,0.0005910165656670685,0.010999999999999954,335202000.0,15.890000343322754,0.006799779710871737,0
2006-06-26,9.022034115989047e-05,-0.00949843888014712,0.008000000000000007,281736000.0,15.619999885559082,0.0031451032786500278,0
2006-06-27,0.001031949728899259,-0.032123974363382546,0.017500000000000016,608514000.0,16.399999618530273,0.008235291138451983,1
2006-06-28,0.00291100711443402,0.05395374977176304,0.029299999999999993,833376000.0,15.789999961853027,0.00861075597628675,1
2006-06-29,0.0019568290703280804,0.044236060746048356,0.026000000000000023,687666000.0,13.029999732971191,0.017854212310720756,1
2006-06-30,9.095893138991722e-05,-0.009537239191187208,0.015100000000000002,468240000.0,13.079999923706055,0.006278340665407238,0
2006-07-03,0.00021169612757663409,0.014549781014731256,0.005800000000000027,174696000.0,13.050000190734863,0.0055434289778457605,0
2006-07-05,0.002120044272721317,-0.046043938501406645,0.01369999999999999,459708000.0,14.149999618530273,0.010354400344979378,1
2006-07-06,0.0009807659295131147,-0.031317182656061426,0.017500000000000016,470634000.0,13.649999618530273,0.0060920152223265045,0
2006-07-07,0.0010055224445416852,-0.031709973896893784,0.017000000000000015,541230000.0,13.970000267028809,0.006445338673768143,1
2006-07-10,0.001965957406759404,-0.04433911824517267,0.020000000000000018,449922000.0,14.020000457763672,0.007951464841482672,1
2006-07-11,0.0010972025178158022,0.0331240474250325,0.01699999999999996,600582000.0,13.140000343322754,0.010348889432092395,1
2006-07-12,0.002445131941416929,-0.04944827541398111,0.018199999999999994,461034000.0,14.489999771118164,0.011234123060865955,1
2006-07-13,0.0006765271662910352,-0.026010135837612136,0.012199999999999989,540582000.0,17.790000915527344,0.010160147103472274,0
2006-07-14,2.5810984724987318e-05,-0.005080451232418959,0.017000000000000015,572148000.0,18.049999237060547,0.008801044613440546,0
2006-07-17,6.052074785851472e-05,0.007779508201584129,0.008500000000000008,502806000.0,18.639999389648438,0.006301351332310536,0
2006-07-18,0.002824356932258825,0.05314467924692767,0.020199999999999996,979332000.0,17.739999771118164,0.017478631626542996,1
2006-07-19,0.00183519089352979,0.04283912806687118,0.021399999999999975,1055550000.0,15.550000190734863,0.01246133569722166,0
2006-07-20,0.00040387003750930276,-0.02009651804441015,0.018600000000000005,505602000.0,16.209999084472656,0.016439020198476362,1
2006-07-21,0.0060701081407473515,-0.07791089872891566,0.01689999999999997,633918000.0,17.399999618530273,0.012139772593522285,0
2006-07-24,0.009189614982216607,0.09586247953300919,0.028000000000000025,983178000.0,14.979999542236328,0.02449736246466774,1
2006-07-25,0.0012018791646079398,0.034668128945876786,0.015800000000000036,574104000.0,14.850000381469727,0.018644085731749506,0
2006-07-26,0.0,0.0,0.014000000000000012,495318000.0,14.619999885559082,0.012304232156963787,0
2006-07-27,0.0001994318788553324,0.014122035223555152,0.019600000000000006,694338000.0,14.9399995803833,0.011410783647359543,0
2006-07-28,0.009737231151801893,0.09867740953126958,0.029299999999999993,815298000.0,14.329999923706055,0.01237600267129488,1
2006-07-31,0.0005554652846598505,-0.02356831102688206,0.009699999999999986,594762000.0,14.949999809265137,0.00704527389109111,0
2006-08-01,0.0016756675683037765,-0.04093491869179389,0.01770000000000005,600966000.0,15.050000190734863,0.012826332745222825,1
2006-08-02,0.005435337511421818,0.0737247415147847,0.021999999999999964,756774000.0,14.34000015258789,0.015235996567248802,1
2006-08-03,0.0037260118325105293,0.061041066770744834,0.041000000000000036,890568000.0,14.460000038146973,0.013317961857968099,0
2006-08-04,0.00018668061771860933,-0.013663111567963182,0.027200000000000002,818232000.0,14.34000015258789,0.01911863449889036,1
2006-08-07,0.00013392174232934416,-0.011572456192586955,0.012699999999999989,436146000.0,15.229999542236328,0.009237451599607217,0
2006-08-08,0.0006875935115382153,0.02622200433868882,0.016900000000000026,619806000.0,15.229999542236328,0.011003323275865961,1
2006-08-09,2.4314431307935557e-07,-0.0004930966569338668,0.022499999999999964,584706000.0,15.199999809265137,0.005734929367677704,0
2006-08-10,4.8011119963736995e-05,-0.00692900569805921,0.010800000000000032,1072140000.0,14.460000038146973,0.029310976355966998,1
2006-08-11,0.0010268902755604528,-0.032045128733716344,0.028200000000000003,1603272000.0,14.300000190734863,0.01650706357358937,0
2006-08-14,2.643398882290449e-05,-0.005141399500418586,0.013000000000000012,809412000.0,14.260000228881836,0.01068788101767704,0
2006-08-15,0.008425305451063353,0.09178946263631438,0.033299999999999996,902172000.0,13.420000076293945,0.010958266793191122,1
2006-08-16,0.0047968526522123205,0.06925931455199597,0.04099999999999998,1029246000.0,12.40999984741211,0.015536937507562786,1
2006-08-17,0.0002464775604078414,-0.01569960382964619,0.017800000000000038,814224000.0,12.239999771118164,0.011142591740668848,0
2006-08-18,0.0002604446149692383,0.01613829653244847,0.02479999999999999,665898000.0,11.640000343322754,0.019295033189936323,1
2006-08-21,0.0014090953868046603,-0.03753791931906536,0.011800000000000033,500220000.0,12.220000267028809,0.007252117442145825,0
2006-08-22,2.544275048178797e-06,-0.0015950783830830373,0.01319999999999999,473928000.0,12.1899995803833,0.006830596010603467,0
2006-08-23,4.6838235034866467e-07,-0.0006843846508716167,0.017799999999999983,485412000.0,12.399999618530273,0.007086212954931317,1
2006-08-24,0.00010438530260052703,0.010216912576729187,0.012699999999999989,260802000.0,12.399999618530273,0.005428303152779552,0
2006-08-25,1.0032571391388988e-05,-0.003167423462593688,0.01419999999999999,238314000.0,12.3100004196167,0.0055658843672826055,1
2006-08-28,0.0011467558505116383,0.03386378375952159,0.021699999999999997,764562000.0,12.180000305175781,0.010688461725679688,1
2006-08-29,0.0019666555388000145,0.04434699018873789,0.021799999999999986,727962000.0,12.279999732971191,0.0074458127479519595,0
2006-08-30,0.00041324518249590567,0.020328432858828682,0.013299999999999979,681564000.0,12.220000267028809,0.004936483226933376,0
2006-08-31,1.3711809172931718e-05,-0.003702946012694719,0.013299999999999979,511278000.0,12.3100004196167,0.007913583717326488,1
2006-09-01,0.0018450436703884984,-0.0429539715321936,0.018799999999999983,605742000.0,11.960000038146973,0.008225761232945902,1
2006-09-05,0.000471219832504339,0.021707598496939706,0.017299999999999982,549354000.0,12.630000114440918,0.00999815996363424,1
2006-09-06,0.0026423818927030175,-0.05140410385079208,0.017299999999999982,493572000.0,13.739999771118164,0.007533097595195572,0
2006-09-07,0.0003900813582158761,0.019750477417416423,0.031299999999999994,742836000.0,13.880000114440918,0.00984352720608104,1
2006-09-08,1.0589504664276097e-05,0.0032541519116777717,0.01799999999999996,447978000.0,13.15999984741211,0.008949489001358625,0
2006-09-11,0.00023289533587153902,0.015260908749859525,0.028000000000000025,598266000.0,12.989999771118164,0.011019539377806602,1
2006-09-12,0.0006815621782353623,0.02610674583772099,0.018699999999999994,498432000.0,11.920000076293945,0.005630040537196348,0
2006-09-13,6.187249036772327e-05,0.007865906836959313,0.01050000000000001,476286000.0,11.180000305175781,0.006436550370075948,1
2006-09-14,1.3825340799994347e-05,-0.003718244316877839,0.014900000000000024,428814000.0,11.550000190734863,0.003887157929979087,0
2006-09-15,0.0003790740048987714,0.019469822929312208,0.012500000000000011,649764000.0,11.760000228881836,0.009055344319476138,1
2006-09-18,0.0013731495473117636,0.037056032536036065,0.019699999999999995,793896000.0,11.779999732971191,0.00437022503290471,0
2006-09-19,0.0006946611420119568,-0.026356425061300648,0.017900000000000027,708054000.0,11.979999542236328,0.006483089067583341,1
2006-09-20,0.001288394330179083,0.035894210259860615,0.01330000000000009,511884000.0,11.390000343322754,0.004798080031698229,0
2006-09-21,6.674338119747164e-05,-0.008169662245005704,0.013600000000000056,539106000.0,12.25,0.006060548231469723,1
2006-09-22,0.0009082444600943898,-0.03013709442023882,0.02250000000000002,653334000.0,12.59000015258789,0.00802761933837601,1
2006-09-25,0.0012529246746410634,0.03539667603943997,0.026100000000000012,684486000.0,12.119999885559082,0.0072797616463962335,0
2006-09-26,0.0004581672927326519,-0.021404842740199048,0.01819999999999994,516120000.0,11.529999732971191,0.006868659747917108,0
2006-09-27,8.891209736123216e-06,-0.0029818131625108935,0.020799999999999985,578142000.0,11.579999923706055,0.008445320570742862,1
2006-09-28,0.0003645861264582702,-0.019094138536688954,0.014300000000000035,647346000.0,11.720000267028809,0.014211449484879849,1
2006-09-29,6.583035418980535e-07,0.0008113590708792584,0.009500000000000008,373890000.0,11.979999542236328,0.004649018993410174,0
2006-10-02,0.0006590205926265869,-0.02567139639027427,0.017299999999999982,647442000.0,12.569999694824219,0.007572329355413443,1
2006-10-03,0.00035721697828070296,-0.018900184609699,0.014100000000000001,907692000.0,12.239999771118164,0.007950622578977256,1
2006-10-04,0.008766961155975526,0.09363205196926705,0.04720000000000002,1460382000.0,11.859999656677246,0.013624909481735725,1
2006-10-05,0.0008287966450878512,-0.028788828477168904,0.019199999999999995,662682000.0,11.979999542236328,0.00703160120993287,0
2006-10-06,0.0005736451162096694,0.023950889674700382,0.018100000000000005,593610000.0,11.5600004196167,0.006479205132891107,0
2006-10-09,0.0038955748792970793,0.06241454060791507,0.04269999999999996,932304000.0,11.680000305175781,0.012746553162552729,1
2006-10-10,0.0005310544308906513,-0.023044618263070693,0.018000000000000016,624648000.0,11.520000457763672,0.008100330628640788,0
2006-10-11,3.112896560984707e-05,0.005579333796238317,0.023499999999999965,481944000.0,11.619999885559082,0.009492497994904477,1
2006-10-12,1.5109501357261115e-05,0.0038870942048349066,0.019000000000000017,414720000.0,11.09000015258789,0.004660545650836536,0
2006-10-13,0.001517154805416638,0.0389506714373018,0.0353,584190000.0,10.75,0.007275201908924238,1
2006-10-16,3.1627441558105436e-06,-0.0017784105700907604,0.02200000000000002,478968000.0,11.09000015258789,0.004787503721414869,0
2006-10-17,0.0015226676148097933,-0.03902137382012316,0.021499999999999964,526506000.0,11.729999542236328,0.008486571921083045,1
2006-10-18,0.0007194909310206476,-0.02682332811231014,0.03200000000000003,822750000.0,11.34000015258789,0.008022232391076366,0
2006-10-19,0.00035467994291691745,0.018832948333092125,0.020199999999999996,473040000.0,10.899999618530273,0.006512418197245567,0
2006-10-20,0.00013536355027087671,-0.01163458423283259,0.018299999999999983,359478000.0,10.630000114440918,0.009068565763446137,1
2006-10-23,4.393282947753142e-05,-0.00662818447823621,0.01649999999999996,280248000.0,11.079999923706055,0.004865121840015291,0
2006-10-24,0.000831800414444709,0.028840950304119817,0.02189999999999992,519288000.0,10.779999732971191,0.00890602013979859,1
2006-10-25,8.441683086366128e-05,0.009187863237100413,0.017300000000000093,389436000.0,10.65999984741211,0.00559701580047391,0
2006-10-26,0.0009705745570665179,0.03115404559710533,0.017799999999999927,366690000.0,10.5600004196167,0.003735820227080944,0
2006-10-27,0.0019395939912899922,-0.04404082187346181,0.043200000000000016,566988000.0,10.800000190734863,0.008655756293347971,1
2006-10-30,0.00014332350236160237,0.01197177941500771,0.018299999999999983,479592000.0,11.199999809265137,0.006533478493295474,0
2006-10-31,0.0038576176484702387,0.06210972265652326,0.025900000000000034,996174000.0,11.100000381469727,0.009755877632992812,1
2006-11-01,0.006464357095227917,-0.0804012257072485,0.05049999999999999,1176540000.0,11.510000228881836,0.009761380934582994,1
2006-11-02,4.536415921332635e-05,-0.006735292065926046,0.0252,862944000.0,11.420000076293945,0.011091051217181805,1
2006-11-03,0.0003882176520954785,0.019703239634524028,0.014000000000000012,548070000.0,11.15999984741211,0.005495419896752555,0
2006-11-06,0.0008950821479804736,0.029917923523875678,0.029299999999999993,739602000.0,11.15999984741211,0.0077918392547940704,1
2006-11-07,0.00022710101863930793,0.015069871221722764,0.013500000000000068,553254000.0,11.09000015258789,0.005431073206056619,0
2006-11-08,0.0002152896605939144,0.014672752318291016,0.02070000000000005,648324000.0,10.75,0.008674669250976801,1
2006-11-09,0.00038985813396730685,0.01974482549852763,0.020099999999999896,1207758000.0,11.010000228881836,0.012675977124583685,1
2006-11-10,0.0005971977502578866,-0.024437629800328153,0.026499999999999968,1317192000.0,10.789999961853027,0.01149192149757282,0
2006-11-13,0.0019625129383040118,0.04430025889657996,0.026700000000000057,852282000.0,10.859999656677246,0.012318288971096493,1
2006-11-14,9.900908408750898e-05,0.009950330853168099,0.022199999999999998,628530000.0,10.5,0.007538766044938009,0
2006-11-15,0.00027686693691570275,-0.01663931900396476,0.01980000000000004,491892000.0,10.3100004196167,0.008360903524856906,1
2006-11-16,0.0001647813479336389,0.01283671873703085,0.012499999999999956,457182000.0,10.15999984741211,0.002417874371483363,0
2006-11-17,7.005640735765527e-06,0.0026468170952609338,0.011199999999999988,361608000.0,10.050000190734863,0.002751157863786745,1
2006-11-20,8.78485601709411e-05,0.009372756273953842,0.020999999999999908,608634000.0,9.970000267028809,0.006701071055867678,1
2006-11-21,0.00024556218071961473,-0.015670423756861673,0.01649999999999996,387384000.0,9.899999618530273,0.004931191850740181,0
2006-11-22,0.0002882829196364294,0.0169788963020695,0.01200000000000001,240258000.0,10.140000343322754,0.00433907849248117,0
2006-11-24,5.370583132212501e-05,0.007328426251394293,0.01440000000000008,144336000.0,10.729999542236328,0.004413833935722947,1
2006-11-27,0.0021304623040665077,-0.04615693126786602,0.03649999999999998,585294000.0,12.300000190734863,0.007502783837364514,1
2006-11-28,0.0003429551302052265,0.018519047767237562,0.02749999999999997,480966000.0,11.619999885559082,0.005410737145498977,0
2006-11-29,0.00021234921274412738,0.014572206859090608,0.013000000000000012,579792000.0,10.829999923706055,0.007126910501468255,1
2006-11-30,0.00017929588343782376,0.01339014127773952,0.020500000000000074,583632000.0,10.90999984741211,0.004592734503566505,0
2006-12-01,0.001603606776060817,-0.04004505932147956,0.023500000000000076,785010000.0,11.65999984741211,0.007965724585426825,1
2006-12-04,0.001577725642152126,0.03972059468527789,0.0262,621570000.0,11.229999542236328,0.006324043173276915,0
2006-12-05,0.00010557358646711235,-0.01027490080084048,0.010300000000000087,663354000.0,11.270000457763672,0.004265121575753701,0
2006-12-06,1.7222261610173849e-06,-0.0013123361463502348,0.011199999999999988,478242000.0,11.329999923706055,0.00368963632931217,0
2006-12-07,0.0005966248297036357,-0.024425904890170103,0.0233000000000001,486894000.0,12.670000076293945,0.005500770249495422,1
2006-12-08,1.135584266385993e-05,-0.003369843121550309,0.019000000000000017,564858000.0,12.069999694824219,0.004429831950513554,0
2006-12-11,0.00029134009228008165,0.01706868747971213,0.01849999999999996,515484000.0,10.710000038146973,0.0053153245925452825,1
2006-12-12,0.00010692219600898063,-0.010340318951027605,0.011699999999999933,568116000.0,10.649999618530273,0.003534875038460929,0
2006-12-13,0.00013611419889742745,0.011666798999615424,0.007000000000000006,491952000.0,10.180000305175781,0.0042860330404253105,1
2006-12-14,0.00030886542172720336,0.017574567469135716,0.014000000000000012,715380000.0,9.970000267028809,0.00583564229714553,1
2006-12-15,0.00030384121578182877,0.01743104172967952,0.010700000000000043,746094000.0,10.050000190734863,0.0036204297093496932,0
2006-12-18,0.00029351908659666474,0.017132398740300925,0.018000000000000016,688356000.0,10.600000381469727,0.005621404203295876,1
2006-12-19,0.0002063896654155178,0.014366268319070119,0.021499999999999964,545622000.0,10.300000190734863,0.005986418756838893,1
2006-12-20,0.0001295581982666907,-0.01138236347454652,0.0121,306594000.0,10.260000228881836,0.004848135326363347,0
2006-12-21,7.503290394548748e-05,-0.008662153539708672,0.018000000000000016,367920000.0,10.529999732971191,0.005603776904620422,1
2006-12-22,0.0005766087668050157,-0.024012679292511607,0.019100000000000006,370170000.0,11.359999656677246,0.005515993165539557,0
2006-12-26,1.050385955128124e-07,-0.0003240965836179277,0.011499999999999955,228192000.0,11.260000228881836,0.0027772365085755773,0
2006-12-27,0.00017430797717583063,0.013202574641933695,0.00759999999999994,264954000.0,10.640000343322754,0.0036221022450530624,1
2006-12-28,5.218220472077255e-05,-0.007223725127714409,0.00869999999999993,213912000.0,10.989999771118164,0.003061888870638131,0
2006-12-29,3.972845405778126e-05,-0.006303051170487295,0.01750000000000007,386094000.0,11.5600004196167,0.004915445176929741,1
2007-01-03,0.0006477454706757586,-0.025450844203596834,0.045499999999999985,1154820000.0,12.039999961853027,0.01482793091994866,1
2007-01-04,2.1785117950570845e-05,-0.0046674530474950515,0.01749999999999996,797298000.0,11.510000228881836,0.0047072665035293865,0
2007-01-05,0.0041868171916863975,-0.06470561947533149,0.02969999999999995,1243344000.0,12.140000343322754,0.010505755471546703,1
2007-01-08,5.563288126642868e-05,0.007458745287675983,0.022699999999999942,657270000.0,12.0,0.006072253108738395,0
2007-01-09,0.0003862804385401149,-0.019654018381494276,0.01629999999999998,764166000.0,11.90999984741211,0.00908135353678088,1
2007-01-10,0.002312199877700096,0.048085339529841065,0.046699999999999964,1108746000.0,11.470000267028809,0.01029793789182147,1
2007-01-11,1.4367843673440544e-05,-0.0037904938561407198,0.016199999999999992,924504000.0,10.869999885559082,0.005459950728471286,0
2007-01-12,0.0001834670032664372,0.013544999197727448,0.021500000000000075,698190000.0,10.149999618530273,0.010571914856108927,1
2007-01-16,2.8952683854434137e-06,0.0017015488195886164,0.010499999999999954,711864000.0,10.739999771118164,0.009205833325617257,0
2007-01-17,0.00045397324651662085,-0.021306647941819024,0.009800000000000031,707934000.0,10.59000015258789,0.004225432903420375,0
2007-01-18,0.00744516651097021,-0.08628537831504368,0.049799999999999955,1501638000.0,10.850000381469727,0.012164702463186345,1
2007-01-19,3.424395641029589e-05,0.005851833593865763,0.023499999999999965,942606000.0,10.399999618530273,0.009805224713548447,0
2007-01-22,0.0,0.0,0.015700000000000047,730644000.0,10.770000457763672,0.003925958308516501,0
2007-01-23,1.4165010521175446e-07,0.0003763643251050164,0.02100000000000002,630354000.0,10.34000015258789,0.006667180923952563,1
2007-01-24,0.0009346526359746532,0.03057208916601306,0.019399999999999973,685722000.0,9.890000343322754,0.011256457701846122,1
2007-01-25,0.001271992111623753,-0.03566499841053905,0.028800000000000048,616284000.0,11.220000267028809,0.007270192923632863,0
2007-01-26,6.66649502687716e-05,-0.008164860701124765,0.023499999999999965,829584000.0,11.130000114440918,0.010678986224751974,1
2007-01-29,0.0017518626001982675,-0.04185525773661258,0.023999999999999966,1258284000.0,11.449999809265137,0.015957803841492223,1
2007-01-30,0.0003648370724570233,0.019100708689915757,0.01419999999999999,636174000.0,10.960000038146973,0.004816046499088119,0
2007-01-31,1.3784546952022348e-05,-0.0037127546312707427,0.011900000000000022,467976000.0,10.420000076293945,0.006057187416198648,1
2007-02-01,0.00015989230362559436,0.012644852851085076,0.015000000000000013,650898000.0,10.3100004196167,0.011281005366308298,1
2007-02-02,0.0006636974125187148,0.025762325448583145,0.01749999999999996,586590000.0,10.079999923706055,0.005180041481221838,0
2007-02-05,0.0002643057287883631,0.01625748224013679,0.011500000000000066,579906000.0,10.550000190734863,0.006868639101812862,1
2007-02-06,0.0012228919313943946,0.034969871766913796,0.022199999999999998,775386000.0,10.649999618530273,0.01243531312688005,1
2007-02-07,0.001465139804305765,0.038277144672843155,0.02200000000000002,761058000.0,10.319999694824219,0.0061192147515922585,0
2007-02-08,0.00016910621168588906,-0.013004084423206774,0.014500000000000068,726276000.0,10.4399995803833,0.006815548597193511,1
2007-02-09,0.0026593504535386055,-0.051568890365593534,0.03869999999999996,937956000.0,11.100000381469727,0.008884129098858478,1
2007-02-12,0.0004757247572045741,0.021811115450718566,0.025699999999999945,789360000.0,11.609999656677246,0.009361004542210371,1
2007-02-13,0.0003497693439517528,0.018702121375709035,0.011700000000000044,849732000.0,10.34000015258789,0.011242545554948854,1
2007-02-14,0.0001774989251489738,-0.01332287225597295,0.017199999999999993,1081848000.0,10.229999542236328,0.007435595273705616,0
2007-02-15,3.462078709804481e-05,0.005883943158974669,0.011800000000000033,488682000.0,10.220000267028809,0.006420546779245905,0
2007-02-16,0.0009644150216238351,-0.031055032146559358,0.017100000000000004,915060000.0,10.020000457763672,0.0038336689976365174,0
2007-02-20,8.002638148816972e-05,0.008945746558458367,0.01090000000000002,625578000.0,10.239999771118164,0.0024845157573333237,0
2007-02-21,0.000225475662653861,-0.015015847050828035,0.015000000000000013,655332000.0,10.199999809265137,0.005619100284418442,1
2007-02-22,4.1432443590692796e-05,0.006436803833479221,0.015100000000000002,655452000.0,10.180000305175781,0.004794575037720517,0
2007-02-23,5.692895425674443e-06,-0.002385978923979515,0.007000000000000006,403050000.0,10.579999923706055,0.0036103895841489504,0
2007-02-26,0.0002419850677695884,-0.015555869238637499,0.014799999999999924,494070000.0,11.149999618530273,0.003424681359508507,0
2007-02-27,0.0009308134261498408,-0.03050923509611214,0.023699999999999943,714630000.0,18.309999465942383,0.00807629201756713,1
2007-02-28,3.351584074092523e-05,-0.005789286721257225,0.016000000000000014,780048000.0,15.420000076293945,0.003965130838353268,0
2007-03-01,0.00015534250210471408,-0.012463647223213359,0.02100000000000002,837228000.0,15.819999694824219,0.008713269160402142,1
2007-03-02,0.0007851045302372927,-0.02801971681222515,0.016800000000000037,682728000.0,18.610000610351562,0.0064303085901171505,0
2007-03-05,0.0012007864064772303,-0.034652365092115,0.019499999999999962,663558000.0,19.6299991607666,0.007505070530463149,1
2007-03-06,0.003313615913613846,0.057564015787763156,0.025399999999999978,805974000.0,15.960000038146973,0.008526013865858682,1
2007-03-07,0.0008278978274117306,-0.028773213713656154,0.016299999999999926,811656000.0,15.239999771118164,0.005809020011313788,0
2007-03-08,0.0016420267488071894,0.04052192923352971,0.016000000000000014,770622000.0,14.289999961853027,0.00755178444849101,1
2007-03-09,0.00010351479299207489,-0.010174221984607712,0.02399999999999991,555306000.0,14.09000015258789,0.005087590242269475,0
2007-03-12,3.501298398173923e-05,-0.005917177028088583,0.010800000000000032,428010000.0,13.989999771118164,0.001758771456035604,0
2007-03-13,0.001853301979660527,-0.043049993956567834,0.019499999999999962,617070000.0,18.1299991607666,0.0058089109661695415,1
2007-03-14,2.4690507065919905e-05,-0.004968954323187114,0.02100000000000002,971610000.0,17.270000457763672,0.007295707910263353,1
2007-03-15,0.000100252144590766,-0.010012599292429814,0.01529999999999998,655752000.0,16.43000030517578,0.004988385699670843,0
2007-03-16,8.984658695580147e-05,-0.009478743954543845,0.009000000000000008,525648000.0,16.790000915527344,0.003172615329979822,0
2007-03-19,2.357991827335152e-05,0.004855915801715627,0.009199999999999986,461508000.0,14.59000015258789,0.004550008462262907,1
2007-03-20,2.357991827335152e-05,-0.004855915801715627,0.013500000000000012,656490000.0,13.270000457763672,0.005755384996291329,1
2007-03-21,0.003088008357367831,0.055569851154810834,0.024999999999999967,1268376000.0,12.1899995803833,0.012590486277461132,1
2007-03-22,0.0004745008105604941,0.021783039516111935,0.01579999999999998,810954000.0,12.930000305175781,0.004992244863612283,0
2007-03-23,0.00012607531324452742,-0.011228326377716646,0.014500000000000068,524640000.0,12.949999809265137,0.002905960303820829,0
2007-03-26,3.916532069602531e-06,0.0019790230088613248,0.013300000000000034,447336000.0,13.15999984741211,0.0065045390129534,1
2007-03-27,0.0003595101028474169,-0.018960751642469686,0.00990000000000002,469020000.0,13.479999542236328,0.0058989689424412866,0
2007-03-28,0.00037354149013786136,-0.01932722148002297,0.010300000000000031,459504000.0,14.979999542236328,0.005301124890270026,0
2007-03-29,0.0003102956383917523,-0.017615210427120997,0.024300000000000044,719016000.0,15.140000343322754,0.00816611381909027,1
2007-03-30,8.542513284700746e-06,0.002922757821767097,0.011099999999999999,581244000.0,14.640000343322754,0.007074033434457823,0
2007-04-02,1.0875605394651457e-06,-0.0010428617067785861,0.011199999999999988,400830000.0,14.529999732971191,0.0049332544100704825,0
2007-04-03,1.5783320915887158e-05,-0.003972822789388819,0.011699999999999988,473724000.0,13.460000038146973,0.007879882793619356,1
2007-04-04,4.3987352639073235e-06,-0.0020973162050361704,0.005500000000000005,361692000.0,13.239999771118164,0.0032697800293933696,0
2007-04-05,0.006102577044979749,0.07811899285692148,0.037199999999999955,1332900000.0,13.229999542236328,0.01311317018327766,1
2007-04-09,0.0003320883923760552,-0.018223292577798755,0.016100000000000003,640950000.0,13.140000343322754,0.005869776355897323,0
2007-04-10,0.0001068330888835372,-0.010336009330662255,0.011300000000000032,794220000.0,12.680000305175781,0.00330230139752487,0
2007-04-11,0.00032926494664317803,-0.018145659168053885,0.016699999999999937,810150000.0,13.489999771118164,0.0035753463354672244,1
2007-04-12,0.0007888289499210481,0.02808609887330471,0.021299999999999986,743640000.0,12.710000038146973,0.0053866388635973724,1
2007-04-13,6.84636910745374e-05,0.008274278885470165,0.013000000000000067,638694000.0,12.199999809265137,0.004734875579142219,0
2007-04-16,2.8210053802065494e-05,-0.005311313754812974,0.011700000000000044,671838000.0,11.979999542236328,0.004786695941864308,1
2007-04-17,8.879142386126532e-05,0.009422920134505297,0.022399999999999975,1059108000.0,12.140000343322754,0.00810551337128409,1
2007-04-18,0.00015443888889390088,0.012427344402321072,0.01440000000000008,683802000.0,12.420000076293945,0.0046168013721156875,0
2007-04-19,0.00018518473565267386,0.013608259831906278,0.015800000000000036,568056000.0,12.539999961853027,0.006563399703446347,1
2007-04-20,0.00013767900749375023,0.01173366982208679,0.00880000000000003,590052000.0,12.069999694824219,0.006305094566295557,0
2007-04-23,0.0002723891468288013,-0.016504216031935637,0.008700000000000041,595272000.0,13.039999961853027,0.011771208357918807,1
2007-04-24,0.0013681937899066533,0.03698910366454766,0.019100000000000006,1028088000.0,13.119999885559082,0.006469627354168845,0
2007-04-25,0.000288917602405404,0.01699757636857102,0.015599999999999947,509640000.0,13.210000038146973,0.004586091254389222,0
2007-04-26,0.00015443019682440424,0.012426994681917436,0.016000000000000014,500070000.0,12.789999961853027,0.008533846085034375,1
2007-04-27,0.00018265351577963118,-0.013514936765654184,0.02069999999999994,554058000.0,12.449999809265137,0.010379765829220565,1
2007-04-30,2.9784697344067133e-05,-0.005457535830763471,0.017699999999999938,563388000.0,14.220000267028809,0.007478622075309504,0
2007-05-01,0.0001107651608416285,0.010524502878598518,0.012299999999999978,544554000.0,13.510000228881836,0.005069566869302185,0
2007-05-02,0.00013929251628729995,-0.01180222505662809,0.014500000000000068,659658000.0,13.079999923706055,0.004392550223589654,0
2007-05-03,0.0003473755473280443,0.018638013502732642,0.009800000000000031,500250000.0,13.09000015258789,0.0061475021556460134,1
2007-05-04,5.10573053159648e-05,0.0071454394767547225,0.009199999999999986,405246000.0,12.90999984741211,0.003911921837808301,0
2007-05-07,0.0003982306969282478,-0.019955718401707512,0.02629999999999999,557100000.0,13.149999618530273,0.007638116860607408,1
2007-05-08,5.501919012525276e-05,0.007417492172240747,0.019500000000000073,737100000.0,13.210000038146973,0.009106722305386214,1
2007-05-09,2.021407116428753e-05,0.004496006134814268,0.016000000000000014,417870000.0,12.880000114440918,0.004074306568036681,0
2007-05-10,0.0003480050012590689,-0.01865489215350946,0.024799999999999933,802584000.0,13.600000381469727,0.012415945054014917,1
2007-05-11,0.0046729406685024595,0.06835891067375532,0.023600000000000065,1530630000.0,12.949999809265137,0.007903134566486435,0
2007-05-14,0.00010250543156907846,-0.010124496608181488,0.014499999999999957,731568000.0,13.960000038146973,0.004186234407764629,0
2007-05-15,7.805812571069185e-05,-0.008835050973859282,0.011699999999999933,621360000.0,14.010000228881836,0.005287531706550135,1
2007-05-16,0.0001593220083843253,0.012622282217741976,0.017799999999999927,523104000.0,13.5,0.008378534261218776,1
2007-05-17,0.00028247922610083486,-0.016807118316381153,0.01430000000000009,443664000.0,13.510000228881836,0.005071027502459191,0
2007-05-18,0.0003890291856362796,0.01972382279468865,0.013500000000000068,604266000.0,12.760000228881836,0.006023812701261187,1
2007-05-21,9.480430839939038e-06,0.003079030828026741,0.02079999999999993,645768000.0,13.300000190734863,0.006158244855756125,1
2007-05-22,2.9708309945320475e-05,0.005450532996443602,0.01749999999999996,401736000.0,13.0600004196167,0.006982857745468059,1
2007-05-23,0.000730674924209521,-0.027030999319476168,0.021199999999999997,448248000.0,13.239999771118164,0.005593432306025194,0
2007-05-24,0.001353823441876962,-0.03679433980759761,0.02729999999999999,607800000.0,14.079999923706055,0.00813963504430274,1
2007-05-25,0.0002442821647444387,0.015629528615554555,0.009099999999999997,308976000.0,13.34000015258789,0.0036022655307295127,0
2007-05-29,0.00011317551636932853,0.010638398205055521,0.011799999999999922,316242000.0,13.529999732971191,0.004748733228290593,1
2007-05-30,5.244762175885711e-06,0.002290144575323949,0.015000000000000013,331650000.0,12.829999923706055,0.005447825333625009,1
2007-05-31,0.00024688623129073606,0.015712613763812056,0.01100000000000001,481572000.0,13.050000190734863,0.005429015951977922,0
2007-06-01,4.767781857179099e-05,0.006904912640417038,0.012199999999999989,429084000.0,12.779999732971191,0.005051875822263523,0
2007-06-04,3.013797216646045e-05,0.005489806204818204,0.014100000000000001,322002000.0,13.289999961853027,0.0023619708934304404,0
2007-06-05,0.0008507945833919264,0.029168383283821653,0.01759999999999995,698586000.0,13.630000114440918,0.006779740914829491,1
2007-06-06,5.549875840098793e-05,0.007449748881740104,0.02080000000000004,950736000.0,14.869999885559082,0.0058717357342301536,0
2007-06-07,0.00011617922603670539,-0.010778646762776178,0.012800000000000034,791862000.0,17.059999465942383,0.004480287767409347,0
2007-06-08,0.00024181353148546256,0.015550354706097946,0.022499999999999964,533268000.0,14.84000015258789,0.005073112060142708,1
2007-06-11,1.1841967652758949e-05,0.003441216013672921,0.009199999999999986,434634000.0,14.710000038146973,0.003186563069118563,0
2007-06-12,0.00010731673334516393,-0.01035937900383821,0.01200000000000001,526770000.0,16.670000076293945,0.004858949501322352,1
2007-06-13,0.0005609433682999057,0.023684243038355812,0.015900000000000025,587232000.0,14.729999542236328,0.005190655764822955,1
2007-06-14,0.0003097759928257696,0.01760045433577695,0.017000000000000015,508548000.0,13.640000343322754,0.005848169546519335,1
2007-06-15,0.0019814804550162034,0.04451382319028779,0.026700000000000057,1081998000.0,13.9399995803833,0.010301501073031637,1
2007-06-18,2.0701914155905696e-07,0.00045499356210726427,0.014000000000000012,685662000.0,13.420000076293945,0.0087992409225557,0
2007-06-19,4.030050653011993e-05,0.006348267994509993,0.014399999999999968,491952000.0,12.850000381469727,0.0033446378251854886,0
2007-06-20,8.165191995191442e-07,0.0009036145193162537,0.010199999999999987,822792000.0,14.670000076293945,0.004497529782906913,1
2007-06-21,0.005679916227262379,0.07536521894921011,0.05019999999999991,1297326000.0,14.210000038146973,0.010909311473900766,1
2007-06-22,0.00021985190680262148,0.014827403913113768,0.025399999999999978,882618000.0,15.75,0.006056261136188267,0
2007-06-25,0.0007163603870821995,-0.026764909622156385,0.023799999999999932,819702000.0,16.649999618530273,0.009551005728798925,1
2007-06-26,0.0022513959322463034,-0.047448877038833104,0.03469999999999995,868482000.0,18.889999389648438,0.00979740208918776,1
2007-06-27,0.0007078721571679321,0.0266058669689212,0.022299999999999986,613140000.0,15.529999732971191,0.00455666324169106,0
2007-06-28,8.979499469065995e-05,0.009476022092136549,0.019000000000000017,597534000.0,15.539999961853027,0.004447874731936824,0
2007-06-29,0.00026501436360942186,-0.016279261764878095,0.01649999999999996,516570000.0,16.229999542236328,0.004191104286588963,0
2007-07-02,0.0016678585168983485,0.04083942356226822,0.021299999999999986,563850000.0,15.399999618530273,0.007404798875949899,1
2007-07-03,2.3487626816063184e-06,0.0015325673497782466,0.01319999999999999,238770000.0,14.920000076293945,0.005833025565881688,0
2007-07-05,0.0001136932937839846,0.010662705744040046,0.013299999999999979,373290000.0,15.479999542236328,0.003636619669723515,0
2007-07-06,2.3129877606417227e-05,0.00480935313804437,0.008599999999999941,282720000.0,14.720000267028809,0.0017889994311767671,0
2007-07-09,0.0008206355187531402,0.02864673661611633,0.022199999999999998,536784000.0,15.15999984741211,0.003966811379165362,1
2007-07-10,9.364976878032904e-05,0.009677281063414922,0.023699999999999943,552654000.0,17.56999969482422,0.004537648086668466,1
2007-07-11,1.9036347988017988e-05,-0.004363066351548872,0.01880000000000004,582612000.0,16.639999389648438,0.0048618934199306345,1
2007-07-12,0.00036216733025212463,0.019030694423801897,0.01529999999999998,438732000.0,15.539999961853027,0.0032275207850290745,0
2007-07-13,3.7564498139369646e-05,-0.006128988345507735,0.012499999999999956,372630000.0,15.149999618530273,0.0052392839772859145,1
2007-07-16,0.0003200531231737667,0.017890028596225516,0.01649999999999996,541710000.0,15.59000015258789,0.005744341345132638,1
2007-07-17,1.8054210153343038e-05,-0.0042490246119954445,0.02290000000000003,643812000.0,15.630000114440918,0.008279209531023072,1
2007-07-18,0.00034197322649865276,-0.0184925181221664,0.020399999999999974,550656000.0,16.0,0.0058850627553037604,0
2007-07-19,1.1068680145676592e-06,-0.0010520779508038647,0.02079999999999993,407376000.0,15.229999542236328,0.007577721182623715,1
2007-07-20,0.00012058510839494161,-0.010981125096953481,0.01970000000000005,505650000.0,16.950000762939453,0.00644230160226604,0
2007-07-23,9.85639750174336e-05,0.009927939112294837,0.02740000000000009,360474000.0,16.809999465942383,0.0071877253271749085,1
2007-07-24,0.000712715230816954,-0.026696726968243767,0.027999999999999914,457560000.0,18.549999237060547,0.005223627405012031,0
2007-07-25,2.2525402459535508e-05,-0.004746093389255579,0.031100000000000017,437196000.0,18.100000381469727,0.008487215085472783,1
2007-07-26,2.3827730363326093e-05,0.004881365624835543,0.03170000000000006,710268000.0,20.739999771118164,0.012705094807130692,1
2007-07-27,5.942402493520434e-06,-0.0024377043490793615,0.0343,615480000.0,24.170000076293945,0.012407898737766331,0
2007-07-30,0.0007662441203497787,0.027681114868259526,0.019299999999999984,538158000.0,20.8700008392334,0.007374670044300533,0
2007-07-31,3.501758840535598e-05,0.005917566087958459,0.03709999999999991,711492000.0,23.520000457763672,0.009770679101963184,1
2007-08-01,5.627273828860811e-05,-0.007501515732744157,0.04849999999999999,705828000.0,23.670000076293945,0.015624386570807869,1
2007-08-02,1.908678555893663e-05,-0.004368842588024502,0.02279999999999993,468606000.0,21.219999313354492,0.006329429192096848,0
2007-08-03,0.0037379631755638013,-0.061138884317296804,0.04800000000000004,623412000.0,25.15999984741211,0.009845955020698979,1
2007-08-06,7.101460139258891e-05,0.00842701616188013,0.0253000000000001,524724000.0,22.940000534057617,0.00821588896632063,0
2007-08-07,0.0002458815274040808,0.01568060991811482,0.03269999999999995,565764000.0,21.559999465942383,0.011205259071561701,1
2007-08-08,0.0020332964129520397,0.04509208814140281,0.048699999999999966,660744000.0,21.450000762939453,0.010345446441079317,0
2007-08-09,0.0001386651534357996,0.011775616902557573,0.04249999999999998,1251834000.0,26.479999542236328,0.02173080873085875,1
2007-08-10,0.002247930144579842,-0.04741234169053288,0.0484,1141014000.0,28.299999237060547,0.022160890841373716,1
2007-08-13,0.00012036365471724118,-0.010971037084853974,0.03400000000000003,700410000.0,26.56999969482422,0.011721122152272844,0
2007-08-14,0.0014452220307086287,0.03801607595095302,0.03700000000000003,1092174000.0,27.68000030517578,0.009140788791260747,0
2007-08-15,0.0018602983964292469,-0.043131176617723366,0.03949999999999998,695142000.0,30.670000076293945,0.007042274466425682,0
2007-08-16,0.0002812960128682684,-0.0167718816138282,0.044499999999999984,780030000.0,30.829999923706055,0.013617610672892638,1
2007-08-17,0.0032769376775208087,0.057244542775017504,0.045499999999999985,728712000.0,29.989999771118164,0.0148837762307575,1
2007-08-20,1.6008579460219977e-05,-0.004001072288802088,0.02080000000000004,519684000.0,26.329999923706055,0.0037133368096994067,0
2007-08-21,0.0027782214137811547,0.05270883620211278,0.053099999999999925,715338000.0,25.25,0.010513627870725836,1
2007-08-22,0.0005090890949751512,0.022563002791631065,0.019000000000000017,566154000.0,22.889999389648438,0.007479579650468327,0
2007-08-23,7.164062336667353e-05,-0.008464078412129317,0.023700000000000054,667986000.0,22.6200008392334,0.006097237230974198,0
2007-08-24,2.7418489950999277e-05,0.00523626679524633,0.013900000000000023,361644000.0,20.719999313354492,0.003858966101949757,0
2007-08-27,0.0004953872926122953,0.022257297513676166,0.030299999999999994,635946000.0,22.719999313354492,0.004945197287671185,1
2007-08-28,0.00395159435112263,-0.06286170814671385,0.05800000000000005,560022000.0,26.299999237060547,0.009140741059216402,1
2007-08-29,0.0030438139875170024,0.05517077113397095,0.030299999999999994,538560000.0,23.809999465942383,0.00853756424919078,0
2007-08-30,3.336743887232557e-05,-0.00577645556308759,0.023700000000000054,465660000.0,25.059999465942383,0.007040159499478645,0
2007-08-31,0.0024770415869917605,0.049769886346984565,0.03200000000000003,720834000.0,23.3799991607666,0.006952813277089088,0
2007-09-04,0.0009227689296435428,0.030377111937173074,0.03950000000000009,683268000.0,22.780000686645508,0.009922547813905168,1
2007-09-05,5.8545394802616315e-05,-0.007651496246004197,0.028299999999999992,656274000.0,24.579999923706055,0.0063847501786917435,0
2007-09-06,1.9900288498937833e-05,0.004460973940625279,0.01869999999999994,425496000.0,23.989999771118164,0.006045332354778723,0
2007-09-07,0.0013842077115598166,-0.03720494203139976,0.03290000000000004,602304000.0,26.229999542236328,0.01035686669779409,1
2007-09-10,7.402579733036317e-06,0.0027207682247917253,0.03799999999999992,872112000.0,27.3799991607666,0.00788459609696006,0
2007-09-11,0.00044272803860835396,0.021041103550155205,0.0232,405424000.0,25.270000457763672,0.005829655910801464,0
2007-09-12,0.0016098853072543007,-0.040123376069995664,0.05600000000000005,554452000.0,24.959999084472656,0.011312066129028143,1
2007-09-13,1.3043867544696127e-07,0.0003611629486076351,0.022399999999999975,452864000.0,24.760000228881836,0.004344100606735955,0
2007-09-14,0.000903437755702094,-0.03005724131889176,0.01970000000000005,487308000.0,24.920000076293945,0.004681457268521137,1
2007-09-17,4.455832319547449e-06,-0.002110884250627554,0.020199999999999996,374828000.0,26.479999542236328,0.0037912513399103484,0
2007-09-18,0.0070564905559556195,0.08400291992517653,0.07569999999999999,844740000.0,20.350000381469727,0.013503574103229258,1
2007-09-19,0.00034058571002195304,-0.018454964373359084,0.04949999999999999,521360000.0,20.030000686645508,0.00820617428656981,0
2007-09-20,3.4079070486701596e-05,-0.00583772819568551,0.02429999999999999,324172000.0,20.450000762939453,0.003331488986454513,0
2007-09-21,9.131844564425848e-05,0.009556068524464362,0.02100000000000002,457532000.0,19.0,0.004847033120774706,1
2007-09-24,0.0006348393774348057,0.025196019079108622,0.0363,456360000.0,19.3700008392334,0.007984008768055217,1
2007-09-25,0.00016126307988240958,0.012698940108623616,0.022700000000000053,360748000.0,18.600000381469727,0.0068876928174935355,0
2007-09-26,0.000552584900364232,0.023507124459708637,0.020999999999999908,518032000.0,17.6299991607666,0.006178369103743056,0
2007-09-27,8.647705220657233e-06,0.0029406980839006974,0.020199999999999996,378280000.0,17.0,0.00826174431334364,1
2007-09-28,0.0002187659306259518,-0.014790738001396408,0.02429999999999999,404292000.0,18.0,0.0038883689831386297,0
2007-10-01,0.0017143414167337758,0.04140460622604417,0.03600000000000003,398200000.0,17.84000015258789,0.006190953744405713,1
2007-10-02,9.377021313693401e-05,-0.009683502111164845,0.022299999999999986,284960000.0,18.489999771118164,0.005060399334611064,0
2007-10-03,0.001881667251170287,-0.043378188657092254,0.03799999999999992,467196000.0,18.799999237060547,0.0097090954511207,1
2007-10-04,1.9863350494128298e-05,0.004456831889821322,0.03600000000000003,378976000.0,18.440000534057617,0.0104261381986852,1
2007-10-05,0.0006763558497067985,0.02600684236324738,0.02429999999999999,344840000.0,16.90999984741211,0.00553891346931539,0
2007-10-08,0.0002597657520921742,0.01611725014052255,0.02100000000000002,252484000.0,17.459999084472656,0.004597307339144152,0
2007-10-09,0.00031098848501045167,-0.01763486560794983,0.034499999999999975,403008000.0,16.1200008392334,0.01993453833544578,1
2007-10-10,1.1755894171199181e-06,0.0010842460131906956,0.02750000000000008,389136000.0,16.670000076293945,0.010982939876342496,0
2007-10-11,0.0020654528394006434,-0.04544725337576126,0.05399999999999994,529104000.0,18.8799991607666,0.006892065381832011,0
2007-10-12,0.0005803016606570054,0.024089451231960546,0.025499999999999967,409952000.0,17.729999542236328,0.006506295644361809,0
2007-10-15,5.140991785975738e-05,0.0071700709801059415,0.019499999999999962,355900000.0,19.25,0.004375003000694258,0
2007-10-16,8.05074697300262e-05,0.008972595484586732,0.02870000000000006,276360000.0,20.020000457763672,0.009494701977758233,1
2007-10-17,0.005474705371074484,0.07399125199018114,0.03839999999999999,717944000.0,18.540000915527344,0.011726041545233153,1
2007-10-18,5.018227735059192e-07,-0.000708394504147173,0.031299999999999994,340620000.0,18.5,0.0053421028288387065,0
2007-10-19,0.00304126279777687,-0.05514764544182163,0.05149999999999999,505768000.0,22.959999084472656,0.013048300182769207,1
2007-10-22,0.0021343512845224725,0.04619903986580752,0.059699999999999975,537656000.0,21.639999389648438,0.014478475118895513,1
2007-10-23,2.3921703268521967e-05,0.004890981830729078,0.03480000000000005,294292000.0,20.40999984741211,0.011664071451044573,0
2007-10-24,0.0011857322030328554,-0.03443446243275558,0.058699999999999974,565500000.0,20.799999237060547,0.012065958740470895,1
2007-10-25,0.008348961187662053,-0.09137265010746953,0.09020000000000006,806192000.0,21.170000076293945,0.02325308329239162,1
2007-10-26,7.539661762574682e-05,-0.008683122573460933,0.05349999999999999,616580000.0,19.559999465942383,0.008836617505410357,0
2007-10-29,0.0005649473441209199,-0.023768620997460493,0.02980000000000005,813896000.0,19.8700008392334,0.009225766337759081,1
2007-10-30,0.0012890965667229808,0.03590399095815089,0.05579999999999996,525212000.0,21.06999969482422,0.007237697651336236,0
2007-10-31,0.0002545541876961561,0.015954754391596132,0.03649999999999998,455188000.0,18.530000686645508,0.009538380314646015,1
2007-11-01,0.0,0.0,0.04349999999999998,587236000.0,23.209999084472656,0.012017160074023878,1
2007-11-02,0.0014227524615856937,0.037719391055340404,0.04080000000000006,491844000.0,23.010000228881836,0.00651783383719627,0
2007-11-05,0.0,0.0,0.035499999999999976,436636000.0,24.309999465942383,0.010795574326544525,1
2007-11-06,0.0009662792331791496,0.031085032301401097,0.03199999999999992,554620000.0,21.389999389648438,0.008114641905077501,0
2007-11-07,0.0023676249767396523,-0.04865824674954547,0.05579999999999996,546768000.0,26.489999771118164,0.01502564635097202,1
2007-11-08,0.004179535947133179,-0.06464933060081271,0.0897,996824000.0,26.15999984741211,0.030621897721010666,1
2007-11-09,0.00020408857447672712,-0.014285957247476527,0.05379999999999996,871056000.0,28.5,0.018082905205044224,0
2007-11-12,0.011044769360109568,-0.10509409764639291,0.08899999999999997,715732000.0,31.09000015258789,0.015661465978490323,0
2007-11-13,0.007140214534996723,0.08449979014764902,0.06699999999999995,726696000.0,24.100000381469727,0.009690568218512951,0
2007-11-14,0.000245447398663803,-0.015666760949979514,0.04579999999999995,666720000.0,25.940000534057617,0.01051685112355645,1
2007-11-15,0.00018275778968842278,-0.013518793943559565,0.03149999999999997,496436000.0,28.059999465942383,0.010124140973768327,0
2007-11-16,0.0004921458035215561,0.0221843594345556,0.020000000000000018,423592000.0,25.489999771118164,0.006795689048911956,0
2007-11-19,0.004890955441696878,-0.06993536617260881,0.05149999999999999,568412000.0,26.010000228881836,0.008792565532445997,1
2007-11-20,5.720242558609369e-05,-0.00756322851605673,0.04420000000000002,622628000.0,24.8799991607666,0.009282566598914336,1
2007-11-21,0.00011475712563484332,-0.010712475233803032,0.027699999999999947,648452000.0,26.84000015258789,0.013006124998610228,1
2007-11-23,0.0002874025894565391,0.016952952234243424,0.020299999999999985,141976000.0,25.610000610351562,0.011496196619964627,0
2007-11-26,0.0005492440857705827,-0.023435957112321715,0.03399999999999992,385896000.0,28.90999984741211,0.013692946440910991,1
2007-11-27,0.0017797359026147633,0.04218691624917331,0.029200000000000004,458856000.0,26.280000686645508,0.011537296193032898,0
2007-11-28,0.004177805294923505,0.06463594429513275,0.04200000000000004,574548000.0,24.110000610351562,0.013292738523930573,1
2007-11-29,6.80042549342007e-05,0.008246469240481086,0.03600000000000003,489084000.0,23.969999313354492,0.012337507369265035,0
2007-11-30,0.0023893275232960815,-0.04888074798216657,0.06899999999999995,652656000.0,22.8700008392334,0.011016383224141989,0
2007-12-03,0.00020965074429028227,0.014479321264834283,0.027000000000000024,490688000.0,23.610000610351562,0.005433686383877409,0
2007-12-04,1.0010009175008248e-06,-0.001000500333583565,0.022399999999999975,371712000.0,23.790000915527344,0.0028627536378613974,0
2007-12-05,0.0025748106660574348,0.05074259222839758,0.036699999999999955,666704000.0,22.530000686645508,0.013423654588379137,1
2007-12-06,0.0004006863950104935,0.020017152520038745,0.029299999999999993,371152000.0,20.959999084472656,0.0065437864842933,0
2007-12-07,0.00016053593017155806,-0.01267027743072574,0.02400000000000002,320292000.0,20.850000381469727,0.004163442522538929,0
2007-12-10,0.00011671127055368146,0.010803299058791321,0.019000000000000017,336360000.0,20.739999771118164,0.00726525927517589,1
2007-12-11,1.3625189927767205e-06,0.0011672698885762112,0.0353,582436000.0,23.59000015258789,0.009655115216440257,1
2007-12-12,0.0011524812434809612,0.03394821414273454,0.03279999999999994,617504000.0,22.469999313354492,0.009929435701960988,1
2007-12-13,0.0007719689289026325,-0.027784328836641572,0.04480000000000006,500364000.0,22.559999465942383,0.012017493910579265,1
2007-12-14,0.0002703974826296691,0.016443767288236266,0.033499999999999974,354016000.0,23.270000457763672,0.006641900131688994,0
2007-12-17,0.0027506327790027146,-0.05244647537254257,0.04580000000000006,507408000.0,24.520000457763672,0.008548307486612857,1
2007-12-18,0.0006331033858370838,0.025161545775986893,0.0262,396896000.0,22.639999389648438,0.007658765570199943,0
2007-12-19,8.710076186585932e-05,0.009332778893012483,0.022399999999999975,253536000.0,21.68000030517578,0.00862019977419785,1
2007-12-20,0.00042789560288558837,0.020685637599203666,0.024399999999999977,279940000.0,20.579999923706055,0.006083912140096854,0
2007-12-21,5.175870895595192e-08,-0.00022750540423460697,0.026499999999999968,433408000.0,18.469999313354492,0.00610148323404373,1
2007-12-24,0.00030555058401537244,0.017480005263596818,0.01980000000000004,104008000.0,18.600000381469727,0.004359465384658486,0
2007-12-26,0.00017758566738009933,0.013326127246131914,0.019000000000000017,215340000.0,18.65999984741211,0.003695894243361749,0
2007-12-27,0.0009843983161415795,-0.03137512256775389,0.03380000000000005,241368000.0,20.260000228881836,0.005016381036309569,1
2007-12-28,9.905439532478089e-05,-0.009952607463613788,0.02529999999999999,262064000.0,20.739999771118164,0.006865957072982577,1
2007-12-31,0.000503503709379471,-0.02243888832762156,0.028299999999999992,276236000.0,22.5,0.004615279135570353,0
2008-01-02,0.000911957292459858,-0.030198630638819668,0.042200000000000015,483964000.0,23.170000076293945,0.007190623607111322,1
2008-01-03,6.062066563320373e-05,-0.007785927409962395,0.03070000000000006,475308000.0,22.489999771118164,0.005756519342643148,0
2008-01-04,0.0077029843706957445,-0.08776664725677827,0.053200000000000025,736092000.0,23.940000534057617,0.014727742984371262,1
2008-01-07,0.011896503776357675,-0.10907109505436202,0.10239999999999994,1006800000.0,23.790000915527344,0.01788464776530384,1
2008-01-08,0.0004427244194268929,0.02104101754732629,0.07179999999999997,1106956000.0,25.43000030517578,0.016473535253818655,0
2008-01-09,0.002539901558748788,0.05039743603348079,0.036700000000000066,741036000.0,24.1200008392334,0.01082611476100081,0
2008-01-10,0.000446352399452597,-0.021127053733367485,0.02529999999999999,554432000.0,23.450000762939453,0.010377038701647382,0
2008-01-11,0.002009246652244553,-0.04482462104964807,0.03369999999999995,572612000.0,23.68000030517578,0.00990124066057636,0
2008-01-14,0.004168800540384786,0.06456624923584137,0.04700000000000004,539188000.0,22.899999618530273,0.010244240420210151,1
2008-01-15,0.005847295315945396,-0.07646760958697085,0.045499999999999985,725692000.0,23.34000015258789,0.03109774616902558,1
2008-01-16,0.014335382079786841,-0.11973045594077908,0.05500000000000005,1464472000.0,24.3799991607666,0.0193728095235462,0
2008-01-17,0.0003072268767415277,-0.017527888542021475,0.03700000000000003,1133900000.0,28.459999084472656,0.014009304857858392,0
2008-01-18,0.004096242754780451,0.06400189649362314,0.06120000000000003,920428000.0,27.18000030517578,0.01837037507522112,1
2008-01-22,0.0026223150844698834,-0.05120854503371369,0.04630000000000001,709092000.0,31.010000228881836,0.027687272000407732,1
2008-01-23,0.0003290437657902892,0.018139563550159887,0.05800000000000005,929880000.0,29.020000457763672,0.027023110219218646,0
2008-01-24,0.0054427546461848575,0.07377502725302687,0.040200000000000014,597092000.0,27.780000686645508,0.011852442422603686,0
2008-01-25,0.0013109702771516997,-0.03620732352924888,0.06569999999999998,688012000.0,29.079999923706055,0.01390896938098299,1
2008-01-28,0.000150263908808526,-0.012258218011135469,0.024800000000000044,577608000.0,27.780000686645508,0.008785232219809352,0
2008-01-29,0.0009318209313613456,0.03052574210992004,0.026800000000000046,414484000.0,27.31999969482422,0.008516716962677147,0
2008-01-30,7.56033659411281e-05,-0.008695019605563181,0.02749999999999997,530476000.0,27.6200008392334,0.011160350365814562,1
2008-01-31,0.0005810653435779419,-0.02410529700248354,0.03049999999999997,588708000.0,26.200000762939453,0.009275842690259222,0
2008-02-01,0.007782239847463572,0.08821700429885143,0.06680000000000008,593104000.0,24.020000457763672,0.010771611147535734,1
2008-02-04,0.001009505609789515,-0.03177271801073234,0.04279999999999995,565128000.0,25.989999771118164,0.009113483624603038,0
2008-02-05,0.004174486136411334,-0.06461026339840548,0.028299999999999992,494928000.0,28.239999771118164,0.00966389489759418,1
2008-02-06,1.0792237273241268e-05,-0.0032851540714616823,0.036699999999999955,557380000.0,28.969999313354492,0.01560823909461803,1
2008-02-07,9.649647048450789e-05,0.009823261702943065,0.05349999999999999,664128000.0,27.65999984741211,0.016442019605778086,1
2008-02-08,0.00031550485522473893,0.01776245633984047,0.02949999999999997,393932000.0,28.010000228881836,0.00972317041091387,0
2008-02-11,1.0213853232993482e-05,0.003195911956389519,0.017699999999999938,503732000.0,27.600000381469727,0.0067531663909957225,0
2008-02-12,0.001320948296546004,0.03634485240781704,0.0262,609688000.0,26.329999923706055,0.009971651979195632,1
2008-02-13,0.0014807715461647667,0.03848079451057068,0.02949999999999997,742312000.0,24.8799991607666,0.012248260824143509,1
2008-02-14,0.031781443151852384,-0.17827350658988111,0.09240000000000004,2184296000.0,25.540000915527344,0.028541744580449765,1
2008-02-15,0.00022420695374174358,-0.014973541790162526,0.030400000000000094,817364000.0,25.020000457763672,0.014432420619694531,0
2008-02-19,0.00022556523369047187,-0.01501882930492493,0.0242,558608000.0,25.59000015258789,0.008957055915882254,0
2008-02-20,5.357269912994602e-05,-0.0073193373422698604,0.022299999999999986,759016000.0,24.399999618530273,0.009311003457735102,1
2008-02-21,0.0005220577830103178,-0.022848583829426228,0.023799999999999932,644272000.0,25.1200008392334,0.008094595635880737,0
2008-02-22,0.00224103809151248,0.04733960383772218,0.02650000000000008,723052000.0,24.059999465942383,0.009021770796198793,1
2008-02-25,1.2851306390460284e-07,-0.0003584871879225293,0.020999999999999908,671784000.0,23.030000686645508,0.01060560119605915,1
2008-02-26,7.04031565275634e-05,0.008390658885186753,0.02499999999999991,565420000.0,21.899999618530273,0.008976825878003355,0
2008-02-27,0.00023556960523565424,0.01534827694679941,0.01959999999999995,537816000.0,22.690000534057617,0.007302723944707503,0
2008-02-28,0.001458081646447431,-0.03818483529422945,0.017400000000000082,503608000.0,23.530000686645508,0.006588843334617068,0
2008-02-29,0.000765171334440349,-0.027661730503356963,0.01550000000000007,540576000.0,26.540000915527344,0.006527418687817661,0
2008-03-03,0.00014042344604624866,-0.011850039917496002,0.01629999999999998,449028000.0,26.280000686645508,0.008235085141265532,1
2008-03-04,0.00010158634516252687,-0.010079005167303312,0.0232,778888000.0,25.520000457763672,0.011593338605588916,1
2008-03-05,0.00013436469724404935,0.011591578720952955,0.018999999999999906,644656000.0,24.600000381469727,0.01675375398062025,1
2008-03-06,0.004222329200286471,-0.06497945213901446,0.031000000000000028,1075284000.0,27.549999237060547,0.009373651251292659,0
2008-03-07,0.00021381805803161725,-0.014622518867541845,0.03300000000000003,767500000.0,27.489999771118164,0.014973649699301423,1
2008-03-10,0.0034797373346557073,-0.05898929847570411,0.028799999999999992,776100000.0,29.3799991607666,0.007450710237566335,0
2008-03-11,0.0010532455547719287,0.03245374484973851,0.02479999999999999,857940000.0,26.360000610351562,0.013628409910871862,1
2008-03-12,0.0007667804126806263,-0.02769080014518588,0.02579999999999999,743320000.0,27.219999313354492,0.0061379719110574715,0
2008-03-13,0.003815212508936968,0.06176740652590951,0.046499999999999986,1220528000.0,27.290000915527344,0.013456056592740793,1
2008-03-14,0.005274430786404935,-0.07262527649795858,0.04099999999999998,1154972000.0,31.15999984741211,0.01714665725963697,1
2008-03-17,0.0006466739039942702,-0.025429783797631278,0.029200000000000004,800952000.0,32.2400016784668,0.020717745932677948,1
2008-03-18,0.003622808811681159,0.060189773314751394,0.030999999999999972,1075256000.0,25.790000915527344,0.011284223928465878,0
2008-03-19,0.005105267348954574,-0.07145115358729048,0.028299999999999992,880476000.0,29.84000015258789,0.011374428769701872,1
2008-03-20,0.002260910638348143,0.04754903404221944,0.0252,633460000.0,26.6200008392334,0.0072269766230666395,0
2008-03-24,0.0061590736242727075,0.07847976569965476,0.03199999999999997,887440000.0,25.729999542236328,0.012789994431701123,1
2008-03-25,0.00020376499861706938,0.014274627792593031,0.019299999999999984,735388000.0,25.719999313354492,0.006368054107378582,0
2008-03-26,0.00105036388002738,-0.03240931779638967,0.018600000000000005,721652000.0,26.079999923706055,0.008046265505163295,1
2008-03-27,0.00020551215190679428,-0.014335695026987505,0.021199999999999997,601308000.0,25.8799991607666,0.005932166890946792,0
2008-03-28,0.00021733487081908025,0.014742281737203378,0.016300000000000037,561788000.0,25.709999084472656,0.007839157202700136,1
2008-03-31,3.2204762701153114e-05,0.0056749240260247635,0.01799999999999996,569992000.0,25.610000610351562,0.013065172441515798,1
2008-04-01,0.003509925244607074,0.05924462207329095,0.02400000000000002,676872000.0,22.68000030517578,0.015751415299896526,1
2008-04-02,0.0009579177300046932,-0.03095024604110108,0.021499999999999964,616536000.0,23.43000030517578,0.010282751684101102,0
2008-04-03,0.00035496136782004996,-0.018840418461914532,0.02069999999999994,841984000.0,23.209999084472656,0.013048195744686924,1
2008-04-04,0.0038364768151539883,-0.06193929944029064,0.0237,1535528000.0,22.450000762939453,0.012934264481881291,0
2008-04-07,0.0005656351117912637,0.023783084572680302,0.01100000000000001,729496000.0,22.420000076293945,0.007975781322352616,0
2008-04-08,3.4113200944498024e-05,-0.005840650729541874,0.018500000000000016,639476000.0,22.360000610351562,0.00869732411181137,1
2008-04-09,0.000387285000967519,0.019679557946445825,0.013500000000000012,675232000.0,22.809999465942383,0.0071850850170645094,0
2008-04-10,0.0003724797964967343,0.01929973565872689,0.030600000000000016,1092184000.0,21.979999542236328,0.008936436957590568,1
2008-04-11,0.004930179039898081,-0.07021523367402605,0.030200000000000005,1106280000.0,23.459999084472656,0.018815116929434803,1
2008-04-14,0.0011579107904907142,-0.03402808825794823,0.017500000000000016,780004000.0,23.81999969482422,0.00685566015500367,0
2008-04-15,0.00013329675341889545,0.011545421318379656,0.014600000000000002,439916000.0,22.780000686645508,0.016041617019441234,1
2008-04-16,0.0015183467037446434,0.03896596853338363,0.014999999999999958,646836000.0,20.530000686645508,0.014404524658763422,0
2008-04-17,0.00019311370619912172,-0.013896535762524476,0.017199999999999993,596968000.0,20.3700008392334,0.012953313401984221,0
2008-04-18,0.0005478091789787366,0.023405323731551686,0.014000000000000012,573540000.0,20.1299991607666,0.009222183939711992,0
2008-04-21,0.001920249246689067,0.043820648633824066,0.028200000000000003,679892000.0,20.5,0.006928760343923521,0
2008-04-22,0.0003571056864722783,-0.01889724018136718,0.016000000000000014,587668000.0,20.8700008392334,0.008247279378374817,1
2008-04-23,0.0022164604664383016,0.04707929976580261,0.028699999999999948,1020496000.0,20.260000228881836,0.01174537026865881,1
2008-04-24,0.0005839170866956645,-0.024164376397822984,0.025299999999999934,655764000.0,20.059999465942383,0.007697141629178948,0
2008-04-25,9.948367046924666e-05,0.009974150112628477,0.017199999999999993,552208000.0,19.59000015258789,0.006273323053671381,0
2008-04-28,0.0003249267040996905,-0.01802572340017705,0.016199999999999992,535700000.0,19.639999389648438,0.005825928303138289,0
2008-04-29,0.00041635540421889564,0.020404788757027004,0.021999999999999964,573408000.0,20.239999771118164,0.0071890186384742285,1
2008-04-30,0.0002984482695141788,0.017275655400423418,0.011700000000000044,1068320000.0,20.790000915527344,0.008535916418930258,1
2008-05-01,0.002033529742760465,0.045094675326034506,0.021299999999999986,1014624000.0,18.8799991607666,0.007504641375586883,0
2008-05-02,0.002148402977134442,0.04635086813787248,0.018999999999999906,1131016000.0,18.18000030517578,0.010214771737834324,1
2008-05-05,0.0006340921601029264,-0.025181186630159558,0.014000000000000012,943392000.0,18.899999618530273,0.006568981327928135,0
2008-05-06,0.0006521058523414826,0.02553636333430198,0.025499999999999967,729036000.0,18.209999084472656,0.00800889693776989,1
2008-05-07,0.000545360570441864,-0.023352956353358434,0.026700000000000057,715632000.0,19.729999542236328,0.007326110673595437,0
2008-05-08,6.491142565507065e-06,-0.00254777207879886,0.03090000000000004,1360000000.0,19.399999618530273,0.037687110214199966,1
2008-05-09,0.0006708477333163612,0.025900728432157294,0.036599999999999966,2030352000.0,19.40999984741211,0.014172361017432418,0
2008-05-12,0.0008306176773780716,-0.028820438535491988,0.02870000000000006,1006652000.0,17.790000915527344,0.00811843098161342,0
2008-05-13,0.00042767088866672154,-0.020680205237538662,0.018000000000000016,854108000.0,17.979999542236328,0.007146085310827957,0
2008-05-14,0.0008439896936416251,0.029051500712383604,0.029999999999999916,751148000.0,17.65999984741211,0.01041133598224785,1
2008-05-15,0.0055554743266072815,0.07453505434765095,0.04899999999999993,1165464000.0,16.299999237060547,0.020524399173522726,1
2008-05-16,0.0006880088825987421,0.02622992341961261,0.02070000000000005,1091556000.0,16.469999313354492,0.00720401238458278,0
2008-05-19,0.0004492854968594123,-0.0211963557447834,0.03949999999999998,1158532000.0,17.010000228881836,0.010614659120052378,1
2008-05-20,0.0006908400387768901,-0.026283836074228017,0.012799999999999923,771404000.0,17.579999923706055,0.006202512060906445,0
2008-05-21,6.858524360041018e-05,-0.008281620831721903,0.030000000000000027,1066660000.0,18.59000015258789,0.00965769738586086,1
2008-05-22,0.0005743472385484136,0.02396554273427609,0.01979999999999993,693108000.0,18.049999237060547,0.005579144854375588,0
2008-05-23,0.0005256281439466134,-0.02292658160185712,0.025799999999999934,802672000.0,19.549999237060547,0.0064914118096535125,1
2008-05-27,0.00011391708715532938,0.010673194796092189,0.017000000000000015,832856000.0,19.639999389648438,0.006196568903937142,0
2008-05-28,8.786694814226677e-05,0.009373737149198647,0.01870000000000005,751736000.0,19.06999969482422,0.007282789982608842,1
2008-05-29,6.491142565507065e-06,-0.00254777207879886,0.013599999999999945,693460000.0,18.139999389648438,0.007275899455932756,0
2008-05-30,0.002396310111580149,0.04895212060350551,0.01650000000000007,830244000.0,17.829999923706055,0.008959424797732464,1
2008-06-02,1.632490922672021e-05,0.004040409537004908,0.014000000000000012,734660000.0,19.829999923706055,0.004883141992821371,0
2008-06-03,0.0011873454888352995,-0.034457879923687984,0.031200000000000006,840696000.0,20.239999771118164,0.016984372118229465,1
2008-06-04,0.0001349869386465191,0.011618387953865161,0.024799999999999933,831724000.0,20.799999237060547,0.0091187577531095,0
2008-06-05,0.000621707896649681,0.02493407100033368,0.019500000000000073,827860000.0,18.6299991607666,0.01214124614110248,1
2008-06-06,0.0010489515589475547,-0.032387521654914486,0.01650000000000007,784876000.0,23.559999465942383,0.00740916632164492,0
2008-06-09,0.00023756895780935696,-0.015413272131814093,0.0260999999999999,637916000.0,23.1200008392334,0.00981698013919555,1
2008-06-10,0.0037318685328324034,-0.06108902137726879,0.023499999999999965,1225208000.0,23.18000030517578,0.01083984515894261,1
2008-06-11,0.00228346774797369,-0.04778564374342664,0.0403,999428000.0,24.1200008392334,0.008378972466484516,0
2008-06-12,3.835488772092334e-05,0.00619313230287577,0.023799999999999932,825992000.0,23.329999923706055,0.009573465377878934,1
2008-06-13,1.1379264493518908e-05,-0.003373316542146454,0.024499999999999966,705748000.0,21.219999313354492,0.012063686916839747,1
2008-06-16,0.00018518374970947254,-0.013608223605947711,0.010700000000000043,630496000.0,20.950000762939453,0.008044847185562018,0
2008-06-17,0.0005985012263986256,-0.024464284710545403,0.021700000000000053,687912000.0,21.1299991607666,0.007382096721514613,0
2008-06-18,0.0008813485868327609,-0.02968751567296868,0.03550000000000003,1065272000.0,22.239999771118164,0.00923046266575791,1
2008-06-19,6.8377357331744385e-06,-0.0026149064482643425,0.022999999999999965,784928000.0,21.579999923706055,0.009036173998015855,0
2008-06-20,2.548196373872464e-05,-0.005047966297304751,0.01429999999999998,741008000.0,22.8700008392334,0.008374005153034077,0
2008-06-23,0.0004353031165391106,-0.02086391901199558,0.018699999999999994,776616000.0,22.639999389648438,0.003739804236299407,0
2008-06-24,0.0010586186410529144,0.03253642022492509,0.030200000000000005,1078928000.0,22.420000076293945,0.010372970827361553,1
2008-06-25,2.9026465776150674e-05,0.005387621532378706,0.016699999999999993,900976000.0,21.139999389648438,0.010395322628491983,1
2008-06-26,0.00275609504129757,-0.05249852418209078,0.014400000000000024,845532000.0,23.93000030517578,0.010821518799622343,1
2008-06-27,0.00011765737210849555,0.010846998299460342,0.017000000000000015,584140000.0,23.440000534057617,0.0051989316868022205,0
2008-06-30,0.0008688238546069517,-0.029475818132953524,0.016000000000000014,653940000.0,23.950000762939453,0.00911776125077203,1
2008-07-01,2.9170670543770886e-06,0.0017079423451560327,0.015199999999999991,881464000.0,23.649999618530273,0.008017217976415617,0
2008-07-02,0.001532914818441737,-0.039152456097181654,0.019499999999999962,763196000.0,25.920000076293945,0.06750243600155682,1
2008-07-03,0.13473268966379337,-0.3670595178765882,0.018299999999999983,2987520000.0,24.780000686645508,0.019915131477682074,0
2008-07-07,0.0010165248484454944,-0.03188298681813695,0.025000000000000022,2202692000.0,25.780000686645508,0.014079782629064539,0
2008-07-08,3.1760949873798054e-05,-0.0056356853952113095,0.017000000000000015,1805288000.0,23.149999618530273,0.01227202642395857,0
2008-07-09,0.00031601302649068673,-0.017776755229531815,0.01050000000000001,1413168000.0,25.229999542236328,0.006511413573927533,0
2008-07-10,5.624849567560378e-06,-0.002371676530971367,0.011299999999999977,1056992000.0,25.59000015258789,0.01095882648866613,1
2008-07-11,0.00010462270785202251,-0.010228524226496338,0.016000000000000014,807760000.0,27.489999771118164,0.022723547979773828,1
2008-07-14,0.0021762763084342187,-0.046650576721346315,0.019699999999999995,882316000.0,28.479999542236328,0.013925069993758442,0
2008-07-15,0.00011479811476614703,0.010714388212406112,0.019699999999999995,1122484000.0,28.540000915527344,0.013478760846798714,0
2008-07-16,2.82433794773556e-05,0.005314450063492515,0.015699999999999992,1034392000.0,25.100000381469727,0.010938953325560533,0
2008-07-17,1.2442131129702617e-05,0.003527340517968547,0.014499999999999957,862080000.0,25.010000228881836,0.013191988952815013,1
2008-07-18,0.0003045880093000512,0.01745244995122608,0.01679999999999998,899720000.0,24.049999237060547,0.01294852947909847,0
2008-07-21,3.85523956211162e-05,0.0062090575469322395,0.009599999999999997,571636000.0,23.049999237060547,0.011354894214569157,0
2008-07-22,0.00047971915988300314,-0.021902492092978898,0.010199999999999987,555924000.0,21.18000030517578,0.008881791276427988,0
2008-07-23,0.0008666756493515864,0.02943935545068177,0.010799999999999976,594876000.0,21.309999465942383,0.007046214078382925,0
2008-07-24,0.0036598438938667916,-0.06049664365786578,0.017799999999999983,705628000.0,23.440000534057617,0.009931362149538636,1
2008-07-25,0.0021856300779494395,0.04675072275323067,0.017199999999999993,1039600000.0,22.90999984741211,0.01019917707870681,1
2008-07-28,7.684009208645891e-06,-0.0027720045470103205,0.013800000000000034,734808000.0,24.229999542236328,0.009369701443242234,0
2008-07-29,0.00010723912980010989,0.010355632757109046,0.013000000000000012,764636000.0,22.030000686645508,0.011888510826816755,1
2008-07-30,0.00021106570596602219,-0.014528100562909874,0.01699999999999996,588492000.0,21.209999084472656,0.012350906291158358,1
2008-07-31,1.2182926643559485e-05,-0.0034904049397683767,0.009200000000000041,487236000.0,22.940000534057617,0.00997538557578685,0
2008-08-01,0.00290229904509167,-0.05387298994015155,0.01200000000000001,881060000.0,22.56999969482422,0.01457545044496308,1
2008-08-04,0.0005894003847771382,-0.02427756958134686,0.008700000000000041,522052000.0,23.489999771118164,0.007894596527970796,0
2008-08-05,0.003162241492051369,0.056233810933026485,0.013299999999999979,685844000.0,21.139999389648438,0.006971273640729476,0
2008-08-06,0.0006814070662585295,0.02610377494268845,0.018299999999999983,814864000.0,20.229999542236328,0.011886968384083789,1
2008-08-07,0.0002383597305260755,-0.015438903151651528,0.01799999999999996,819232000.0,21.149999618530273,0.015710922928257386,1
2008-08-08,0.0007822558071001001,-0.027968836355846127,0.013499999999999956,853764000.0,20.65999984741211,0.00691130805505537,0
2008-08-11,0.0004356226214864293,0.020871574485084476,0.011499999999999955,1196436000.0,20.1200008392334,0.010166564895763175,1
2008-08-12,0.00020584927582427903,-0.014347448408141394,0.01100000000000001,1410868000.0,21.170000076293945,0.027204906195591648,1
2008-08-13,0.010388202454429219,0.10192253163275145,0.019500000000000017,2095260000.0,21.549999237060547,0.01532628644075787,0
2008-08-14,0.0034348304941065025,0.05860742695347154,0.03309999999999996,1635304000.0,20.34000015258789,0.01491829558275869,0
2008-08-15,9.496668647780492e-06,-0.0030816665374080454,0.012700000000000045,777652000.0,19.579999923706055,0.005316744867413844,0
2008-08-18,0.0003945444696782105,0.01986314349941143,0.010700000000000043,893968000.0,20.979999542236328,0.003815715094683635,0
2008-08-19,0.00022545914760175171,0.015015297119995719,0.013700000000000045,1014140000.0,21.280000686645508,0.013540547857238884,1
2008-08-20,0.002304885126883992,0.04800921918636036,0.014999999999999958,1143692000.0,20.420000076293945,0.007948422726271913,0
2008-08-21,0.001103305978169159,-0.033216050008529896,0.014999999999999958,1021560000.0,19.81999969482422,0.009531936853257305,1
2008-08-22,7.769463947777441e-07,-0.000881445627805677,0.013999999999999957,459264000.0,18.809999465942383,0.007307270583275448,0
2008-08-25,0.00021048283262231778,-0.014508026489578718,0.01200000000000001,471600000.0,20.969999313354492,0.005254105143864628,0
2008-08-26,0.0005831486982467087,-0.02414847196504799,0.013500000000000012,613112000.0,20.489999771118164,0.008679930548330403,1
2008-08-27,5.7900360166526247e-05,0.0076092286183637725,0.01699999999999996,454620000.0,19.760000228881836,0.00578206446489088,0
2008-08-28,1.5599120569593935e-05,-0.00394957220083314,0.008500000000000008,365192000.0,19.43000030517578,0.005237538312486888,0
2008-08-29,0.0015050228775073983,-0.03879462433775327,0.010000000000000009,516004000.0,20.649999618530273,0.006775125605632223,1
2008-09-02,0.0006575342477598331,-0.025642430613337597,0.020199999999999996,693928000.0,21.989999771118164,0.00928117050781986,1
2008-09-03,0.003031579063444631,-0.05505977718302746,0.016199999999999992,714856000.0,21.43000030517578,0.008829592107866352,0
2008-09-04,0.0001909135112367104,-0.013817145553141952,0.005400000000000016,716128000.0,24.030000686645508,0.006221356427156907,0
2008-09-05,0.0002203970606264516,0.014845775851280107,0.007699999999999985,791100000.0,23.059999465942383,0.009819622944039774,1
2008-09-08,0.001763460245308889,-0.04199357385730451,0.019499999999999962,1314840000.0,22.639999389648438,0.013019045399703505,1
2008-09-09,0.0011931918330020752,-0.03454260894897887,0.026600000000000013,1098296000.0,25.469999313354492,0.015184311550245397,1
2008-09-10,5.47074732140933e-07,0.0007396450041343705,0.010200000000000042,644284000.0,24.520000457763672,0.005263579959088542,0
2008-09-11,0.0024257967566561765,-0.049252378182745415,0.014000000000000012,1066976000.0,24.389999389648438,0.019900896149055356,1
2008-09-12,0.00011953788241081234,-0.010933338118379599,0.01680000000000001,1209200000.0,25.65999984741211,0.01618920133453508,0
2008-09-15,0.00831673904390821,-0.09119615695800021,0.01999999999999999,863984000.0,31.700000762939453,0.015180781283528528,0
2008-09-16,0.0009557383111062678,0.0309150175660029,0.02149999999999999,1240840000.0,30.299999237060547,0.020674560806944364,1
2008-09-17,0.001735195282102434,0.041655675268832626,0.023499999999999993,1392580000.0,36.220001220703125,0.012403330884373879,0
2008-09-18,0.007300588585091885,0.08544348181746741,0.032999999999999974,1611060000.0,33.099998474121094,0.025582439493352024,1
2008-09-19,0.002142420536470885,0.04628628886042696,0.014999999999999958,1107344000.0,32.06999969482422,0.02476973035950979,0
2008-09-22,0.0004520861519312902,-0.021262317651923324,0.013400000000000023,700072000.0,33.849998474121094,0.012553385350770045,0
2008-09-23,0.0008451704170433258,-0.02907181482197707,0.016900000000000026,821468000.0,35.720001220703125,0.011269511427345042,0
2008-09-24,0.001311135412441836,0.0362096038702695,0.020500000000000018,866036000.0,35.189998626708984,0.056623084367769264,1
2008-09-25,0.00038883694134144185,0.019718948788955304,0.01699999999999996,588328000.0,32.81999969482422,0.008464820241131508,0
2008-09-26,0.0003479489805454031,0.01865339059113391,0.019699999999999995,646852000.0,34.7400016784668,0.016412055064004373,1
2008-09-29,0.02132395791814117,-0.1460272506011846,0.03799999999999998,975240000.0,46.720001220703125,0.02420464816936484,1
2008-09-30,0.0034608729538363973,0.05882918454165753,0.01649999999999996,659044000.0,39.38999938964844,0.013603779942157133,0
2008-10-01,0.0008068793189707037,-0.028405621256552438,0.013000000000000012,557208000.0,39.810001373291016,0.014538329064138357,1
2008-10-02,0.012086442455114942,-0.10993835752418235,0.03,787728000.0,45.2599983215332,0.018584803087094585,1
2008-10-03,0.0010398562882923666,-0.03224680276077563,0.01949999999999999,915828000.0,45.13999938964844,0.019496179415317883,1
2008-10-06,0.01974449461633647,-0.14051510458429894,0.03270000000000001,1677440000.0,52.04999923706055,0.03288809980307337,1
2008-10-07,0.0065024089649486205,-0.0806375158654371,0.024300000000000016,1059984000.0,53.68000030517578,0.019394229469205736,0
2008-10-08,0.0004316890455081861,0.020777127941758122,0.022699999999999998,1219456000.0,57.529998779296875,0.02936519590914504,1
2008-10-09,0.004353698845683591,-0.0659825647098049,0.0232,909636000.0,63.91999816894531,0.0495784126439626,1
2008-10-10,0.0002474331148446705,-0.015730006829136167,0.02629999999999999,1200252000.0,69.94999694824219,0.028664125644073675,0
2008-10-13,0.02796745992755675,0.16723474497710322,0.019000000000000017,916536000.0,54.9900016784668,0.020664176043062824,0
2008-10-14,0.000511137400536765,-0.02260834802759293,0.018699999999999994,1209012000.0,55.130001068115234,0.027823472290017952,1
2008-10-15,0.01312146004739244,-0.11454894171223251,0.02100000000000002,854064000.0,69.25,0.021000858257856442,0
2008-10-16,0.008548317341536526,0.09245711082191854,0.02100000000000002,1019820000.0,67.61000061035156,0.022443873543294236,1
2008-10-17,3.9103476760974166e-05,-0.0062532772816319415,0.01880000000000001,839416000.0,70.33000183105469,0.025426778865570036,1
2008-10-20,0.0003669784697524667,0.019156682117539736,0.008899999999999991,595764000.0,52.970001220703125,0.014270325327449047,0
2008-10-21,0.0064068350517112,-0.08004270767353638,0.014300000000000007,659116000.0,53.11000061035156,0.020508901076200157,1
2008-10-22,0.0014388862522783997,-0.03793265416864999,0.016499999999999987,600996000.0,69.6500015258789,0.017404963491650997,0
2008-10-23,0.0033885445487100234,-0.05821120638425237,0.02049999999999999,832192000.0,67.80000305175781,0.026360419943402314,1
2008-10-24,0.00010699566208380513,0.010343870749569772,0.02460000000000001,798336000.0,79.12999725341797,0.04908666853376209,1
2008-10-27,0.00287522144712006,0.053621091439097546,0.025499999999999995,698936000.0,80.05999755859375,0.024070810184311744,0
2008-10-28,0.01961016369905205,0.14003629422064856,0.0204,849920000.0,66.95999908447266,0.02602410494179464,1
2008-10-29,0.001017900088566769,0.03190454651874508,0.021800000000000014,977284000.0,69.95999908447266,0.02475261379912057,0
2008-10-30,0.0017333283014791922,0.04163325955866526,0.017499999999999988,657176000.0,62.900001525878906,0.017181092265939724,0
2008-10-31,0.00021666889076254637,0.014719676992466457,0.014700000000000019,608672000.0,59.88999938964844,0.009766935151514448,0
2008-11-03,0.0013848517525887857,-0.03721359634043431,0.020300000000000012,723924000.0,53.68000030517578,0.017446561184158636,1
2008-11-04,0.003846179448409221,0.0620175737062425,0.01200000000000001,619560000.0,47.72999954223633,0.011288332338451003,0
2008-11-05,0.002864706146175123,-0.053522949714819745,0.009700000000000014,787620000.0,54.560001373291016,0.014077863093039607,1
2008-11-06,0.012254614626539276,-0.1107005629007336,0.01780000000000001,797936000.0,63.68000030517578,0.03200363162908094,1
2008-11-07,0.018182599110425596,0.1348428682223335,0.02429999999999999,1132068000.0,56.099998474121094,0.012438557137450202,0
2008-11-10,0.0044056497774366135,-0.06637506894487277,0.02830000000000002,576396000.0,59.97999954223633,0.019967157523840085,1
2008-11-11,0.002035853679899036,-0.045120435280469495,0.009500000000000008,576484000.0,61.439998626708984,0.01284675764940478,0
2008-11-12,0.0036948029822849995,-0.06078489106912177,0.012200000000000016,646092000.0,66.45999908447266,0.027046831285713346,1
2008-11-13,0.006173941463538154,0.0785744326326201,0.02729999999999999,797228000.0,59.83000183105469,0.03198240708536035,1
2008-11-14,0.010348732374397152,-0.10172871951615803,0.013000000000000012,741024000.0,66.30999755859375,0.020651226503490588,0
2008-11-17,0.0004588737090787936,-0.021421337705166632,0.00849999999999998,388224000.0,69.1500015258789,0.012337816091496296,0
2008-11-18,0.0010901730716308298,-0.03301776902867348,0.015999999999999986,564488000.0,67.63999938964844,0.018604676705805016,1
2008-11-19,0.007404282473285058,-0.08604814044059905,0.017499999999999988,500220000.0,74.26000213623047,0.024612990461742857,1
2008-11-20,0.0029970103888419305,-0.05474495765677356,0.016399999999999998,847036000.0,80.86000061035156,0.024094984673045685,0
2008-11-21,0.0061177029919524135,0.07821574644502483,0.015699999999999992,599064000.0,72.66999816894531,0.042336988827127886,1
2008-11-24,0.004064638160617386,0.06375451482536265,0.011999999999999983,600308000.0,64.69999694824219,0.01294428438068193,0
2008-11-25,0.0007752897934209785,0.02784402617117321,0.008199999999999985,528256000.0,60.900001525878906,0.006928690570686444,0
2008-11-26,0.00721808453930185,0.08495931108066879,0.01999999999999999,600792000.0,54.91999816894531,0.019144801185595875,1
2008-11-28,0.0003445941951460658,-0.018563248507361685,0.005700000000000011,175248000.0,55.279998779296875,0.008966192612822402,0
2008-12-01,0.008018350801868185,-0.08954524444027268,0.010499999999999982,547112000.0,68.51000213623047,0.024298964549401385,1
2008-12-02,0.0029299322783459952,0.05412884885480196,0.010699999999999987,479988000.0,62.97999954223633,0.020837237398013436,0
2008-12-03,0.0024767437695821827,0.049766894313209686,0.017999999999999988,584632000.0,60.720001220703125,0.02519963983912717,1
2008-12-04,0.004656600965653373,-0.06823929194865208,0.022199999999999998,466292000.0,63.63999938964844,0.017419062503924266,0
2008-12-05,0.0015043557380277947,0.0387860250351566,0.01629999999999998,438484000.0,59.93000030517578,0.03925176879694426,1
2008-12-08,0.0010990688499827581,-0.033152207316900606,0.017499999999999988,707992000.0,58.4900016784668,0.025929768828675828,0
2008-12-09,0.008508424899023308,0.09224112368690718,0.028499999999999998,829760000.0,58.90999984741211,0.028907205649956788,1
2008-12-10,0.008283971345868335,0.09101632461195264,0.022999999999999993,961124000.0,55.72999954223633,0.022541804643884583,0
2008-12-11,0.0018918590355587084,-0.043495505923700994,0.017699999999999994,582700000.0,55.779998779296875,0.020494087728764827,0
2008-12-12,0.002410077037932478,0.04909253546041881,0.02149999999999999,679268000.0,54.279998779296875,0.020055000330820527,0
2008-12-15,0.0010956065858266845,-0.03309994842634478,0.016199999999999992,476996000.0,56.7599983215332,0.017362253903434103,0
2008-12-16,0.004243128687319848,0.06513930217096164,0.014500000000000013,521940000.0,52.369998931884766,0.010923129741201838,0
2008-12-17,0.002338793255336213,0.048361071693421076,0.021199999999999997,674180000.0,49.84000015258789,0.011981764115957923,1
2008-12-18,0.009372845084404807,-0.096813455079368,0.023399999999999976,550808000.0,47.34000015258789,0.022349258924357327,1
2008-12-19,4.994485255915181e-05,0.007067167223092419,0.010300000000000004,593120000.0,44.93000030517578,0.013791645350696562,0
2008-12-22,0.0036575786820711347,-0.06047791896280108,0.023999999999999994,522464000.0,44.560001373291016,0.021981191047551595,1
2008-12-23,0.00018381468809279392,-0.013557827558012159,0.011199999999999988,377452000.0,45.02000045776367,0.008820801309143577,0
2008-12-24,0.0006034996703530651,-0.024566230283726176,0.009500000000000008,146616000.0,44.209999084472656,0.013936951331366135,1
2008-12-26,0.0007459793276556687,-0.027312622130723163,0.013000000000000012,226156000.0,43.380001068115234,0.011053897365462343,0
2008-12-29,0.000989047946481709,0.03144913268250349,0.01580000000000001,460168000.0,43.900001525878906,0.01585916317113055,1
2008-12-30,0.001155153370787132,0.03398754728995801,0.011699999999999988,409860000.0,41.630001068115234,0.014677518678242435,0
2008-12-31,4.176857453998123e-05,0.0064628611728847485,0.012300000000000005,441580000.0,40.0,0.01434607098783125,0
2009-01-02,0.0058217056536195265,0.07630010257935127,0.018199999999999994,497124000.0,39.189998626708984,0.012865002998903766,0
2009-01-05,0.00033119866608315174,0.0181988644174067,0.013000000000000012,705736000.0,39.08000183105469,0.013061026555195221,1
2009-01-06,0.001077080848620478,0.032818909924317685,0.0126,657904000.0,38.560001373291016,0.014426198611325674,1
2009-01-07,0.003798759237689379,-0.06163407529678189,0.016199999999999992,870096000.0,43.38999938964844,0.016303004888658098,1
2009-01-08,0.0006683971967379229,-0.02585337882633376,0.01579999999999998,1014496000.0,42.560001373291016,0.017294067958114022,1
2009-01-09,0.0033444140151300326,-0.05783090882158115,0.012199999999999989,761352000.0,42.81999969482422,0.01630883978328587,0
2009-01-12,0.0016544432267775319,-0.0406748475937837,0.011699999999999988,645532000.0,45.84000015258789,0.01273906231283774,0
2009-01-13,2.7469151684923442e-05,0.005241102144103227,0.01820000000000002,1824424000.0,43.27000045776367,0.016592146760885836,1
2009-01-14,0.002065722264084992,-0.04545021742615751,0.0068000000000000005,974908000.0,49.13999938964844,0.011189958181333432,0
2009-01-15,0.0012208314959218554,0.03494039919522751,0.012300000000000005,998204000.0,51.0,0.015407677328290584,1
2009-01-16,0.0029142515260919123,0.053983807999176125,0.013200000000000017,831324000.0,46.11000061035156,0.010415577319456812,0
2009-01-20,0.010546208803173973,-0.10269473600518175,0.021200000000000024,705788000.0,56.650001525878906,0.013913030321855757,1
2009-01-21,0.0022207547721607183,0.04712488485037092,0.013300000000000006,648472000.0,46.41999816894531,0.017212095094904938,1
2009-01-22,0.0003493958365440034,-0.018692133012152556,0.011700000000000016,547656000.0,47.290000915527344,0.015583239509726104,0
2009-01-23,0.0014898442122049773,0.03859850012895549,0.018500000000000016,633616000.0,47.27000045776367,0.01868465446414543,1
2009-01-26,0.0010664119177626944,0.0326559629740526,0.014499999999999985,581748000.0,45.689998626708984,0.018090086595736445,0
2009-01-27,0.003311863037741093,0.057548788325568534,0.010699999999999987,725300000.0,42.25,0.019593269272369745,1
2009-01-28,0.0016695321220934706,0.040859908493454444,0.011700000000000016,723752000.0,39.65999984741211,0.01826137473180826,0
2009-01-29,0.003599909845062668,-0.05999924870415185,0.009000000000000008,413128000.0,42.630001068115234,0.008832576306807,0
2009-01-30,0.001633735902878625,-0.040419499042895435,0.01479999999999998,506760000.0,44.84000015258789,0.015862565295147034,1
2009-02-02,0.0027483224482073953,0.05242444513971889,0.016999999999999987,577992000.0,45.52000045776367,0.013801857365831031,0
2009-02-03,0.00014071974397672257,0.011862535309819844,0.00949999999999998,396948000.0,43.060001373291016,0.009517065407093147,0
2009-02-04,0.0007789004541638847,0.027908788117076755,0.01630000000000001,779232000.0,43.849998474121094,0.022045662623121378,1
2009-02-05,0.005016329722451848,0.07082605256861241,0.026499999999999996,919192000.0,43.72999954223633,0.020531891957317822,0
2009-02-06,0.002836326867235721,0.05325717667353125,0.0174,1157880000.0,43.369998931884766,0.011768127161693918,0
2009-02-09,0.0001812079305923688,-0.013461349508588238,0.012499999999999983,716128000.0,43.63999938964844,0.006889582326382534,0
2009-02-10,0.001942913188727424,-0.044078488956943884,0.017999999999999988,1129664000.0,46.66999816894531,0.027807305017413117,1
2009-02-11,0.017929031318146167,-0.1338993327770761,0.02579999999999999,1983400000.0,44.529998779296875,0.02543086562694296,0
2009-02-12,0.000416117524721753,0.020398958912693388,0.012699999999999989,1024020000.0,41.25,0.013499600823388358,0
2009-02-13,9.25445993632208e-07,-0.0009620010361908182,0.00839999999999999,764304000.0,42.93000030517578,0.007454046020879866,0
2009-02-17,0.003538149791250354,-0.059482348568717036,0.009699999999999986,779576000.0,48.65999984741211,0.011648916041618015,1
2009-02-18,0.000687025850190532,0.0262111779626657,0.011999999999999983,646252000.0,48.459999084472656,0.012856902365747307,1
2009-02-19,0.006440066674860218,-0.08025002601158593,0.021300000000000013,743988000.0,47.08000183105469,0.021263619450954067,1
2009-02-20,0.0006526437038688588,0.02554689225461404,0.01200000000000001,770056000.0,49.29999923706055,0.011961091733673039,0
2009-02-23,0.0022416551356044486,-0.04734612059719834,0.014200000000000018,679548000.0,52.619998931884766,0.015267359975517534,1
2009-02-24,0.007396131663783445,0.08600076548370628,0.01570000000000002,659524000.0,45.4900016784668,0.012632981055205708,0
2009-02-25,0.00012234455648797038,0.011060947359424977,0.015499999999999986,702360000.0,44.66999816894531,0.012314914567544837,0
2009-02-26,0.0010229152220383349,0.03198304585305056,0.009500000000000008,1117556000.0,44.65999984741211,0.015683817111466675,1
2009-02-27,5.8485660047239e-06,0.0024183808642816995,0.011999999999999983,755444000.0,46.349998474121094,0.008613906220195545,0
2009-03-02,0.007802148046172055,-0.08832976874288789,0.0174,700064000.0,52.650001525878906,0.01668777331792777,1
2009-03-03,0.0015065812633373254,0.03881470421550737,0.017699999999999994,1041372000.0,50.93000030517578,0.026668244146103325,1
2009-03-04,0.005044020756667058,0.0710212697483441,0.016999999999999987,1108668000.0,47.560001373291016,0.02745304592431851,1
2009-03-05,0.0005723858193503121,-0.02392458608524528,0.01150000000000001,955252000.0,50.16999816894531,0.009399713873703258,0
2009-03-06,0.0002513583072360604,0.015854283561109295,0.013399999999999995,974756000.0,49.33000183105469,0.01352541222841919,1
2009-03-09,0.00012151438392811111,-0.011023356291443687,0.017000000000000015,682768000.0,49.68000030517578,0.014346856841489118,1
2009-03-10,0.007522129841602795,0.08673021296873884,0.01730000000000001,1254800000.0,44.369998931884766,0.01684216580989872,1
2009-03-11,0.0007305491310534643,0.027028672387919173,0.07370000000000002,864916000.0,43.61000061035156,0.007365203871384713,0
2009-03-12,0.003278019224686791,0.057253988722942184,0.01999999999999999,1604604000.0,41.18000030517578,0.018708864274677914,1
2009-03-13,2.3873027325389062e-05,-0.004886003205626155,0.009699999999999986,1195156000.0,42.36000061035156,0.012776873318071322,0
2009-03-16,0.0015639887069866757,-0.03954729708825466,0.01429999999999998,699344000.0,43.7400016784668,0.0131211938975416,1
2009-03-17,0.0023903554091027307,0.04889126107089825,0.014600000000000002,1005384000.0,40.79999923706055,0.01594448946279935,1
2009-03-18,0.0009401196489749634,0.030661370631055673,0.019099999999999978,1359560000.0,40.060001373291016,0.015957158065737793,1
2009-03-19,0.0001400543877987045,-0.01183445764700286,0.00649999999999995,822648000.0,43.68000030517578,0.005494284356550536,0
2009-03-20,0.0031717656241458296,-0.05631843059022357,0.0242,1093672000.0,45.88999938964844,0.013422358493813605,1
2009-03-23,0.004915657869829319,0.07011175272255943,0.01580000000000001,816048000.0,43.22999954223633,0.017237816789293522,1
2009-03-24,0.0019366249145576114,-0.044007100728832516,0.008300000000000002,1114868000.0,42.93000030517578,0.009125576300994215,0
2009-03-25,0.00026333294481045087,0.016227536621756578,0.02100000000000002,1243852000.0,42.25,0.015604459705419935,1
2009-03-26,0.00366100720992326,0.06050625760963291,0.014700000000000019,1333664000.0,40.36000061035156,0.013778183343074343,0
2009-03-27,9.053179280720283e-05,-0.009514819641338601,0.010299999999999976,731892000.0,41.040000915527344,0.03629700855406299,1
2009-03-30,0.004355040791229699,-0.06599273286680662,0.013499999999999984,780052000.0,45.540000915527344,0.016270354120796963,0
2009-03-31,4.789252916501154e-05,0.006920442844573715,0.007700000000000012,805272000.0,44.13999938964844,0.011898622401477625,0
2009-04-01,0.0006170763199208025,0.024841020911403833,0.020800000000000013,887920000.0,42.279998779296875,0.009658406692501936,0
2009-04-02,0.0020828486677243988,0.045638236904205653,0.010699999999999987,1002860000.0,42.040000915527344,0.013931857292051198,1
2009-04-03,0.004570523417709434,0.06760564634488331,0.02350000000000002,1003208000.0,39.70000076293945,0.010793782968809583,0
2009-04-06,7.968578566618589e-06,0.0028228670827048497,0.011699999999999988,887288000.0,40.93000030517578,0.00873308313292586,0
2009-04-07,0.0012349361507357345,-0.035141658337872084,0.008900000000000019,607804000.0,40.38999938964844,0.010383386665952333,1
2009-04-08,0.001605010488691405,0.04006258215207059,0.011199999999999988,731652000.0,38.849998474121094,0.0055444314371157115,0
2009-04-09,0.0029073206985295572,0.053919576208734776,0.011799999999999977,904412000.0,36.529998779296875,0.010828675775540626,1
2009-04-13,0.0010956065858266845,-0.03309994842634478,0.012699999999999989,767628000.0,37.810001373291016,0.012963477191984563,1
2009-04-14,3.797385125313652e-05,0.0061622926945363865,0.014000000000000012,711960000.0,37.66999816894531,0.01668113908525705,1
2009-04-15,0.0008057326067212758,-0.028385429479246493,0.01319999999999999,1045368000.0,36.16999816894531,0.010993938028965517,0
2009-04-16,0.0006233322505651729,0.02496662273046102,0.01649999999999996,1038772000.0,35.790000915527344,0.01368619030972511,1
2009-04-17,4.659379914231948e-05,0.0068259650703998975,0.011800000000000033,695764000.0,33.939998626708984,0.007912744579838834,0
2009-04-20,0.003855482953556531,-0.06209253540931092,0.01040000000000002,590660000.0,39.18000030517578,0.013176211097390011,1
2009-04-21,8.407699508470656e-06,-0.0028996033364014906,0.01849999999999996,932184000.0,37.13999938964844,0.02608354685512966,1
2009-04-22,0.0008810292054163474,0.029682136132973103,0.0267,916404000.0,38.099998474121094,0.015073980186158818,0
2009-04-23,0.0002670411525596306,-0.016341393837724816,0.01849999999999996,753952000.0,37.150001525878906,0.02329785566759824,1
2009-04-24,0.0005458715712326757,0.023363894607549396,0.0126,759508000.0,36.81999969482422,0.008649004651944155,0
2009-04-27,0.0013472303701662174,-0.03670463690279768,0.016199999999999992,787024000.0,38.31999969482422,0.012415984610437565,1
2009-04-28,8.407699508470656e-06,0.0028996033364014906,0.012499999999999956,634392000.0,37.95000076293945,0.009290713965725372,0
2009-04-29,0.0002460244209463583,-0.01568516563337341,0.010000000000000009,859668000.0,36.08000183105469,0.008417782071311516,0
2009-04-30,0.0028815584464369744,0.05368014946362365,0.019999999999999962,1110276000.0,36.5,0.011192418946698953,1
2009-05-01,0.00027510933933239454,0.01658642032906421,0.012500000000000011,840548000.0,35.29999923706055,0.007605287665568285,0
2009-05-04,0.0027464361229640423,0.052406451157887446,0.017000000000000015,927704000.0,34.529998779296875,0.01029073913432387,1
2009-05-05,0.001722227665332898,-0.04149973090675285,0.014000000000000012,837076000.0,33.36000061035156,0.011865289232668226,1
2009-05-06,0.000422247765919251,-0.020548668227387656,0.017799999999999983,935088000.0,32.45000076293945,0.014980442079571714,1
2009-05-07,0.005523600737268254,-0.07432093068085366,0.030999999999999972,1289196000.0,33.439998626708984,0.02332623854656927,1
2009-05-08,0.022148172412179815,-0.14882262063335605,0.03470000000000001,2930564000.0,32.04999923706055,0.029998485510140345,1
2009-05-11,0.0003881235421436227,0.019700851305048284,0.015999999999999986,1038596000.0,32.869998931884766,0.012183396172824223,0
2009-05-12,0.0024116232550120964,-0.049108280920961755,0.02099999999999999,1201384000.0,31.799999237060547,0.01891187077560139,1
2009-05-13,0.004457989388440046,-0.06676817646484023,0.016100000000000003,1305608000.0,33.650001525878906,0.016113906832306978,0
2009-05-14,0.00020120386985503179,0.014184634991956324,0.009300000000000003,1017864000.0,31.3700008392334,0.011035043516527612,0
2009-05-15,0.0006499363279741458,0.025493848826219745,0.014000000000000012,780308000.0,33.119998931884766,0.013386635289627195,1
2009-05-18,0.0034915000377816305,0.05908891637000657,0.009699999999999986,938320000.0,30.239999771118164,0.01060578136240032,0
2009-05-19,0.000353589395229756,0.018803972857610596,0.00949999999999998,859768000.0,28.799999237060547,0.010456836021135648,0
2009-05-20,0.0008529464131229647,0.02920524632874999,0.01679999999999998,1309436000.0,29.030000686645508,0.01788907901138131,1
2009-05-21,3.332997577300287e-05,-0.005773211911319631,0.010000000000000009,965600000.0,31.350000381469727,0.012439755164646016,0
2009-05-22,0.00023061487098461337,0.015186009053882898,0.011800000000000005,718260000.0,32.630001068115234,0.009440096127813359,0
2009-05-26,0.0027834714980989376,0.052758615392170194,0.01999999999999999,865540000.0,30.6200008392334,0.012597427010931998,1
2009-05-27,2.385177078527953e-06,0.0015444018513741664,0.01200000000000001,814152000.0,32.36000061035156,0.009313599404100786,0
2009-05-28,0.0001902557354463863,0.013793322132335861,0.013500000000000012,995288000.0,31.670000076293945,0.007906634027508692,0
2009-05-29,5.8361296500921586e-05,-0.0076394565579576135,0.011699999999999988,834232000.0,28.920000076293945,0.011807756906927319,1
2009-06-01,0.0022607925059631847,0.047547791809538165,0.012200000000000044,1022764000.0,30.040000915527344,0.008060962922164882,0
2009-06-02,7.131913629531532e-05,-0.008445065795795514,0.013200000000000045,907984000.0,29.6299991607666,0.007419351045894979,0
2009-06-03,0.0009899373248473356,-0.03146326945578504,0.012500000000000011,735688000.0,31.020000457763672,0.011946406430869333,1
2009-06-04,0.0012610391514176597,0.03551111306925847,0.009599999999999997,673180000.0,30.18000030517578,0.008459361363954114,0
2009-06-05,3.051301429231263e-05,-0.005523858641593993,0.009699999999999986,559992000.0,29.6200008392334,0.012171245159832457,1
2009-06-08,3.511680361018728e-05,-0.00592594326754714,0.01050000000000001,473948000.0,29.770000457763672,0.005902068554688286,0
2009-06-09,0.0028643519075427057,0.05351964039063328,0.01599999999999996,725032000.0,28.270000457763672,0.01141622743555602,1
2009-06-10,0.0009733383440598489,0.03119837085586119,0.015600000000000003,833320000.0,28.459999084472656,0.012676695443921597,1
2009-06-11,0.00017041001588109892,-0.013054118732457543,0.017500000000000016,835156000.0,28.110000610351562,0.010462039573186945,0
2009-06-12,2.354865683152577e-05,-0.00485269583134218,0.010299999999999976,595000000.0,28.149999618530273,0.013299595682739801,1
2009-06-15,0.0002828752899064378,-0.016818896810030015,0.008199999999999985,445164000.0,30.809999465942383,0.008555024332708194,0
2009-06-16,0.0007811349510085992,-0.027948791584048838,0.01529999999999998,594912000.0,32.68000030517578,0.0074627857672132205,0
2009-06-17,0.0005957975664605816,0.024408964878924744,0.016000000000000014,799016000.0,31.540000915527344,0.013040878535835012,1
2009-06-18,0.0003879422631062011,-0.019696249975723834,0.012699999999999989,566376000.0,30.030000686645508,0.00979189977921887,0
2009-06-19,0.0001164558600007586,0.010791471632764393,0.010699999999999987,747564000.0,27.989999771118164,0.00932621391029768,0
2009-06-22,0.0033421177694138316,-0.057811052311939726,0.01770000000000005,574864000.0,31.170000076293945,0.011400288626308791,1
2009-06-23,2.440516355021745e-05,-0.00494015825153582,0.014499999999999957,589764000.0,30.579999923706055,0.010110846854074101,0
2009-06-24,0.0010631169370184997,0.03260547403456204,0.011700000000000044,515096000.0,29.049999237060547,0.014145804388983586,1
2009-06-25,0.0026404668384988144,0.051385473029824436,0.019999999999999962,870444000.0,26.360000610351562,0.01131845055214003,0
2009-06-26,0.00016580325274010048,0.012876461188544797,0.008400000000000019,513956000.0,25.93000030517578,0.004959672908125058,0
2009-06-29,0.0,0.0,0.008299999999999974,510056000.0,25.350000381469727,0.0058476941434125115,1
2009-06-30,0.0006003700984356464,-0.024502450865895975,0.015199999999999991,589844000.0,26.350000381469727,0.006744456682228474,1
2009-07-01,2.112398582867712e-05,0.004596083749093038,0.008400000000000019,696420000.0,26.219999313354492,0.007644728961877802,1
2009-07-02,0.0015660626196786938,-0.03957350906450796,0.009000000000000008,552312000.0,27.950000762939453,0.009731755150407912,1
2009-07-06,0.0010528320678203087,-0.03244737382008456,0.013300000000000034,752456000.0,29.0,0.010256371116282149,1
2009-07-07,0.001986697472157541,-0.044572384636202056,0.01479999999999998,1072996000.0,30.850000381469727,0.009514397766957276,0
2009-07-08,2.509558936128626e-06,0.001584158747136355,0.011700000000000016,1205860000.0,31.299999237060547,0.012469601368821115,1
2009-07-09,0.0004804287831505695,0.0219186857076461,0.006200000000000039,714564000.0,29.780000686645508,0.007892085775279164,0
2009-07-10,1.2098323071611015e-05,0.0034782643763249244,0.00830000000000003,520008000.0,29.020000457763672,0.004985290106882855,0
2009-07-13,0.0001413464757073963,0.01188892239470829,0.01570000000000002,556012000.0,26.309999465942383,0.01659961257672512,1
2009-07-14,0.0004306266773374409,0.020751546384244257,0.007599999999999996,452568000.0,25.020000457763672,0.011863772110661771,0
2009-07-15,0.0016204042911837518,0.04025424562929669,0.009199999999999986,1022808000.0,25.889999389648438,0.004305401398655161,0
2009-07-16,0.002536158922308327,0.05036029112612761,0.013900000000000023,952076000.0,25.420000076293945,0.007427242623626607,1
2009-07-17,0.0008357636030743018,0.02890957632125213,0.0126,850356000.0,24.34000015258789,0.005581882434712564,0
2009-07-20,0.00014847988566641185,0.01218523227790147,0.008599999999999997,782756000.0,24.399999618530273,0.00724686805114822,1
2009-07-21,0.00043420276116063866,-0.020837532511327694,0.013799999999999979,941296000.0,23.8700008392334,0.014085785296596666,1
2009-07-22,0.0006291981960001177,0.025083823392778815,0.018299999999999983,600908000.0,23.469999313354492,0.0053615408404941835,0
2009-07-23,0.0033211146463377715,0.05762911283663641,0.02200000000000002,1046120000.0,23.43000030517578,0.01365485853721658,1
2009-07-24,9.496668647780492e-06,-0.0030816665374080454,0.01200000000000001,650592000.0,23.09000015258789,0.009811403311865143,0
2009-07-27,2.1334660823379296e-05,0.00461894585629441,0.012299999999999978,677484000.0,24.280000686645508,0.008805756344635105,0
2009-07-28,2.355978540962569e-06,0.001534919718083838,0.009000000000000008,563180000.0,25.010000228881836,0.009787775309507234,1
2009-07-29,0.0004056239320900529,-0.020140107549118325,0.007999999999999952,373972000.0,25.610000610351562,0.006662392246690767,0
2009-07-30,6.075067175148851e-05,0.007794271726818902,0.010000000000000009,468444000.0,25.399999618530273,0.010061134402981627,1
2009-07-31,1.6233962588050713e-05,0.004029139186979114,0.013299999999999979,541560000.0,25.920000076293945,0.009162281557681761,0
2009-08-03,0.0007051300085831154,0.026554284185101196,0.01100000000000001,471900000.0,25.559999465942383,0.009565825580689004,1
2009-08-04,4.362136522830626e-05,0.0066046472448046956,0.014200000000000046,695380000.0,24.889999389648438,0.008346873913604698,0
2009-08-05,5.71647771127576e-06,0.002390915663773141,0.009200000000000041,610768000.0,24.899999618530273,0.004855794283269869,0
2009-08-06,0.00044592445560979284,-0.021116923440922752,0.016199999999999992,957588000.0,25.670000076293945,0.019497549187900656,1
2009-08-07,0.0019477727370471021,0.04413357833948095,0.017799999999999983,1401872000.0,24.760000228881836,0.007125168788021787,0
2009-08-10,0.0011235486410183086,-0.03351937709770736,0.020699999999999996,693312000.0,24.989999771118164,0.007174151197254995,1
2009-08-11,0.0005523331170991586,-0.023501768382382604,0.012199999999999989,481884000.0,25.989999771118164,0.00979276911944483,1
2009-08-12,0.0013242105135331055,0.03638970339990566,0.015500000000000014,634940000.0,25.450000762939453,0.013307149537235469,1
2009-08-13,0.0008611189659008334,0.02934482860574983,0.01479999999999998,564028000.0,24.709999084472656,0.007889028459385546,0
2009-08-14,0.0009143739482423292,-0.030238616837453547,0.01479999999999998,427148000.0,24.270000457763672,0.008289252127296627,1
2009-08-17,0.0018168405609237076,-0.04262441273406248,0.008299999999999974,465032000.0,27.889999389648438,0.008286844289992533,0
2009-08-18,0.0012992738627357141,0.03604544163601986,0.015700000000000047,636200000.0,26.18000030517578,0.011008328829212658,1
2009-08-19,0.00013148363500142896,-0.011466631371132019,0.006500000000000006,552996000.0,26.260000228881836,0.006208204255872742,0
2009-08-20,0.0014973265330568437,0.03869530375971797,0.016699999999999993,819840000.0,25.09000015258789,0.0052173015052713444,0
2009-08-21,0.0002724272266826331,0.01650536963180871,0.010599999999999998,607324000.0,25.010000228881836,0.006228230355919209,1
2009-08-24,0.0007982283350834929,-0.028252934981758848,0.013499999999999956,461456000.0,25.139999389648438,0.005082428070748412,0
2009-08-25,7.78556815203222e-05,0.008823586658514904,0.010499999999999954,444088000.0,24.920000076293945,0.004595498677044889,0
2009-08-26,0.00013560519114661428,0.011644964196879881,0.006699999999999984,434308000.0,24.950000762939453,0.0031817437572973757,0
2009-08-27,0.00018256810807807132,0.013511776644026918,0.008500000000000008,551072000.0,24.68000030517578,0.005597953721973693,1
2009-08-28,0.0025121997418885446,0.050121848947226044,0.016600000000000004,883992000.0,24.760000228881836,0.011520436444277783,1
2009-08-31,0.00020230608994659338,-0.014223434534126889,0.007599999999999996,431796000.0,26.010000228881836,0.004745800401985737,0
2009-09-01,0.0011687218259144147,-0.03418657376682277,0.0242,736856000.0,29.149999618530273,0.0113942083365037,1
2009-09-02,0.00020029367328779183,0.014152514733706933,0.00990000000000002,404656000.0,28.899999618530273,0.004134635140456013,0
2009-09-03,0.000544493852892525,0.02333439206177279,0.010000000000000009,534020000.0,27.100000381469727,0.00792532985488955,1
2009-09-04,0.0013440866827786016,0.03666178777390161,0.017500000000000016,513048000.0,25.260000228881836,0.007958939105381332,1
2009-09-08,0.0007374328934141394,0.027155715667500635,0.010699999999999987,549712000.0,25.6200008392334,0.01217112923920611,1
2009-09-09,0.0007529945495406019,0.02744074615495362,0.017799999999999983,571684000.0,24.31999969482422,0.007075333300768179,0
2009-09-10,0.0009970676288946544,0.0315763777038256,0.016400000000000026,607952000.0,23.549999237060547,0.006946438712452743,0
2009-09-11,8.594439869847512e-05,-0.009270620189527512,0.007199999999999984,712732000.0,24.149999618530273,0.005729409175541994,0
2009-09-14,0.0002741639574104026,-0.016557897131290633,0.007500000000000007,490516000.0,23.860000610351562,0.007943869605262294,1
2009-09-15,0.0004091568544152193,0.020227626020253076,0.01319999999999999,546136000.0,23.420000076293945,0.007024082542734115,0
2009-09-16,0.0007414405000769902,-0.027229405062854206,0.01679999999999998,707064000.0,23.690000534057617,0.008627171725674707,1
2009-09-17,0.0020167395206852935,-0.04490812310356884,0.0232,923096000.0,23.649999618530273,0.008296621015381492,0
2009-09-18,1.7244885274807818e-06,-0.0013131978249604215,0.010000000000000009,604740000.0,23.920000076293945,0.004105944835484529,0
2009-09-21,2.00508360386638e-05,-0.004477815989817335,0.012499999999999956,588776000.0,24.059999465942383,0.006196926649966178,1
2009-09-22,3.40858560919852e-06,0.001846235523761397,0.007299999999999973,361388000.0,23.079999923706055,0.002954381931717839,0
2009-09-23,0.00025397497295113943,-0.015936592262812632,0.01200000000000001,478936000.0,23.489999771118164,0.008523300207754885,1
2009-09-24,0.00018163742508439648,-0.013477292943480768,0.0126,552876000.0,24.950000762939453,0.006929438385701769,0
2009-09-25,0.0002694928482279403,-0.016416237334661687,0.008400000000000019,377556000.0,25.610000610351562,0.004824693615296064,0
2009-09-28,0.0005124953161864055,0.022638359396970564,0.016199999999999992,467708000.0,24.8799991607666,0.007198346221857719,1
2009-09-29,0.00034258182442364497,-0.018508966054959552,0.01429999999999998,470928000.0,25.190000534057617,0.007902046861372598,1
2009-09-30,0.0010178154044236045,0.03190321934262441,0.017100000000000004,875956000.0,25.610000610351562,0.007746346948596532,0
2009-10-01,0.00547380460707066,-0.07398516477693795,0.0257,999960000.0,28.270000457763672,0.02245624445360848,1
2009-10-02,6.488752718382336e-05,-0.008055279460318143,0.010299999999999976,612476000.0,28.68000030517578,0.020644527528275492,0
2009-10-05,2.4231521031990494e-05,-0.004922552288395776,0.012799999999999978,754276000.0,26.84000015258789,0.007073500853426317,0
2009-10-06,0.00026929891095212456,0.016410329398038437,0.010000000000000009,761272000.0,25.700000762939453,0.00917708501623994,1
2009-10-07,5.9903805090184805e-05,-0.007739754846904701,0.007699999999999985,459608000.0,24.68000030517578,0.005999973642611497,0
2009-10-08,4.3519057676456284e-05,0.00659689757965487,0.01319999999999999,1241524000.0,24.18000030517578,0.011177804543345288,1
2009-10-09,0.0001562540691322823,0.012500162764231604,0.007500000000000007,618540000.0,23.1200008392334,0.007395669864754542,0
2009-10-12,0.0001289883881517724,-0.011357305496981773,0.009000000000000008,499008000.0,23.010000228881836,0.012763621394184585,1
2009-10-13,1.1782040112618337e-05,-0.0034324976493245174,0.01040000000000002,602124000.0,22.989999771118164,0.012007501394020384,0
2009-10-14,2.0554727561643815e-06,-0.0014336920018485078,0.015699999999999992,1101948000.0,22.860000610351562,0.008461589036929923,0
2009-10-15,0.0009000476247959361,-0.030000793736098652,0.01529999999999998,1092196000.0,21.719999313354492,0.007284485996933152,0
2009-10-16,0.0005304166971803529,-0.023030777172738937,0.01050000000000001,1018832000.0,21.43000030517578,0.006729986488113283,0
2009-10-19,0.001271992111623753,0.03566499841053905,0.01479999999999998,695588000.0,21.489999771118164,0.008414995988349877,1
2009-10-20,7.665510672167903e-07,0.0008755290213446898,0.010799999999999976,660180000.0,20.899999618530273,0.006178817037005046,0
2009-10-21,0.0006007551568491806,-0.024510307155341415,0.014000000000000012,503956000.0,22.219999313354492,0.005092236981291841,0
2009-10-22,4.695542413191856e-05,0.006852402799888413,0.01150000000000001,379328000.0,20.690000534057617,0.006863138284822022,1
2009-10-23,0.0005779032906149642,-0.024039619186146943,0.014500000000000013,429528000.0,22.270000457763672,0.012743387179304235,1
2009-10-26,0.00017329424066944187,-0.013164127037879947,0.013400000000000023,481652000.0,24.309999465942383,0.009405734723791323,0
2009-10-27,0.0011892963400116996,-0.03448617607116944,0.01749999999999996,591836000.0,24.829999923706055,0.007285783267496807,0
2009-10-28,0.0017936585390558543,-0.04235160609771316,0.014500000000000013,773632000.0,27.90999984741211,0.01129325430338785,1
2009-10-29,0.0018755903410184623,0.043308086323670114,0.012800000000000034,637100000.0,24.760000228881836,0.009102466192222844,0
2009-10-30,0.002334075133813588,-0.04831226690824586,0.016000000000000014,604144000.0,30.690000534057617,0.00886506576631901,0
2009-11-02,8.688053660529596e-05,0.009320972943062111,0.015100000000000002,593136000.0,29.780000686645508,0.007740964825590029,0
2009-11-03,2.8255891831829482e-05,-0.0053156271343868244,0.012800000000000034,876472000.0,28.809999465942383,0.010187981141502295,1
2009-11-04,5.4498979251739426e-06,-0.0023345016438576227,0.007599999999999996,916840000.0,27.719999313354492,0.005248454112663822,0
2009-11-05,0.0005799259600435711,0.024081651937597037,0.007800000000000029,955156000.0,25.43000030517578,0.01716960456606799,1
2009-11-06,0.004880654510188348,0.06986168127227077,0.013799999999999979,1641112000.0,24.190000534057617,0.010083968469188688,0
2009-11-09,0.0005080695563976869,0.02254039831941057,0.008000000000000007,818124000.0,23.149999618530273,0.010320206986061611,1
2009-11-10,0.0006086249147461501,-0.024670324577235503,0.013799999999999979,781472000.0,22.84000015258789,0.006499681649720417,0
2009-11-11,0.0007638416766579746,0.02763768580503756,0.012199999999999989,871512000.0,23.040000915527344,0.009454904455289308,1
2009-11-12,8.805232656262929e-06,-0.0029673612278020567,0.010699999999999987,505864000.0,24.239999771118164,0.01121720361984466,1
2009-11-13,5.478898661080715e-05,0.007401958295667921,0.006000000000000005,388524000.0,23.360000610351562,0.005751195132393095,0
2009-11-16,0.00019768319418076412,0.014059985568298572,0.007599999999999996,402820000.0,22.889999389648438,0.0062774264009855885,1
2009-11-17,2.1181672856931933e-06,-0.0014553924851026245,0.007199999999999984,350124000.0,22.40999984741211,0.0047150472330677266,0
2009-11-18,0.00024207641242519754,-0.01555880498062745,0.009099999999999997,455516000.0,21.6299991607666,0.008473930516877917,1
2009-11-19,0.0016614068934341427,-0.04076035933887412,0.012299999999999978,833840000.0,22.6299991607666,0.0091014644409031,1
2009-11-20,3.8222068626364005e-05,-0.006182399908317482,0.007699999999999985,426748000.0,22.190000534057617,0.003219224122368236,0
2009-11-23,5.962999587647456e-05,0.007722046093910251,0.009799999999999975,390924000.0,21.15999984741211,0.0074252443020466005,1
2009-11-24,3.810418955587129e-05,-0.006172859107080875,0.007999999999999952,418504000.0,20.469999313354492,0.005663417157863586,0
2009-11-25,0.00013679734614214763,0.011696039763191113,0.006799999999999973,441760000.0,20.479999542236328,0.005436471165279175,0
2009-11-27,0.0004688334665403879,-0.021652562585994017,0.010199999999999987,279932000.0,24.739999771118164,0.0156768280973736,1
2009-11-30,0.0004299049064160985,0.020734148316632117,0.009299999999999975,509836000.0,24.510000228881836,0.007182525203920409,0
2009-12-01,0.0003885842830832488,0.01971254126395805,0.010299999999999976,461936000.0,21.920000076293945,0.00746144387837514,1
2009-12-02,0.0008754472104107447,0.029587957185496006,0.01200000000000001,602292000.0,21.1200008392334,0.005310726048007581,0
2009-12-03,6.609895012954614e-05,0.008130126083250255,0.008000000000000007,660036000.0,22.459999084472656,0.007992591807957415,1
2009-12-04,0.0009286443563624667,0.030473666605160377,0.011199999999999988,824564000.0,21.25,0.008896837165969784,1
2009-12-07,0.014548035513370233,0.12061523748420111,0.03370000000000001,2732184000.0,22.100000381469727,0.023730136337806445,1
2009-12-08,0.002443998950210981,-0.049436817759752505,0.017000000000000015,1075512000.0,23.690000534057617,0.007057977163029994,0
2009-12-09,0.0005885114135370794,0.024259254183446766,0.012299999999999978,671588000.0,22.65999984741211,0.007141050685184997,1
2009-12-10,0.0003150505057339155,-0.01774966213013407,0.013500000000000012,417012000.0,22.31999969482422,0.00851208881962991,1
2009-12-11,0.00017061157792255086,-0.013061836697897844,0.009699999999999986,416744000.0,21.59000015258789,0.007008243775101637,0
2009-12-14,0.00088750907772092,0.02979109057622631,0.01150000000000001,405488000.0,21.149999618530273,0.006229204763839455,0
2009-12-15,1.6306684556260464e-06,-0.0012769762940736396,0.009799999999999975,446152000.0,21.489999771118164,0.007671279261872728,1
2009-12-16,0.005994588007214746,0.07742472477971585,0.0242,1683400000.0,20.540000915527344,0.014654303510480408,1
2009-12-17,2.2482700124368988e-05,-0.004741592572582443,0.02250000000000002,1016132000.0,22.510000228881836,0.010787741323559452,0
2009-12-18,5.086285800971352e-07,-0.0007131820104974151,0.010300000000000031,812828000.0,21.68000030517578,0.003441457303063692,0
2009-12-21,0.0012285247133572072,0.035050316879554844,0.01469999999999999,427792000.0,20.489999771118164,0.005858091958558363,1
2009-12-22,0.0006793215829183543,0.026063798321011356,0.016500000000000015,793044000.0,19.540000915527344,0.005736162209192334,0
2009-12-23,0.0001897488215890633,0.013774934540282335,0.009000000000000008,442196000.0,19.709999084472656,0.003354159990631741,0
2009-12-24,4.879545412441081e-06,-0.002208969309981712,0.004699999999999982,136812000.0,19.469999313354492,0.0015422594321922033,0
2009-12-28,0.00025761141352900323,-0.016050277677629232,0.015000000000000013,465760000.0,19.93000030517578,0.006599297711019396,1
2009-12-29,0.00015089161670679265,0.012283794882152366,0.009299999999999975,475848000.0,20.010000228881836,0.0024278558893980158,0
2009-12-30,0.0012632922926850922,0.03554282336400827,0.01799999999999996,704008000.0,19.959999084472656,0.005902009921985471,1
2009-12-31,1.8348993919319204e-07,0.00042835725649648104,0.007299999999999973,700340000.0,21.68000030517578,0.004324418154594332,0
2010-01-04,0.0001067411284922925,-0.010331559828616999,0.012700000000000045,800204000.0,20.040000915527344,0.0055890726598959,1
2010-01-05,0.00021330808740621353,0.014605070605998915,0.013499999999999956,728648000.0,19.350000381469727,0.005434315593957767,0
2010-01-06,4.065614500719769e-05,0.0063762171392760525,0.008699999999999986,649168000.0,19.15999984741211,0.004215612401915845,0
2010-01-07,0.00038745947279331523,-0.019683990266033846,0.012199999999999989,547792000.0,19.059999465942383,0.004771600139356701,1
2010-01-08,4.658817914714146e-06,0.0021584295019096977,0.010800000000000032,478168000.0,18.1299991607666,0.0038832430373053144,0
2010-01-11,0.00020542035275078442,-0.01433249290077565,0.017500000000000016,556612000.0,17.549999237060547,0.008482523800521061,1
2010-01-12,0.0011739970900978515,-0.03426364093463874,0.020000000000000018,627432000.0,18.25,0.008921760713612585,1
2010-01-13,0.00018196426790400205,0.01348941317863761,0.021699999999999997,508868000.0,17.850000381469727,0.012049702291047876,1
2010-01-14,0.000248234088929879,-0.015755446325949607,0.012300000000000033,608524000.0,17.6299991607666,0.007541170391593697,0
2010-01-15,0.0008961318366819195,-0.02993546119039958,0.019199999999999995,818192000.0,17.90999984741211,0.007120913339948526,0
2010-01-19,0.00034327292009019396,0.018527625862214347,0.01529999999999998,545328000.0,17.579999923706055,0.033742631234658184,1
2010-01-20,1.7130397271382475e-05,-0.004138888410114783,0.011300000000000032,719728000.0,18.68000030517578,0.005805797390988158,0
2010-01-21,0.0003289077652529623,-0.018135814435887965,0.019299999999999984,608632000.0,22.270000457763672,0.009078011310555233,1
2010-01-22,0.0012319889083172216,-0.03509969954739245,0.020000000000000018,1067916000.0,27.309999465942383,0.014308728912311124,1
2010-01-25,0.0002845250320082649,0.016867869812405623,0.011299999999999977,643676000.0,25.40999984741211,0.007929264577876658,0
2010-01-26,0.0010271612389409815,-0.03204935629526717,0.01419999999999999,714636000.0,24.549999237060547,0.0076684599353947945,0
2010-01-27,0.000704285630288743,0.026538380325271227,0.017299999999999982,812504000.0,23.139999389648438,0.004383118636653972,0
2010-01-28,0.001170764535037705,-0.03421643662098239,0.024499999999999966,687764000.0,23.729999542236328,0.009510871528426612,1
2010-01-29,0.0019559177190575684,-0.04422575854700028,0.032399999999999984,774700000.0,24.6200008392334,0.0117368368991873,1
2010-02-01,0.005420674517575522,0.07362523016993239,0.03199999999999997,949832000.0,22.59000015258789,0.01155604380523721,0
2010-02-02,0.00010666636463944778,0.010327940968046234,0.012300000000000033,849812000.0,21.479999542236328,0.004601669324844344,0
2010-02-03,6.936264809742572e-05,0.008328424106481713,0.01100000000000001,562296000.0,21.600000381469727,0.0050231902895545326,1
2010-02-04,0.003577281548761548,-0.05981037994162508,0.0252,783480000.0,26.079999923706055,0.012722947482324162,1
2010-02-05,0.00039704306340666536,0.01992593946108101,0.01649999999999996,604856000.0,26.110000610351562,0.01429854480904358,1
2010-02-08,2.9851393518641457e-06,-0.0017277555822118318,0.017699999999999994,445160000.0,26.510000228881836,0.00831759921647819,0
2010-02-09,6.700379502175371e-05,-0.008185584586439365,0.01579999999999998,930144000.0,26.0,0.007130888881111424,0
2010-02-10,0.00037021031301478206,0.019240850111540864,0.011699999999999988,535828000.0,25.399999618530273,0.0078672413191116,1
2010-02-11,0.0019958388346906306,0.044674812083439486,0.019699999999999995,695980000.0,23.959999084472656,0.008429437553748873,1
2010-02-12,0.00018118244383376474,0.013460402810977268,0.022299999999999986,780212000.0,22.729999542236328,0.007474384316182106,0
2010-02-16,0.0003339278409923346,0.01827369259324274,0.00930000000000003,457024000.0,22.25,0.003956226511067308,0
2010-02-17,8.95230295232075e-05,0.00946166103404722,0.014300000000000035,876560000.0,21.719999313354492,0.012064051360921561,1
2010-02-18,0.004584977453345782,-0.06771246158090682,0.018500000000000016,1515508000.0,20.6299991607666,0.012418694089625771,1
2010-02-19,3.061979781501004e-05,-0.00553351586380757,0.007000000000000006,510548000.0,20.020000457763672,0.004852024919677184,0
2010-02-22,2.847174577981411e-06,0.0016873572763292932,0.010000000000000009,458084000.0,19.940000534057617,0.007547801972805052,1
2010-02-23,0.0005823919498025215,-0.024132798217416096,0.017199999999999993,489764000.0,21.3700008392334,0.005585556072497977,0
2010-02-24,0.00043077964197341,0.020755231677179853,0.010300000000000031,445868000.0,20.270000457763672,0.005233861775907209,0
2010-02-25,8.511179892826428e-05,-0.009225605613089272,0.01699999999999996,576972000.0,20.100000381469727,0.011203296238651619,1
2010-02-26,0.00015055517221169418,-0.012270092591814219,0.008499999999999952,393396000.0,19.5,0.004168892791808264,0
2010-03-01,0.001556941803848694,0.039458101878431684,0.021199999999999997,555868000.0,19.260000228881836,0.005977463324644166,1
2010-03-02,5.074215833152993e-07,-0.0007123353025895174,0.012200000000000044,538648000.0,19.059999465942383,0.01057052193507669,1
2010-03-03,0.00015446657468250213,-0.012428458258468833,0.013600000000000001,399300000.0,18.829999923706055,0.006894236403135737,0
2010-03-04,2.829413926988445e-06,0.001682086182984821,0.009599999999999997,557396000.0,18.719999313354492,0.008124957706452557,1
2010-03-05,0.0009162434550103732,0.030269513623617628,0.018699999999999994,632832000.0,17.420000076293945,0.008144656644025895,1
2010-03-08,0.00021856062961706302,-0.014783796184237086,0.009500000000000008,439312000.0,17.790000915527344,0.006247714870345793,0
2010-03-09,0.0013448025320813364,0.03667154935479733,0.016000000000000014,830832000.0,17.920000076293945,0.006953757202210489,1
2010-03-10,5.181768045857802e-06,0.0022763497195856797,0.007300000000000029,418520000.0,18.56999969482422,0.0032942868008690777,0
2010-03-11,0.0005290043199723552,-0.023000093912250774,0.009800000000000031,540660000.0,18.059999465942383,0.005296735909283613,1
2010-03-12,1.0575734154250191e-05,0.0032520353863773055,0.006800000000000028,520352000.0,17.579999923706055,0.005281756493960529,0
2010-03-15,2.616425483119556e-05,-0.005115100666770456,0.010000000000000009,358904000.0,18.0,0.00259807334358682,0
2010-03-16,0.0011811349200323122,0.034367643504207734,0.018000000000000016,664988000.0,17.690000534057617,0.01176858568451291,1
2010-03-17,0.0003596029810826432,0.018963200707756145,0.01200000000000001,651168000.0,16.90999984741211,0.005893961017423542,0
2010-03-18,0.001295955926318041,-0.03599938786032397,0.020699999999999996,740964000.0,16.6200008392334,0.011096513773399753,1
2010-03-19,0.00014923934621924214,-0.012216355684869451,0.018399999999999972,584612000.0,16.969999313354492,0.005811067819199143,0
2010-03-22,0.0002593197352553437,0.016103407566578687,0.01419999999999999,435336000.0,16.8700008392334,0.007392761254976998,1
2010-03-23,0.0004133290139141253,0.020330494679523303,0.01100000000000001,493612000.0,16.350000381469727,0.004303833759507801,0
2010-03-24,0.0011640022892570653,-0.03411747776810392,0.013299999999999979,436252000.0,17.549999237060547,0.004743151645446785,1
2010-03-25,9.020124123760949e-06,0.0030033521478110003,0.008699999999999986,495184000.0,18.399999618530273,0.007239782064451404,1
2010-03-26,0.0,0.0,0.011800000000000033,344676000.0,17.770000457763672,0.006479582982527974,0
2010-03-29,0.00015895200275176108,0.012607616854574899,0.009799999999999975,394456000.0,17.59000015258789,0.006806851531119102,1
2010-03-30,1.6743193568855825e-05,0.004091844763533414,0.013000000000000012,324104000.0,17.1299991607666,0.006757525990024063,0
2010-03-31,0.0001754360316594642,-0.013245226750020711,0.008199999999999985,389840000.0,17.59000015258789,0.005158950749969465,0
2010-04-01,0.00010813311186596951,-0.01039870722089864,0.016000000000000014,339664000.0,17.469999313354492,0.00462063714367334,0
2010-04-05,0.00022457633645634484,0.014985871227804703,0.0050000000000000044,413636000.0,17.020000457763672,0.0038232561282027797,0
2010-04-06,0.0006262243706003929,-0.025024475431073334,0.01369999999999999,809260000.0,16.229999542236328,0.011886446886154745,1
2010-04-07,4.287891359450381e-05,0.006548199263500143,0.016199999999999992,817468000.0,16.6200008392334,0.01029778077009336,0
2010-04-08,0.00027065530352265126,-0.016451604892005256,0.009699999999999986,1037600000.0,16.479999542236328,0.00549839786839256,0
2010-04-09,4.373383084815661e-05,0.006613155891717404,0.007400000000000018,817572000.0,16.139999389648438,0.002702787092401448,0
2010-04-12,0.00032270013834799976,0.01796385644420484,0.009699999999999986,546460000.0,15.579999923706055,0.0053264388428877225,1
2010-04-13,0.00042418259783418477,0.020595693672080695,0.01050000000000001,648696000.0,16.200000762939453,0.01537692453803313,1
2010-04-14,0.00015327862667229253,0.012380574569554215,0.01319999999999999,900720000.0,15.59000015258789,0.018147458411692536,1
2010-04-15,5.088445194485473e-05,0.007133333859063007,0.009000000000000008,957596000.0,15.890000343322754,0.004534940306965283,0
2010-04-16,0.002924598976455785,-0.0540795615408981,0.016800000000000037,1917736000.0,18.360000610351562,0.011445067769901377,1
2010-04-19,2.2093395225570072e-05,-0.004700361180331791,0.015600000000000003,1094492000.0,17.34000015258789,0.008663032252172697,0
2010-04-20,1.2442131129701832e-05,0.003527340517968436,0.01150000000000001,678188000.0,15.729999542236328,0.0062248836311340795,0
2010-04-21,0.0006843888190256695,-0.026160826038672202,0.01880000000000004,895908000.0,16.31999969482422,0.006788958107585689,1
2010-04-22,1.8731326125308525e-05,0.004327970208458987,0.015499999999999958,656932000.0,16.469999313354492,0.007536815956162648,1
2010-04-23,0.00019637190265249543,-0.014013275942922676,0.012699999999999989,752916000.0,16.6200008392334,0.005471758781512434,0
2010-04-26,9.380514717003523e-05,0.00968530573446369,0.009199999999999986,491092000.0,17.469999313354492,0.0029689974880281605,0
2010-04-27,0.0008320803780340564,-0.028845803473539378,0.01419999999999999,606704000.0,22.809999465942383,0.010506361545747519,1
2010-04-28,3.9289630386082645e-06,0.001982161203991306,0.014000000000000012,672164000.0,21.079999923706055,0.011098196727475423,1
2010-04-29,0.0008851241429771354,0.029751035998383912,0.017500000000000016,987128000.0,18.440000534057617,0.00612542199435054,0
2010-04-30,0.0033483972815844033,-0.05786533747922329,0.019499999999999962,1068048000.0,22.049999237060547,0.010135721011095817,1
2010-05-03,0.00012116300165618783,-0.011007406672608577,0.014500000000000013,1078972000.0,20.190000534057617,0.009306508936013013,0
2010-05-04,0.002708024021024769,-0.052038678125263416,0.02009999999999995,1311376000.0,23.84000015258789,0.009808039942078324,1
2010-05-05,0.00029687349918076277,-0.01723001738770924,0.013800000000000034,1330840000.0,24.90999984741211,0.010156851349663723,1
2010-05-06,0.0004370894701341258,-0.020906684819313792,0.04149999999999998,1002888000.0,32.79999923706055,0.009402837281518852,0
2010-05-07,0.0002905615910883484,-0.017045867272988735,0.021699999999999997,1153712000.0,40.95000076293945,0.01644361525649919,1
2010-05-10,0.001770890131536542,0.04208194543431354,0.014500000000000013,979156000.0,28.84000015258789,0.02053214009519569,1
2010-05-11,0.00012209887975036222,-0.01104983618658495,0.010000000000000009,829124000.0,28.31999969482422,0.007363782784803843,0
2010-05-12,0.00037086350036926716,0.019257816604414613,0.008799999999999975,901236000.0,25.520000457763672,0.00596549518233365,0
2010-05-13,4.762065859569042e-06,-0.0021822158141597825,0.019399999999999973,1252000000.0,26.68000030517578,0.01018371436462941,1
2010-05-14,0.014990602610888037,-0.12243611644808094,0.027500000000000024,2493068000.0,31.239999771118164,0.01440642256673986,1
2010-05-17,6.08161219484902e-06,0.0024660924951933616,0.01429999999999998,856060000.0,30.84000015258789,0.00945895728000149,0
2010-05-18,0.0011435639491421123,-0.03381662237926952,0.017199999999999993,674112000.0,33.54999923706055,0.00827085702983229,0
2010-05-19,0.00024958049684643797,0.015798116876591273,0.009199999999999986,826520000.0,35.31999969482422,0.007252847689955973,0
2010-05-20,0.0005660480607517413,-0.02379176455733667,0.018799999999999983,1129136000.0,45.790000915527344,0.016642139432576742,1
2010-05-21,0.00046634385485470675,0.021594996060539273,0.024500000000000022,1069600000.0,40.099998474121094,0.01915254157049159,1
2010-05-24,0.0008793038125925306,-0.029653057390301774,0.013000000000000012,664564000.0,38.31999969482422,0.006361002660148624,0
2010-05-25,0.0007025903908825644,0.026506421691404602,0.022599999999999953,966652000.0,34.61000061035156,0.00999927714804963,1
2010-05-26,2.2242998281080116e-05,0.0047162483269098665,0.018399999999999972,995028000.0,35.02000045776367,0.01159033385723579,1
2010-05-27,0.003249178229648016,0.057001563396524624,0.01150000000000001,713560000.0,29.68000030517578,0.008591640375063598,0
2010-05-28,0.0007305491310534643,-0.027028672387919173,0.013500000000000012,545116000.0,32.06999969482422,0.008610981962389897,1
2010-06-01,0.0018968430590286783,-0.043552761784170224,0.013499999999999956,527492000.0,35.540000915527344,0.009018044458731255,1
2010-06-02,0.000122485276256745,0.011067306639681807,0.005500000000000005,649088000.0,30.170000076293945,0.004380814236166638,0
2010-06-03,2.476105070217632e-06,-0.0015735644474306199,0.007800000000000029,586360000.0,29.459999084472656,0.005037674191429669,1
2010-06-04,0.002342225167392746,-0.0483965408618503,0.013000000000000012,671456000.0,35.47999954223633,0.008820762331598498,1
2010-06-07,0.002586578603495848,-0.05085841723349094,0.019600000000000006,577248000.0,36.56999969482422,0.00965577110681057,1
2010-06-08,0.0007964004380508707,-0.028220567642251115,0.013900000000000023,967636000.0,33.70000076293945,0.010126784463838672,1
2010-06-09,0.000588710960020263,-0.024263366625846938,0.016699999999999993,697152000.0,33.72999954223633,0.010005964399761303,0
2010-06-10,0.0015626872128031012,0.03953083875663532,0.007499999999999951,611768000.0,30.56999969482422,0.009713209010586962,0
2010-06-11,0.0004973156776283357,0.022300575724145233,0.011499999999999955,442104000.0,28.790000915527344,0.007489059562750419,0
2010-06-14,0.0004663916340718343,-0.021596102288881536,0.011799999999999977,375080000.0,28.579999923706055,0.00883863302731948,1
2010-06-15,0.0023154620612106346,0.04811924834419834,0.012699999999999989,528632000.0,25.8700008392334,0.006518742139979663,0
2010-06-16,0.00016470329968497387,-0.012833678338067145,0.008599999999999997,366480000.0,25.920000076293945,0.012210537570805962,1
2010-06-17,0.0014205338720931701,0.03768997044431277,0.012200000000000044,859068000.0,25.049999237060547,0.00668896522136157,0
2010-06-18,4.2579652780995735e-05,0.006525308634922622,0.006300000000000028,932832000.0,23.950000762939453,0.005189199404123863,0
2010-06-21,0.0005772567510328188,-0.024026168047210916,0.017300000000000038,579836000.0,24.8799991607666,0.008170215386884817,1
2010-06-22,0.001445690056827875,-0.03802223108692959,0.02030000000000004,818164000.0,27.049999237060547,0.006699718086094963,0
2010-06-23,0.00012125998599621908,0.011011811204167055,0.011700000000000044,614060000.0,26.90999984741211,0.006101497526171339,0
2010-06-24,0.002553995342742426,-0.050537068996355794,0.015199999999999991,725028000.0,29.739999771118164,0.009871817549836006,1
2010-06-25,8.31701840435091e-06,-0.002883924132904836,0.007500000000000007,507220000.0,28.530000686645508,0.007168282723876117,0
2010-06-28,3.2523489412657114e-06,0.0018034269991507035,0.008999999999999952,372008000.0,29.0,0.01229288177157039,1
2010-06-29,0.0033035399394921177,-0.05747642942539244,0.01150000000000001,660808000.0,34.130001068115234,0.009257003001678372,0
2010-06-30,0.0006710783256348809,-0.02590517951365867,0.009899999999999964,623072000.0,34.540000915527344,0.008002582266700685,0
2010-07-01,0.00026625683649461807,0.01631737835850533,0.012999999999999984,737008000.0,32.86000061035156,0.010465868343519768,1
2010-07-02,0.0001539601821633368,-0.012408069235918084,0.013500000000000012,737096000.0,30.1200008392334,0.009455849508733224,0
2010-07-06,0.00012066605817913297,-0.01098481033878751,0.012199999999999989,712020000.0,29.649999618530273,0.012914379704240158,1
2010-07-07,0.0022448950310761644,0.047380323247907086,0.01319999999999999,608412000.0,26.84000015258789,0.008797825520125448,0
2010-07-08,0.0009339170089135333,-0.03056005577405796,0.013299999999999979,783272000.0,25.709999084472656,0.010127712287645094,1
2010-07-09,1.4988296388778135e-05,0.0038714721216583925,0.0050000000000000044,571516000.0,24.979999542236328,0.004229468125991418,0
2010-07-12,0.0003239209975846478,0.01799780535467166,0.008299999999999974,565396000.0,24.43000030517578,0.009357206612172063,1
2010-07-13,0.0012544649855726546,0.03541842720354271,0.008500000000000008,723316000.0,24.559999465942383,0.011813222224287042,1
2010-07-14,0.00010412508894488367,0.010204170174241689,0.015199999999999991,1355664000.0,24.889999389648438,0.00993735217599966,0
2010-07-15,0.0008230578516285518,-0.0286889848483447,0.01150000000000001,953088000.0,25.139999389648438,0.010918496811663448,1
2010-07-16,0.004139575887716722,-0.06433953596131015,0.01849999999999996,1288604000.0,26.25,0.01157038839531771,1
2010-07-19,0.001582992554065402,0.039786838955431,0.009500000000000008,798440000.0,25.969999313354492,0.008972217325056413,0
2010-07-20,0.0006028349302625066,0.024552697005879143,0.017000000000000015,1160988000.0,23.93000030517578,0.0085295009492028,0
2010-07-21,0.0011146928395702504,-0.03338701603273719,0.014000000000000012,624940000.0,25.639999389648438,0.01116636557606499,1
2010-07-22,0.0002707144868423222,0.016453403503297492,0.005799999999999972,462612000.0,24.6299991607666,0.005883925920128313,0
2010-07-23,0.00029671117650454835,-0.017225306281879238,0.007000000000000006,817604000.0,23.469999313354492,0.006202638595067378,1
2010-07-26,0.00033720632769599235,0.01836317858367642,0.010499999999999954,683548000.0,22.729999542236328,0.008011278247800386,1
2010-07-27,7.668429201590436e-05,-0.008756956778236624,0.006700000000000039,683472000.0,23.190000534057617,0.0072056501759968335,0
2010-07-28,0.001015042172485813,-0.03185972649734792,0.009299999999999975,1320808000.0,24.25,0.019307985373688875,1
2010-07-29,0.010798120117553834,-0.10391400347187973,0.01319999999999999,2664476000.0,24.1299991607666,0.0067485866339179685,0
2010-07-30,4.288693702529295e-05,0.006548811878905436,0.010800000000000004,984288000.0,23.5,0.00825970437692228,1
2010-08-02,1.706513520351192e-06,-0.0013063359140554898,0.0063,917020000.0,22.010000228881836,0.005739044329163389,0
2010-08-03,0.0007018056889904741,-0.026491615446976313,0.006200000000000011,955444000.0,22.6299991607666,0.00765758734055881,1
2010-08-04,0.0017328104185400219,0.041627039512077024,0.009300000000000003,855496000.0,22.209999084472656,0.004760183823269143,0
2010-08-05,0.0001636698415767673,0.012793351459909452,0.0069999999999999785,800504000.0,22.100000381469727,0.011057436293863153,1
2010-08-06,0.00013911203464538565,0.011794576492837106,0.008199999999999985,739904000.0,21.739999771118164,0.01008335245175824,0
2010-08-09,8.409902347496512e-05,0.009170551972207841,0.0063,466456000.0,22.139999389648438,0.00795138666469571,0
2010-08-10,0.0017959985394444627,-0.04237922296886132,0.007499999999999979,772560000.0,22.3700008392334,0.005952479186372303,0
2010-08-11,0.0015792937211713957,-0.039740328649514156,0.005099999999999993,796148000.0,25.389999389648438,0.0067818991802813386,1
2010-08-12,8.043704125966469e-05,0.008968669982760247,0.012700000000000017,1343584000.0,25.729999542236328,0.02340921301625254,1
2010-08-13,0.002217283143651466,0.047088036098901664,0.007199999999999984,1797392000.0,26.239999771118164,0.011348483959886966,0
2010-08-16,0.0006700761144547432,-0.025885828448298565,0.010399999999999993,814008000.0,26.100000381469727,0.007132465884069284,0
2010-08-17,0.0001696941677637984,0.01302667140000846,0.007199999999999984,481224000.0,24.329999923706055,0.00969400005342412,1
2010-08-18,2.666196626084228e-05,0.005163522660049269,0.005499999999999977,352920000.0,24.59000015258789,0.006415976827353228,0
2010-08-19,0.003404708853381356,0.05834988306227662,0.013600000000000001,1615100000.0,26.440000534057617,0.009549770341348449,1
2010-08-20,8.590794514643948e-05,0.009268653901534973,0.010300000000000031,1305308000.0,25.489999771118164,0.013245917516248172,1
2010-08-23,0.00023593093002233939,-0.01536004329493701,0.011499999999999982,748620000.0,25.65999984741211,0.007157591337593642,0
2010-08-24,0.00010476553996463616,-0.01023550389402672,0.008500000000000008,641332000.0,27.459999084472656,0.012249573561686279,1
2010-08-25,0.00041482702434218803,0.020367302824433775,0.01100000000000001,757532000.0,26.700000762939453,0.00804658745470724,0
2010-08-26,0.00014812193728390243,-0.012170535620255274,0.009000000000000008,657596000.0,27.3700008392334,0.008458227641750655,1
2010-08-27,0.0010324190376600393,0.032131278182793155,0.014800000000000008,1060416000.0,24.450000762939453,0.010327522836513897,1
2010-08-30,0.0023612364244477877,-0.04859255523686512,0.01100000000000001,602804000.0,27.209999084472656,0.006466962336370097,0
2010-08-31,0.0010824415193715592,-0.032900479014317696,0.012499999999999983,931488000.0,26.049999237060547,0.008750127717605314,1
2010-09-01,5.912163857532127e-05,0.007689059667821629,0.006000000000000005,851440000.0,23.889999389648438,0.005844861495716933,0
2010-09-02,0.0003138037912841492,0.01771450793231777,0.006499999999999978,596292000.0,23.190000534057617,0.0029801834373073275,0
2010-09-03,0.0011635302988928602,0.03411055993226819,0.006200000000000011,566484000.0,21.309999465942383,0.018031704975888872,1
2010-09-07,8.556279013079584e-05,0.009250015682732426,0.009300000000000003,899820000.0,23.799999237060547,0.01161421476338715,0
2010-09-08,0.001043224576092748,0.03229898723014002,0.012299999999999978,1224156000.0,23.25,0.006713972426488343,0
2010-09-09,0.00018656142236118085,-0.0136587489310398,0.010199999999999987,697748000.0,22.809999465942383,0.009802991229399293,1
2010-09-10,0.00011375746324279081,-0.010665714380330593,0.007500000000000007,609292000.0,21.989999771118164,0.004982851986508698,0
2010-09-13,0.0030097498578611076,0.054861187171452164,0.012900000000000023,1015792000.0,21.209999084472656,0.01082285242727337,1
2010-09-14,8.916913095763185e-05,-0.009442940800282074,0.005800000000000027,698536000.0,21.559999465942383,0.005758727107354921,0
2010-09-15,3.593811815435243e-06,0.0018957351648991594,0.006799999999999973,555572000.0,22.100000381469727,0.004356615488999494,0
2010-09-16,1.2898564293049922e-06,0.0011357184639271267,0.006000000000000005,365280000.0,21.719999313354492,0.006668986882628883,1
2010-09-17,3.585650242073301e-06,-0.0018935813270291035,0.0040000000000000036,416884000.0,22.010000228881836,0.003821349999549021,0
2010-09-20,0.00022647820916441315,0.015049192973857872,0.007599999999999996,443168000.0,21.5,0.00473144729087319,1
2010-09-21,0.0027432041207993904,0.05237560616164161,0.020500000000000018,1779624000.0,22.350000381469727,0.013305039367546422,1
2010-09-22,8.41098110842944e-05,0.009171140119107024,0.007699999999999985,999996000.0,22.510000228881836,0.007020548468048546,0
2010-09-23,0.0003926895803176944,0.01981639675414515,0.014000000000000012,1240872000.0,23.8700008392334,0.007177737834989732,1
2010-09-24,0.002874480198883403,0.053614179084300106,0.012699999999999989,1086976000.0,21.709999084472656,0.008248190220837469,1
2010-09-27,0.00045947125954799305,-0.021435280720065064,0.013000000000000012,999504000.0,22.540000915527344,0.01427399673880162,1
2010-09-28,7.130120540629608e-06,-0.0026702285558786176,0.009500000000000008,723192000.0,22.600000381469727,0.006680233818346495,0
2010-09-29,5.446598372442426e-05,-0.007380107297622729,0.01200000000000001,974904000.0,23.25,0.010294704301565247,1
2010-09-30,0.0002882639114759471,-0.016978336534417826,0.014700000000000046,787632000.0,23.700000762939453,0.010509903682217412,1
2010-10-01,0.0008113403947134011,-0.028484037542339413,0.015300000000000036,999120000.0,22.5,0.009928202817666784,0
2010-10-04,9.830911663635591e-05,-0.009915095392196482,0.010599999999999998,749500000.0,23.530000686645508,0.009932984202934385,1
2010-10-05,5.0299702393954544e-05,0.007092228309491633,0.005299999999999971,753588000.0,21.760000228881836,0.0068082604956779405,0
2010-10-06,0.0023891084753077476,-0.048878507294185525,0.017400000000000027,1057604000.0,21.489999771118164,0.008623528640081401,1
2010-10-07,5.548497917650582e-05,-0.007448824012990629,0.01150000000000001,761488000.0,21.559999465942383,0.015692222727108223,1
2010-10-08,0.00022030197438625417,0.014842573037928908,0.01100000000000001,706932000.0,20.709999084472656,0.005208846162319567,0
2010-10-11,1.9622118870012134e-05,-0.004429686091588447,0.006000000000000005,442680000.0,18.959999084472656,0.006161776036664424,1
2010-10-12,0.00036309970611645895,0.01905517531056744,0.01100000000000001,605208000.0,18.93000030517578,0.01089697574590638,1
2010-10-13,0.0008193616896649021,0.02862449457483751,0.010499999999999954,968732000.0,19.06999969482422,0.008333800830248098,0
2010-10-14,0.00025601092320263346,-0.016000341346441127,0.006400000000000017,599172000.0,19.8799991607666,0.00851707736621139,1
2010-10-15,0.0001300570913466716,0.011404257597348089,0.007799999999999974,639940000.0,19.030000686645508,0.0038550512182858256,0
2010-10-18,4.0426691249031006e-05,0.006358198742492327,0.007699999999999985,448156000.0,19.09000015258789,0.006775047028426369,1
2010-10-19,4.0426691249031006e-05,-0.006358198742492327,0.008699999999999986,866136000.0,20.6299991607666,0.006480417743052803,0
2010-10-20,0.0,0.0,0.012499999999999956,763532000.0,19.790000915527344,0.00920562946597321,1
2010-10-21,0.0003195789808213679,-0.017876772102965566,0.009999999999999953,1014428000.0,19.270000457763672,0.005850199259990858,0
2010-10-22,0.003873330777012169,0.06223608902407163,0.021199999999999997,1322676000.0,18.780000686645508,0.013746950156702393,1
2010-10-25,8.924134837295636e-05,0.009446763910088807,0.005500000000000005,673136000.0,19.850000381469727,0.005804409380391778,0
2010-10-26,1.1313865213478665e-05,-0.003363608956683084,0.00940000000000002,675248000.0,20.219999313354492,0.00517484874721395,0
2010-10-27,0.00019745177517837534,0.014051753455650129,0.008799999999999975,496796000.0,20.709999084472656,0.007579478950487229,1
2010-10-28,4.4120305631678453e-07,0.0006642311768629838,0.007500000000000007,704448000.0,20.8799991607666,0.006138871004568188,0
2010-10-29,5.413728104106912e-06,-0.002326741950476441,0.006300000000000028,554664000.0,21.200000762939453,0.0072404662502931665,1
2010-11-01,2.7639420723808155e-06,0.001662510773613457,0.00880000000000003,473920000.0,21.829999923706055,0.005444268216903473,0
2010-11-02,0.00042907826340975245,0.02071420438756344,0.011800000000000033,581036000.0,21.56999969482422,0.008199658701924786,1
2010-11-03,5.088857693794301e-05,0.007133622988211741,0.010299999999999976,671748000.0,19.559999465942383,0.008932020541070599,1
2010-11-04,2.605658926629332e-06,0.0016142053545411539,0.006300000000000028,700016000.0,18.520000457763672,0.0060720950397475095,0
2010-11-05,0.0002873794266834983,0.016952269071823345,0.007199999999999984,735116000.0,18.260000228881836,0.006516274540629416,1
2010-11-08,1.4429932007974895e-05,0.003798675033215515,0.006799999999999973,605156000.0,18.290000915527344,0.0032674618343633242,0
2010-11-09,2.900603421706658e-05,-0.0053857250409825586,0.006000000000000005,633964000.0,19.079999923706055,0.004966929393689627,1
2010-11-10,0.00013653825442154846,0.011684958468969775,0.006000000000000005,521016000.0,18.469999313354492,0.0071986691420971565,1
2010-11-11,0.00010196775529082971,-0.010097908461202731,0.01369999999999999,1089980000.0,18.639999389648438,0.010434970456378846,1
2010-11-12,0.0025103349666227145,0.05010324307490199,0.016200000000000048,2142560000.0,20.610000610351562,0.010056410511527074,0
2010-11-15,0.0001473736405490698,-0.01213975455061056,0.01100000000000001,733548000.0,20.200000762939453,0.0043662329716982265,0
2010-11-16,0.0009039523881294713,-0.03006580097269107,0.009199999999999986,739356000.0,22.579999923706055,0.006308925388344847,1
2010-11-17,0.00026341514364130813,0.01623006912004099,0.012299999999999978,551764000.0,21.760000228881836,0.004110493314510966,0
2010-11-18,0.0009296502689176754,0.030490166757787263,0.008900000000000019,993120000.0,18.75,0.00585923285817416,1
2010-11-19,0.0010187333792423545,0.03191760296830504,0.01319999999999999,716484000.0,18.040000915527344,0.006356205879905556,1
2010-11-22,3.3821718001779416e-07,0.0005815644246494056,0.007499999999999951,462668000.0,18.3700008392334,0.0056426816378257515,0
2010-11-23,0.0005536843083711453,-0.023530497410193973,0.010000000000000009,457832000.0,20.6299991607666,0.010296576496500573,1
2010-11-24,0.0005813752252939358,0.024111723814234765,0.006199999999999983,397784000.0,19.559999465942383,0.006792734178650985,0
2010-11-26,0.00015073126454105717,-0.012277266167231904,0.00599999999999995,143104000.0,22.219999313354492,0.00593497564122391,0
2010-11-29,0.0001235315620510518,0.011114475338541707,0.007999999999999952,468192000.0,21.530000686645508,0.004291295762545153,0
2010-11-30,0.00011080537037261977,-0.010526412986987532,0.008000000000000007,720936000.0,23.540000915527344,0.006478616727217879,1
2010-12-01,0.0018860626728301848,0.04342882306522,0.01100000000000001,626536000.0,21.360000610351562,0.009015802361147454,1
2010-12-02,0.00013810184495454333,0.011751674134119927,0.006800000000000028,529316000.0,19.389999389648438,0.0033538520371648203,0
2010-12-03,0.0007979575146965948,0.028248141791923143,0.012800000000000034,606044000.0,18.010000228881836,0.00667320710967337,1
2010-12-06,0.0003652150595751368,-0.019110600712042958,0.010599999999999998,438424000.0,18.020000457763672,0.0056329316912038414,0
2010-12-07,0.0010074329777974335,0.03174008471629264,0.012799999999999978,1026812000.0,17.989999771118164,0.013121081386669115,1
2010-12-08,7.69681979475675e-05,0.008773152110135074,0.010499999999999954,613252000.0,17.739999771118164,0.009117371717318391,0
2010-12-09,0.00028278091347977907,-0.01681609090959546,0.01050000000000001,942408000.0,17.25,0.018437103480494946,1
2010-12-10,3.8093964981832155e-05,0.006172030863648703,0.006800000000000028,451900000.0,17.610000610351562,0.005677259737342917,0
2010-12-13,0.0006769221561259909,-0.026017727727954854,0.012799999999999978,609108000.0,17.549999237060547,0.005916760759919519,1
2010-12-14,2.7096152730172957e-06,0.0016460909066686735,0.013799999999999979,755160000.0,17.610000610351562,0.0069916030073110536,1
2010-12-15,0.0004916799561784995,-0.02217385749432199,0.013799999999999979,624176000.0,17.940000534057617,0.0070759809223044385,1
2010-12-16,1.2554043851067105e-06,0.0011204482964897178,0.006299999999999972,631872000.0,17.389999389648438,0.0024790850768422698,0
2010-12-17,3.117533183295653e-05,0.005583487425700584,0.007900000000000018,593156000.0,16.110000610351562,0.005099477942269181,1
2010-12-20,1.525031643759794e-05,-0.003905165353425888,0.0047000000000000375,344088000.0,16.40999984741211,0.005109615379163716,1
2010-12-21,0.0014731705709947907,0.038381904212724915,0.010800000000000032,466952000.0,16.489999771118164,0.006032702258161782,1
2010-12-22,0.00011451165123277681,0.010701011692021312,0.00880000000000003,477988000.0,15.449999809265137,0.003601184786727851,0
2010-12-23,5.593046511581463e-05,-0.0074786673355494715,0.004300000000000026,273784000.0,16.469999313354492,0.0034985072519780505,0
2010-12-27,2.8596893424242792e-05,0.005347606326595367,0.0126,255500000.0,17.670000076293945,0.006652850863091925,1
2010-12-28,1.6064235523129385e-05,-0.0040080213975388634,0.006199999999999983,194260000.0,17.520000457763672,0.004173767829386422,0
2010-12-29,0.0,0.0,0.006300000000000028,177660000.0,17.280000686645508,0.006597064398889682,1
2010-12-30,1.2072468456501869e-05,0.003474545791395167,0.005199999999999982,174488000.0,17.520000457763672,0.0029535034659686605,0
2010-12-31,0.0007209645973074006,0.02685078392351703,0.01100000000000001,391252000.0,17.75,0.005332370821640839,1
2011-01-03,0.0007240110226379459,0.026907452919924357,0.011799999999999977,817448000.0,17.610000610351562,0.007410899610774031,1
2011-01-04,1.0839848302207993e-05,-0.003292392489088747,0.012500000000000011,651384000.0,17.3799991607666,0.006977456008835166,0
2011-01-05,0.005483937306994599,0.07405361103278219,0.02749999999999997,1428216000.0,17.020000457763672,0.00821928478648448,1
2011-01-06,0.016775078332605654,0.12951864086920328,0.04930000000000001,3493312000.0,17.399999618530273,0.01691027261974576,1
2011-01-07,0.0007704446093152739,0.027756883998663717,0.03119999999999995,2579984000.0,17.139999389648438,0.00969704233774009,0
2011-01-10,0.001408618208310267,0.03753156282797543,0.03280000000000005,1750348000.0,17.540000915527344,0.014118470999380179,1
2011-01-11,0.00024434142179086767,-0.015631424176666298,0.031000000000000028,2711088000.0,16.889999389648438,0.011260019972483598,0
2011-01-12,0.019452101025966496,0.13947078914943623,0.07810000000000006,3431896000.0,16.239999771118164,0.01608612203373331,1
2011-01-13,2.9290611557411367e-06,0.0017114500155543944,0.03649999999999998,2695192000.0,16.389999389648438,0.009564268221792342,0
2011-01-14,7.248117970758621e-05,0.008513587945607082,0.028299999999999992,1595352000.0,15.460000038146973,0.007894521569707803,0
2011-01-18,0.0005605451953965976,-0.02367583568528464,0.02400000000000002,1813348000.0,15.869999885559082,0.011198045367768573,1
2011-01-19,0.0007736073519467097,-0.027813797869883028,0.030999999999999917,1197896000.0,17.309999465942383,0.008106919160491739,0
2011-01-20,1.1459122175854258e-06,0.001070472894372121,0.019199999999999995,1111408000.0,17.989999771118164,0.00539204746967144,0
2011-01-21,9.0168824434817e-05,-0.009495726640695645,0.020299999999999985,739244000.0,18.469999313354492,0.0072626070915800985,1
2011-01-24,0.011471516901955272,0.10710516748483834,0.05179999999999996,2056900000.0,17.649999618530273,0.014208596687431838,1
2011-01-25,0.0009846004948697148,-0.03137834436151332,0.026800000000000046,1086856000.0,17.59000015258789,0.005886033172928656,0
2011-01-26,0.0005562442980133532,0.023584831947956575,0.023700000000000054,1074660000.0,16.639999389648438,0.00646959257672994,1
2011-01-27,7.69969503768351e-06,-0.002774832434163099,0.023800000000000043,657396000.0,16.149999618530273,0.006064712057700596,0
2011-01-28,0.0008717913107503765,-0.02952611235415825,0.043500000000000094,1094796000.0,20.040000915527344,0.013166145430766609,1
2011-01-31,4.504335422882611e-05,0.006711434587986842,0.020999999999999908,750160000.0,19.530000686645508,0.008221348150758782,0
2011-02-01,0.000520509521574236,0.02281467776617141,0.017000000000000015,654104000.0,17.6299991607666,0.005855066929132528,0
2011-02-02,0.0019608237260079,0.04428118930209418,0.04610000000000003,1606616000.0,17.299999237060547,0.011818898516032532,1
2011-02-03,0.0003588353551934416,-0.018942950012958426,0.026699999999999946,1030776000.0,16.690000534057617,0.007403512219197546,0
2011-02-04,0.0005077386879513289,0.02253305766981767,0.013000000000000012,872900000.0,15.930000305175781,0.00601091604219178,0
2011-02-07,0.0018194030320454143,-0.042654460869238686,0.02300000000000002,934236000.0,16.280000686645508,0.009817229686322634,1
2011-02-08,0.0009024147525792893,-0.030040218916966788,0.025800000000000045,1076584000.0,15.8100004196167,0.0072834745222156855,0
2011-02-09,0.0006134546947455117,-0.024768017578028156,0.033499999999999974,1277520000.0,15.869999885559082,0.011101431903706363,1
2011-02-10,0.0004121249983244009,-0.02030086200939263,0.015200000000000102,1042352000.0,16.09000015258789,0.00339993288453532,0
2011-02-11,0.0007935983090727396,0.02817087696669629,0.04609999999999992,1359276000.0,15.6899995803833,0.011852894822148123,1
2011-02-14,0.00023889591867930072,-0.015456258236691722,0.03700000000000003,1287828000.0,15.949999809265137,0.012570794020984613,1
2011-02-15,0.0006016330540215616,-0.024528209352122743,0.01959999999999995,886980000.0,16.3700008392334,0.008210837274540805,0
2011-02-16,0.001300121832807355,0.03605720223211106,0.023599999999999954,1318364000.0,16.719999313354492,0.008954033022125753,1
2011-02-17,0.008804354666807934,0.09383152277783802,0.08509999999999995,3470096000.0,16.59000015258789,0.018277940464169678,1
2011-02-18,3.5002965042831333e-06,-0.0018709079358116831,0.018000000000000016,1394412000.0,16.43000030517578,0.005351276154476204,0
2011-02-22,0.009869334462068103,-0.0993445240668458,0.043300000000000005,1396648000.0,20.799999237060547,0.011435298828919194,1
2011-02-23,0.00234029535343192,-0.04837659923384363,0.0413,1491604000.0,22.1299991607666,0.012439826709645531,1
2011-02-24,0.0005736552019563421,0.023951100224339217,0.024499999999999966,1246120000.0,21.31999969482422,0.00989589605973278,0
2011-02-25,0.00042545233701434676,0.02062649599457811,0.014000000000000012,775652000.0,19.219999313354492,0.007637389600387882,0
2011-02-28,0.00040388089612914974,-0.020096788204316374,0.0343,903696000.0,18.350000381469727,0.009383531155048717,1
2011-03-01,0.0020874101728823296,-0.04568818417142806,0.03359999999999996,988448000.0,21.010000228881836,0.009402090167032334,1
2011-03-02,0.0017867904236432558,-0.042270443854344086,0.04459999999999997,1718140000.0,20.700000762939453,0.0164347919695982,1
2011-03-03,3.324583644859105e-05,0.005765920260339286,0.027800000000000047,1593704000.0,18.600000381469727,0.010149837122334731,0
2011-03-04,2.8949667654963562e-05,-0.00538048953673953,0.01419999999999999,959760000.0,19.059999465942383,0.004974302013265608,0
2011-03-07,0.0001951597667608383,-0.013969959440200186,0.025699999999999945,1019140000.0,20.65999984741211,0.007609892270163763,1
2011-03-08,0.0021142078395152523,-0.045980515868302874,0.04200000000000004,1947184000.0,19.81999969482422,0.010805276466896626,1
2011-03-09,0.0004535705985394565,-0.021297196964376708,0.017799999999999983,1318976000.0,20.219999313354492,0.005283943948121169,0
2011-03-10,0.004337931933996612,-0.06586297847802369,0.023499999999999965,1722736000.0,21.8799991607666,0.008616740545599357,1
2011-03-11,5.0658347440816536e-05,0.007117467768863905,0.022299999999999986,1486832000.0,20.079999923706055,0.006540326417241914,0
2011-03-14,7.033705167845079e-05,0.008386718767101398,0.018699999999999994,1003360000.0,21.1299991607666,0.011598935476926205,1
2011-03-15,0.0009071781905151269,-0.030119398906935824,0.0237,1256280000.0,24.31999969482422,0.017526371396872933,1
2011-03-16,5.628889996276853e-05,-0.00750259288264854,0.02629999999999999,1476520000.0,29.399999618530273,0.010353198023399419,0
2011-03-17,0.00035208668856860203,0.01876397315518763,0.020799999999999985,1238516000.0,26.3700008392334,0.010833215783233686,1
2011-03-18,0.00018303262177719762,-0.013528954940319582,0.015000000000000013,886960000.0,24.440000534057617,0.00909819351420981,0
2011-03-21,6.263324877592043e-05,0.007914117055990544,0.015000000000000013,751832000.0,20.610000610351562,0.005924406910356321,0
2011-03-22,0.0003141298488310229,-0.01772370866469608,0.012800000000000034,718332000.0,20.209999084472656,0.006342834134655284,1
2011-03-23,0.0004170893561356196,0.02042276563386114,0.020500000000000018,782396000.0,19.170000076293945,0.00780534326485334,1
2011-03-24,0.005917880846285403,0.07692776381960809,0.03240000000000004,1780592000.0,18.0,0.013280250128246815,1
2011-03-25,0.0010045746586089645,-0.031695025770757224,0.021199999999999997,1196392000.0,17.90999984741211,0.0106893250935878,0
2011-03-28,0.0013148090806808573,0.036260296202332065,0.018500000000000016,1204284000.0,19.440000534057617,0.008211804278912587,0
2011-03-29,5.9135292352619946e-05,-0.007689947486987148,0.01200000000000001,715764000.0,18.15999984741211,0.005641108702760861,0
2011-03-30,0.0014818586941715375,-0.03849491777068159,0.029799999999999993,1176320000.0,17.709999084472656,0.011691552599941674,1
2011-03-31,4.228452829195893e-07,0.0006502655480029595,0.014000000000000012,655112000.0,17.739999771118164,0.006661128109881419,0
2011-04-01,0.00020120386985503493,-0.014184634991956435,0.01920000000000005,850072000.0,17.399999618530273,0.006475421534411146,0
2011-04-04,0.0013143300784861148,-0.03625369054987526,0.020699999999999996,924328000.0,17.5,0.012541116044940348,1
2011-04-05,2.5408000527380766e-06,0.0015939887241565032,0.010299999999999976,821076000.0,17.25,0.004628853698960974,0
2011-04-06,4.691348371754257e-05,-0.006849341845574841,0.010399999999999965,856984000.0,16.899999618530273,0.008944732690359098,1
2011-04-07,0.001295955926318041,0.03599938786032397,0.019399999999999973,1021208000.0,17.110000610351562,0.0062500504179160195,0
2011-04-08,0.0009451956720270365,-0.030744034738905635,0.018500000000000016,746552000.0,17.8700008392334,0.008971292403640795,1
2011-04-11,0.00017704964660715555,-0.013306000398585427,0.014600000000000002,546208000.0,16.59000015258789,0.0061313957427416976,0
2011-04-12,7.65921921068492e-06,0.002767529441701555,0.01639999999999997,840756000.0,17.09000015258789,0.0071673858369405334,1
2011-04-13,0.0004981513751488508,0.02231930498803336,0.013600000000000001,749588000.0,16.920000076293945,0.010478047851498985,1
2011-04-14,0.0017197968038597873,0.04147043288729679,0.025500000000000023,1254704000.0,16.270000457763672,0.011690366025048537,1
2011-04-15,0.00011547348200626244,0.01074585883055712,0.01649999999999996,969720000.0,15.319999694824219,0.007687449039574161,0
2011-04-18,0.0011503150194653936,-0.03391629430620913,0.01479999999999998,743584000.0,16.959999084472656,0.009826233868710553,1
2011-04-19,1.4186392648623231e-05,-0.0037664827954768665,0.016000000000000014,659860000.0,15.829999923706055,0.009533751956278879,0
2011-04-20,0.0009103989447023449,0.03017281797748339,0.017000000000000015,650516000.0,15.069999694824219,0.006218554027003789,0
2011-04-21,7.861524014812094e-06,-0.0028038409396419217,0.010299999999999976,421300000.0,14.6899995803833,0.005675165821624965,0
2011-04-25,0.0002381182922997915,0.015431082019735087,0.01319999999999999,619612000.0,15.770000457763672,0.008281344549349635,1
2011-04-26,0.0006668162082718122,0.02582278467307142,0.01770000000000005,676000000.0,15.619999885559082,0.005119453145720144,0
2011-04-27,0.0,0.0,0.012500000000000011,450004000.0,15.350000381469727,0.006764677337821077,1
2011-04-28,0.00011934612049994972,0.010924565002779274,0.020500000000000018,684000000.0,14.619999885559082,0.008118844609035931,1
2011-04-29,0.0006102190712602606,0.02470261264037188,0.020799999999999985,836000000.0,14.75,0.010381699317331718,1
2011-05-02,0.00018750720794403423,-0.013693327132002442,0.020000000000000018,613824000.0,15.989999771118164,0.007211601650111861,0
2011-05-03,0.00236270840843024,-0.048607699065376875,0.0252,808000000.0,16.700000762939453,0.008200264754853555,1
2011-05-04,5.9172181186082395e-05,-0.007692345623155683,0.01899999999999996,639356000.0,17.079999923706055,0.008103282532277854,0
2011-05-05,4.138267661152516e-07,0.0006432936857417859,0.01579999999999998,544000000.0,18.200000762939453,0.005347192264926304,0
2011-05-06,0.0012081625934145979,0.03475863336517415,0.015000000000000013,841080000.0,18.399999618530273,0.007508522948572295,1
2011-05-09,0.0004890256018831136,0.022113923258506474,0.0131,706328000.0,17.15999984741211,0.00758542834657523,1
2011-05-10,2.006682327229474e-06,0.0014165741516876107,0.008699999999999986,690976000.0,15.90999984741211,0.004263476964698724,0
2011-05-11,2.1533122428403605e-05,0.0046403795565022055,0.01200000000000001,616000000.0,16.950000762939453,0.004444896145620719,1
2011-05-12,0.0009680299941856627,0.031113180393294138,0.019199999999999995,1224000000.0,16.030000686645508,0.014769862921497495,1
2011-05-13,0.013389269484466318,-0.11571201097753991,0.028200000000000003,2025192000.0,17.06999969482422,0.010983671030602696,0
2011-05-16,0.0009702125801856861,-0.031148235587039053,0.014000000000000012,728188000.0,18.239999771118164,0.008634537079783233,0
2011-05-17,1.4816391520919777e-05,-0.003849206609279343,0.01319999999999999,1420364000.0,17.549999237060547,0.008937017905342754,1
2011-05-18,0.0005233151122967887,0.02287608166397359,0.013799999999999979,658844000.0,16.229999542236328,0.007664747350365326,0
2011-05-19,0.00021075155066847964,-0.014517284548719145,0.01699999999999996,650884000.0,15.520000457763672,0.007703534184037926,1
2011-05-20,0.0002949636182135506,0.017174504889910236,0.011699999999999988,575820000.0,17.43000030517578,0.006654407765656305,0
2011-05-23,7.831467855936665e-07,-0.0008849558099666144,0.015000000000000013,588000000.0,18.270000457763672,0.008693621155026914,1
2011-05-24,1.410502350779504e-05,0.003755665521288476,0.019000000000000017,720372000.0,17.81999969482422,0.011189101934683829,1
2011-05-25,0.0001453215905876204,0.012054940505353828,0.015200000000000047,545312000.0,17.06999969482422,0.005826740363985668,0
2011-05-26,0.0006123520918333112,0.024745748964889125,0.016699999999999993,706436000.0,16.09000015258789,0.00445229040657743,0
2011-05-27,0.0012598475624180767,0.035494331412467495,0.016300000000000037,658824000.0,15.979999542236328,0.005756710996324392,1
2011-05-31,0.0007461535113007361,0.02731581064696298,0.01629999999999998,1200716000.0,15.449999809265137,0.007621234549822846,1
2011-06-01,0.0021113924086436165,-0.04594989019185591,0.02200000000000002,762208000.0,18.299999237060547,0.006561398794694602,0
2011-06-02,2.1236457334226978e-05,-0.004608303086194199,0.012300000000000033,607592000.0,18.09000015258789,0.0033505155221398315,0
2011-06-03,0.0009964031301575801,-0.031565853863907756,0.015699999999999992,549300000.0,17.950000762939453,0.007037538437727768,1
2011-06-06,0.0004512416781365456,-0.021242449909004035,0.013800000000000034,435988000.0,18.489999771118164,0.00456937481522361,0
2011-06-07,4.4120305631648955e-07,-0.0006642311768627618,0.008299999999999974,433956000.0,18.06999969482422,0.005107746939832796,1
2011-06-08,0.0007628910624663391,-0.027620482661719348,0.016199999999999992,569288000.0,18.790000915527344,0.009090076670382322,1
2011-06-09,0.00013109409013573555,-0.011449632751129424,0.02150000000000002,741632000.0,17.770000457763672,0.011270297842736596,1
2011-06-10,0.0002068437034137437,-0.014382061862394546,0.013300000000000034,493548000.0,18.860000610351562,0.007850202759063134,0
2011-06-13,4.947753101673182e-05,-0.007034026657379955,0.01150000000000001,574760000.0,19.610000610351562,0.005451437973126868,0
2011-06-14,6.726573592216602e-05,0.008201569113417628,0.011199999999999988,534576000.0,18.260000228881836,0.0067537572631305425,1
2011-06-15,0.0004814779155465535,-0.021942605031001983,0.014800000000000035,935916000.0,21.31999969482422,0.007295680493815398,1
2011-06-16,0.0012218530759975715,-0.034955015033576675,0.027200000000000002,1024908000.0,22.729999542236328,0.008254878999457559,1
2011-06-17,0.000563974517785387,-0.02374814767061606,0.027000000000000024,1467884000.0,21.850000381469727,0.014968322967370287,1
2011-06-20,0.00014925511399351574,-0.012217001022899021,0.012500000000000011,745960000.0,19.989999771118164,0.011135387964170212,0
2011-06-21,0.000463689365977902,0.02153344761012277,0.013800000000000034,704276000.0,18.860000610351562,0.0058030887225155574,0
2011-06-22,0.00019266408926140133,-0.013880349032405537,0.008700000000000041,651720000.0,18.520000457763672,0.005182039369424656,0
2011-06-23,0.000872993639899901,0.029546465776804864,0.022999999999999965,744024000.0,19.290000915527344,0.010738227153803919,1
2011-06-24,0.000872993639899901,-0.029546465776804864,0.01579999999999998,529052000.0,21.100000381469727,0.006385615836706287,0
2011-06-27,0.0004434737408129006,-0.02105881622534611,0.024500000000000022,1142152000.0,20.559999465942383,0.01438904116446744,1
2011-06-28,3.2417048635047376e-05,0.0056935971612898095,0.009500000000000008,692200000.0,19.170000076293945,0.003516007072777566,0
2011-06-29,0.0002360899568864392,0.015365219064056301,0.02100000000000002,960544000.0,17.270000457763672,0.011895501969480375,1
2011-06-30,0.0001594267439594658,0.012626430372811859,0.01429999999999998,652300000.0,16.520000457763672,0.0070833507811808765,0
2011-07-01,0.00017456243094621812,0.013212207648467311,0.01479999999999998,540804000.0,15.869999885559082,0.004925494323611192,0
2011-07-05,0.00028843673123686375,-0.01698342519154672,0.013499999999999956,535296000.0,16.059999465942383,0.004658197289743302,0
2011-07-06,0.00017383829646144553,-0.013184775176750096,0.01050000000000001,529580000.0,16.34000015258789,0.006354712402180569,1
2011-07-07,1.4601370182856953e-05,0.003821173927323507,0.009599999999999997,986136000.0,15.949999809265137,0.006578702472602974,1
2011-07-08,0.0003707003030052046,-0.01925357896613522,0.008000000000000007,619516000.0,15.949999809265137,0.0035344451203850476,0
2011-07-11,0.0012687216805774004,-0.03561911959295738,0.008699999999999986,714388000.0,18.389999389648438,0.006336010719435333,1
2011-07-12,0.0001902557354463863,-0.013793322132335861,0.013000000000000012,867604000.0,19.8700008392334,0.011074449523112794,1
2011-07-13,3.6409884121893807e-06,-0.0019081374196292522,0.011800000000000033,634368000.0,19.90999984741211,0.010874881310433453,0
2011-07-14,0.0016295226011730566,-0.040367345728609116,0.020100000000000007,1088996000.0,20.799999237060547,0.008055107434545464,0
2011-07-15,2.0148288041943242e-06,0.0014194466542263307,0.01090000000000002,827736000.0,19.530000686645508,0.005976105975426381,0
2011-07-18,0.0004625168630062012,-0.02150620522096358,0.011299999999999977,818200000.0,20.950000762939453,0.0077073380806099755,1
2011-07-19,0.0008988503001202416,0.029980832211935704,0.010200000000000042,602224000.0,19.209999084472656,0.005406193501233971,0
2011-07-20,0.00016228277775802097,-0.012739025777429802,0.00880000000000003,662956000.0,19.09000015258789,0.007761194092589954,1
2011-07-21,0.0021102167142218607,0.04593709518702571,0.023799999999999988,1143420000.0,17.559999465942383,0.008065533854147058,1
2011-07-22,0.00040814938295735583,0.020202707317519497,0.010300000000000031,737192000.0,17.520000457763672,0.009618663923226493,1
2011-07-25,0.0002601569614400578,-0.016129381929883668,0.007000000000000006,566920000.0,19.350000381469727,0.0064666486594842825,0
2011-07-26,0.0006097251165381774,-0.024692612590371588,0.012699999999999989,698276000.0,20.229999542236328,0.008430248332000376,1
2011-07-27,0.0014608611094468486,-0.03822121282019775,0.011300000000000032,652212000.0,22.979999542236328,0.006556162286763313,0
2011-07-28,4.089476380036192e-06,-0.0020222453807676732,0.01319999999999999,648176000.0,23.739999771118164,0.004919674391970797,0
2011-07-29,0.0,0.0,0.008499999999999952,677656000.0,25.25,0.0075911786860783075,1
2011-08-01,0.0026876545572439,0.05184259404431746,0.014400000000000024,1019620000.0,23.65999984741211,0.012842915002248911,1
2011-08-02,0.00010426882127432648,-0.010211210568503937,0.02400000000000002,1356432000.0,24.790000915527344,0.013290508099041691,1
2011-08-03,0.0007193945356209333,0.02682153119456332,0.01369999999999999,765236000.0,23.3799991607666,0.009259763093471986,0
2011-08-04,0.010036624691832627,-0.10018295609450056,0.02849999999999997,979732000.0,31.65999984741211,0.01191381017447721,1
2011-08-05,0.0011563053797094827,-0.034004490581531766,0.03199999999999997,1270588000.0,32.0,0.02783925316335734,1
2011-08-08,0.006783439564418346,-0.0823616389128965,0.022799999999999987,1084180000.0,48.0,0.015244648200619323,0
2011-08-09,0.00653127150107765,0.08081628240074923,0.023799999999999988,1329832000.0,35.060001373291016,0.019687853065763088,1
2011-08-10,0.00219575101603315,-0.04685884138594498,0.01599999999999996,1140052000.0,42.9900016784668,0.020500884736129727,1
2011-08-11,0.006939524781631993,0.08330381012674026,0.031299999999999994,1078792000.0,39.0,0.04833509266682277,1
2011-08-12,0.00163815341254913,-0.040474107927774394,0.05469999999999997,3195784000.0,36.36000061035156,0.03077304937768216,0
2011-08-15,0.0013829525962064258,0.037188070616885005,0.01150000000000001,864152000.0,31.8700008392334,0.014050517978697137,0
2011-08-16,0.0008139613492774049,-0.02853000787377047,0.016200000000000048,716868000.0,32.849998474121094,0.009743506053171789,0
2011-08-17,0.0001946457940679393,-0.013951551672410467,0.01529999999999998,553328000.0,31.579999923706055,0.00691315854692912,0
2011-08-18,0.0049685755943708,-0.07048812378245572,0.013800000000000034,802564000.0,42.66999816894531,0.010851599485500645,1
2011-08-19,0.00032094589284772414,-0.017914962820160252,0.018600000000000005,761332000.0,43.04999923706055,0.014489211585883502,1
2011-08-22,0.00032094589284772414,0.017914962820160252,0.009799999999999975,611876000.0,42.439998626708984,0.008601432051303521,0
2011-08-23,0.010556335765755879,0.10274403031687962,0.02579999999999999,938312000.0,36.27000045776367,0.01871177366813754,1
2011-08-24,0.0002136444630141152,-0.014616581782828542,0.013500000000000012,687500000.0,35.900001525878906,0.00906667797467147,0
2011-08-25,0.001926700228039173,-0.04389419355722546,0.013799999999999979,690968000.0,39.7599983215332,0.009097899338964006,1
2011-08-26,0.0017426154420991046,0.04174464566982339,0.023299999999999987,732660000.0,35.59000015258789,0.010904955405444857,1
2011-08-29,0.0006965988682549179,0.026393159497394736,0.008500000000000008,601528000.0,32.279998779296875,0.004735648068982394,0
2011-08-30,0.0005602567850922268,0.02366974408590483,0.01529999999999998,684760000.0,32.88999938964844,0.011222574209580005,1
2011-08-31,0.0007435998943667465,-0.027269028115551652,0.01799999999999996,705808000.0,31.6200008392334,0.007724292749398077,0
2011-09-01,5.792397574723814e-06,-0.0024067400305649578,0.012699999999999989,762312000.0,31.81999969482422,0.008288393455936594,1
2011-09-02,0.0007552958143327006,-0.027482645693831964,0.008500000000000008,471356000.0,33.91999816894531,0.008002268439347595,0
2011-09-06,0.00039696700012773167,0.01992403071990534,0.020799999999999985,696248000.0,37.0,0.022143199889476186,1
2011-09-07,0.006070905691586796,0.07791601691299932,0.019500000000000017,1606620000.0,33.380001068115234,0.01073433187396362,0
2011-09-08,2.2886894084791908e-05,-0.0047840248833792565,0.012400000000000022,880164000.0,34.31999969482422,0.007440758052937777,0
2011-09-09,0.0004572568959593475,-0.021383566025322986,0.017000000000000015,869828000.0,38.52000045776367,0.011038972231131613,1
2011-09-12,0.000558741952412549,0.023637723080122353,0.016000000000000014,916480000.0,38.59000015258789,0.017067482450932658,1
2011-09-13,0.0004836104012409442,0.021991143700156757,0.012199999999999989,853836000.0,36.90999984741211,0.006472532442746709,0
2011-09-14,0.0025469142413405473,0.050466961879437,0.01429999999999998,1547192000.0,34.599998474121094,0.006118967016034965,0
2011-09-15,0.00020435389199905893,0.014295240186826486,0.008500000000000008,752908000.0,31.969999313354492,0.00529579389009233,0
2011-09-16,6.676956598670511e-06,-0.0025839807659250313,0.018000000000000016,1391588000.0,30.979999542236328,0.006457233269560994,1
2011-09-19,0.0004374704867556431,-0.020915795149973215,0.013999999999999957,968204000.0,32.72999954223633,0.008010834653093735,1
2011-09-20,0.000674003698147934,-0.025961581195064642,0.017799999999999983,792436000.0,32.86000061035156,0.009009536354990157,1
2011-09-21,0.0003672174539170031,-0.019162918721243982,0.015800000000000036,715252000.0,37.31999969482422,0.00946103601677152,1
2011-09-22,0.004711115821603101,-0.06863756858749515,0.016699999999999993,1314632000.0,41.349998474121094,0.01355234559662736,1
2011-09-23,0.00042068202202328643,0.020510534415838277,0.020699999999999996,1011440000.0,41.25,0.018423455466725996,1
2011-09-26,4.113207531068342e-06,0.0020281044181866825,0.019999999999999962,972124000.0,39.02000045776367,0.013814616520662662,0
2011-09-27,2.091297327583391e-06,0.0014461318499996434,0.013900000000000023,781388000.0,37.709999084472656,0.01027016405010608,0
2011-09-28,0.0009496763114596903,-0.03081681864598762,0.025499999999999967,1236532000.0,41.08000183105469,0.010605178640991237,1
2011-09-29,0.0006123038850794169,-0.02474477490460192,0.028500000000000025,866416000.0,38.84000015258789,0.010738368600089325,1
2011-09-30,0.0020532836324632666,-0.04531317283597858,0.011499999999999955,677784000.0,42.959999084472656,0.009300356645824959,0
2011-10-03,0.0033536741855701557,-0.05791091594483855,0.023299999999999987,949896000.0,45.45000076293945,0.008759129315550855,0
2011-10-04,0.007823410196834158,0.08845004350950969,0.03570000000000001,1361548000.0,40.81999969482422,0.02877554967159075,1
2011-10-05,0.0012276514049939478,0.03503785674087312,0.021699999999999997,856708000.0,37.810001373291016,0.01766609659988806,0
2011-10-06,0.001524743709130919,0.03904796677332789,0.012900000000000023,773192000.0,36.27000045776367,0.02075859951517014,1
2011-10-07,0.00034383624682089736,0.01854282197565671,0.01749999999999996,806976000.0,36.20000076293945,0.007592973129643301,0
2011-10-10,0.0018852059713420834,0.043418958662571394,0.01050000000000001,534376000.0,33.02000045776367,0.007627585186649404,1
2011-10-11,0.00011847149557998095,-0.010884461198423234,0.008299999999999974,816080000.0,32.86000061035156,0.007055782304193132,0
2011-10-12,6.742552471526286e-07,-0.0008211304690197707,0.007800000000000029,612064000.0,31.260000228881836,0.008395737244475034,1
2011-10-13,0.0032133841457524276,0.05668671930666325,0.02479999999999999,854832000.0,30.700000762939453,0.012165630880250097,1
2011-10-14,0.0002781471396521863,0.016677743841784665,0.013799999999999979,702452000.0,28.239999771118164,0.006884940911011917,0
2011-10-17,0.0025899556932099054,-0.05089160729638931,0.017000000000000015,611780000.0,33.38999938964844,0.006596582467346823,0
2011-10-18,0.0012607249251760553,0.03550668845690985,0.01880000000000004,590916000.0,31.559999465942383,0.009738472275620925,1
2011-10-19,0.00040389922985781745,-0.020097244334928543,0.01589999999999997,557568000.0,34.439998626708984,0.010585810112800843,1
2011-10-20,0.0026695838725192067,-0.051668015952997526,0.024500000000000022,990308000.0,34.779998779296875,0.014374508989223182,1
2011-10-21,2.4848022515439044e-05,0.004984779083915258,0.014800000000000035,628428000.0,31.31999969482422,0.00796418037542579,0
2011-10-24,0.0013406039898301032,0.036614259378418446,0.01849999999999996,535256000.0,29.260000228881836,0.010968843701188419,1
2011-10-25,0.001507508723925923,-0.03882664966135918,0.012800000000000034,577996000.0,32.220001220703125,0.007774921461009134,0
2011-10-26,0.0001400543877987045,0.01183445764700286,0.015300000000000036,503116000.0,29.860000610351562,0.011961677589004837,1
2011-10-27,0.001790998284735906,0.04232018767368484,0.014500000000000013,577732000.0,25.459999084472656,0.013721274108721383,1
2011-10-28,0.0005089658844531808,0.022560272260174097,0.016500000000000015,490156000.0,24.530000686645508,0.009041779529813028,0
2011-10-31,0.002771362675284136,-0.05264373348542195,0.009800000000000031,519984000.0,29.959999084472656,0.009657637701485098,1
2011-11-01,0.0026310020491279403,-0.0512932943875507,0.009500000000000008,790824000.0,34.77000045776367,0.015681059493280494,1
2011-11-02,0.0002964274319971139,-0.017217068042994832,0.018600000000000005,961608000.0,32.7400016784668,0.012830942113906773,0
2011-11-03,0.0033857256926899,0.05818698903268582,0.02699999999999997,749372000.0,30.5,0.008956472920120086,0
2011-11-04,0.00013627789818548952,0.011673812495731184,0.014600000000000002,654840000.0,30.15999984741211,0.005053717551073756,0
2011-11-07,2.929767968491172e-05,-0.005412733106750389,0.014000000000000012,613536000.0,29.850000381469727,0.006959512196943077,1
2011-11-08,0.0005200441173620039,0.022804475818619552,0.0121,549728000.0,27.479999542236328,0.009321150589737995,1
2011-11-09,0.0026741517371574558,-0.05171220104731045,0.016500000000000015,532244000.0,36.15999984741211,0.01130750203053863,1
2011-11-10,0.00011148375015545433,0.010558586560494465,0.017699999999999994,990484000.0,32.810001373291016,0.018729449060178746,1
2011-11-11,0.0011902658697823753,0.03450022999607938,0.0257,1751560000.0,30.040000915527344,0.01652358060006854,0
2011-11-14,0.0003875049026054577,-0.01968514421093881,0.0121,500292000.0,31.1299991607666,0.004678874998842678,0
2011-11-15,0.00016866724765162374,0.012987195526811157,0.01200000000000001,505660000.0,31.219999313354492,0.007211396362638885,1
2011-11-16,0.00041482702434218353,-0.020367302824433664,0.0116,512420000.0,33.5099983215332,0.0064580846416903625,0
2011-11-17,0.0013189128819665905,-0.036316840197993416,0.01980000000000004,657504000.0,34.5099983215332,0.0092610329497378,1
2011-11-18,8.897552587106477e-05,-0.009432683916630769,0.009000000000000008,501352000.0,32.0,0.00984278118110432,1
2011-11-21,0.0024314473644532655,0.049309708622676585,0.03169999999999995,1330788000.0,32.90999984741211,0.014155703806909812,1
2011-11-22,0.0009095321963498091,0.03015845149124552,0.011199999999999988,1287480000.0,31.969999313354492,0.012601008885143532,0
2011-11-23,0.001880716561124162,-0.0433672291151298,0.015000000000000013,825340000.0,33.97999954223633,0.0076283338822585355,0
2011-11-25,0.0007891455678386847,-0.028091734867015328,0.014500000000000013,406620000.0,34.470001220703125,0.006912937655515351,0
2011-11-28,0.0030114423498781586,0.054876610225834455,0.013800000000000034,690616000.0,32.130001068115234,0.012347657058378873,1
2011-11-29,2.8936321092181444e-05,0.005379249119736085,0.010699999999999987,623440000.0,30.639999389648438,0.004622099935328873,0
2011-11-30,0.0022234843775084663,0.047153837357191475,0.010999999999999954,730324000.0,27.799999237060547,0.008613290159421515,1
2011-12-01,0.00014291884592210256,0.011954867039080885,0.010700000000000043,529760000.0,27.40999984741211,0.021966389647165484,1
2011-12-02,4.0210504672931554e-05,-0.006341175338447247,0.01200000000000001,546464000.0,27.520000457763672,0.008425493342915041,0
2011-12-05,0.00023669572769736987,-0.015384918839479456,0.016200000000000048,644696000.0,27.84000015258789,0.009483221225627003,1
2011-12-06,0.00020488608154014027,-0.014313842305270108,0.012500000000000011,573832000.0,28.1299991607666,0.005762237249996493,0
2011-12-07,3.344773903665731e-05,-0.005783402029658435,0.010699999999999987,510016000.0,28.670000076293945,0.006452961945439697,1
2011-12-08,0.0010511076208859216,-0.032420789948517936,0.01579999999999998,491488000.0,30.59000015258789,0.007630471722782837,1
2011-12-09,0.00020535976438386787,0.014330379073278832,0.016000000000000014,555840000.0,26.3799991607666,0.00846618787148223,1
2011-12-12,0.0006392498651350956,-0.025283391092476015,0.009500000000000008,573208000.0,25.670000076293945,0.011410250512835547,1
2011-12-13,0.0007637536010431325,-0.027636092362038678,0.02150000000000002,516596000.0,25.40999984741211,0.012013307840676016,1
2011-12-14,0.0015875130479637502,-0.03984360736634862,0.016400000000000026,636020000.0,26.040000915527344,0.014558294201920244,1
2011-12-15,7.877978860960615e-05,-0.00887579791396842,0.011699999999999988,435148000.0,25.110000610351562,0.01562318163794571,1
2011-12-16,1.4867620009070645e-05,0.003855855288917187,0.009599999999999997,619116000.0,24.290000915527344,0.0069798776123657725,0
2011-12-19,0.0006967622045551562,-0.026396253608327758,0.015500000000000014,463276000.0,24.920000076293945,0.0077159362438676445,1
2011-12-20,0.0029928464656052652,0.054706914239474935,0.012299999999999978,445208000.0,23.219999313354492,0.007603098639074674,0
2011-12-21,0.00016989083467207895,-0.013034217838906903,0.0131,548424000.0,21.43000030517578,0.005309059180034048,0
2011-12-22,0.0017845322096726817,0.04224372390867881,0.014800000000000035,576560000.0,21.15999984741211,0.00961757989240001,1
2011-12-23,0.00010226155855897856,-0.010112445725885433,0.008699999999999986,248948000.0,20.729999542236328,0.0044582728358485675,0
2011-12-27,5.855331975620286e-05,-0.00765201409801386,0.006500000000000006,195712000.0,21.90999984741211,0.002896076315843939,0
2011-12-28,0.0006281301356712278,-0.025062524527094787,0.009699999999999986,233960000.0,23.520000457763672,0.006271897222958377,1
2011-12-29,0.0003528373444708452,0.01878396508916169,0.008699999999999986,211112000.0,22.649999618530273,0.006734726229449909,1
2011-12-30,6.477566702181822e-05,-0.008048333182828493,0.005800000000000027,186956000.0,23.399999618530273,0.003529540911089234,0
2012-01-03,0.00016649785635932865,0.012903404835907795,0.009799999999999975,468044000.0,22.969999313354492,0.006469960232933326,1
2012-01-04,0.00012840438822879114,0.011331566009550098,0.008500000000000008,347372000.0,22.219999313354492,0.0043143417551904616,0
2012-01-05,0.00125468427001858,0.03542152269480492,0.017699999999999994,563548000.0,21.479999542236328,0.008155654473169557,1
2012-01-06,0.00013829795742535897,-0.0117600151966466,0.008599999999999997,533252000.0,20.6299991607666,0.007250471767611322,0
2012-01-09,0.0,0.0,0.009500000000000008,508244000.0,21.06999969482422,0.006056512682142989,0
2012-01-10,1.709892917958121e-05,-0.00413508514780303,0.009699999999999986,546328000.0,20.690000534057617,0.008403885294890058,1
2012-01-11,0.0004036065486656207,-0.02008996139034669,0.008699999999999986,484272000.0,21.049999237060547,0.004304944178140123,0
2012-01-12,4.2297179544025845e-05,-0.006503628183101018,0.01100000000000001,652364000.0,20.469999313354492,0.007464005581385724,1
2012-01-13,0.0006993867792528207,-0.026445921788676996,0.009299999999999975,504300000.0,20.90999984741211,0.005404942479631126,0
2012-01-17,0.00024207641242519754,-0.01555880498062745,0.010999999999999954,627176000.0,22.200000762939453,0.011042268798600813,1
2012-01-18,0.0011194154269380723,0.03345766619084589,0.00940000000000002,632676000.0,20.889999389648438,0.0056331406043389,0
2012-01-19,0.0006896699806461985,0.026261568510776323,0.01040000000000002,608312000.0,19.8700008392334,0.009512042123025933,1
2012-01-20,8.53753998102425e-05,-0.009239880941345646,0.008299999999999974,546272000.0,18.280000686645508,0.00538497936583853,0
2012-01-23,0.0007246809878796707,0.02691989947751794,0.01419999999999999,562792000.0,18.670000076293945,0.004412635119726364,0
2012-01-24,0.0005050292501474047,0.022472855852058604,0.012500000000000011,730920000.0,18.90999984741211,0.013457709534711622,1
2012-01-25,3.490025042149087e-05,-0.005907643389837514,0.01930000000000004,1274152000.0,18.309999465942383,0.013974541902483515,1
2012-01-26,8.970076940312154e-05,-0.009471049012813815,0.015199999999999991,799672000.0,18.56999969482422,0.005742283671114461,0
2012-01-27,0.00018232481498927185,0.013502770641215522,0.012300000000000033,449996000.0,18.530000686645508,0.016360515292796675,1
2012-01-30,5.6837684622953284e-05,-0.007539077173166042,0.01100000000000001,399076000.0,19.399999618530273,0.007101577244409567,0
2012-01-31,4.685073278451267e-06,-0.00216450300957316,0.008500000000000008,357900000.0,19.440000534057617,0.007728787755313427,1
2012-02-01,0.00012196735816381033,0.01104388329184125,0.009299999999999975,428020000.0,18.549999237060547,0.005915957610684572,0
2012-02-02,0.0013555062600330288,0.03681720060016824,0.017299999999999982,696236000.0,17.979999542236328,0.010637486424014384,1
2012-02-03,0.000438952810227036,0.02095120068700207,0.006599999999999995,495232000.0,17.100000381469727,0.004718449044283507,0
2012-02-06,5.7976802837809615e-05,-0.007614249985245403,0.0050000000000000044,278868000.0,17.760000228881836,0.0030777079198613107,0
2012-02-07,6.474636152427161e-06,0.002544530634994824,0.009299999999999975,410296000.0,17.649999618530273,0.004840372814887134,1
2012-02-08,0.0012741894439205512,0.03569579028289682,0.023999999999999966,847612000.0,18.15999984741211,0.008308043947825682,1
2012-02-09,5.415862818482346e-07,-0.0007359254594374587,0.008199999999999985,561944000.0,18.6299991607666,0.006082130959052366,0
2012-02-10,0.0006173236457618852,-0.024845998586530693,0.009700000000000042,440268000.0,20.790000915527344,0.005539558873353313,0
2012-02-13,0.00024726844766990557,0.0157247717843505,0.013499999999999956,610668000.0,19.040000915527344,0.011163769032744719,1
2012-02-14,2.952241935993398e-05,0.005433453722995529,0.009199999999999986,453756000.0,19.540000915527344,0.005329362780008744,0
2012-02-15,1.7606272958713975e-05,-0.00419598295500756,0.019299999999999984,1110856000.0,21.139999389648438,0.01612087789727326,1
2012-02-16,0.00028637227524362787,0.016922537494230228,0.03949999999999998,1888588000.0,19.219999313354492,0.01359270321382466,0
2012-02-17,0.0013809086967580923,-0.037160579876504785,0.021699999999999997,1020360000.0,17.780000686645508,0.01042505726977288,0
2012-02-21,2.5353816738285875e-05,0.0050352573656453625,0.012699999999999989,518176000.0,18.190000534057617,0.007892937792680008,0
2012-02-22,4.628903313632892e-05,-0.006803604422387366,0.01100000000000001,492432000.0,18.190000534057617,0.007200741269164919,0
2012-02-23,3.362352087973122e-05,0.005798579212163202,0.010000000000000009,323968000.0,16.799999237060547,0.00776471003599896,1
2012-02-24,5.730579115212029e-05,-0.007570058860545292,0.006500000000000006,366668000.0,17.309999465942383,0.0033397388589219198,0
2012-02-27,0.00041908411293274065,-0.020471543980187246,0.010200000000000042,745268000.0,18.190000534057617,0.0072501040926375064,1
2012-02-28,8.262430392561155e-05,-0.00908979119262987,0.011999999999999955,699884000.0,17.959999084472656,0.005222573445645794,0
2012-02-29,0.00013946691373298696,-0.011809611074586113,0.012500000000000011,689196000.0,18.43000030517578,0.0057278409742007085,1
2012-03-01,4.327147264792194e-05,0.006578105551594771,0.006999999999999951,449944000.0,17.260000228881836,0.0034804410174484827,0
2012-03-02,6.984483238530434e-05,0.008357322082180652,0.010000000000000009,684076000.0,17.290000915527344,0.006779723225301584,1
2012-03-05,0.0011830108511642564,-0.03439492478788486,0.01369999999999999,514848000.0,18.049999237060547,0.006074973384783532,0
2012-03-06,8.960375482700777e-05,-0.00946592598888285,0.00880000000000003,471400000.0,20.8700008392334,0.0073067442551679315,1
2012-03-07,3.881975019515136e-05,0.006230549750636083,0.006800000000000028,441984000.0,19.06999969482422,0.0061687114268219765,0
2012-03-08,1.0467659403011806e-05,0.0032353762382467677,0.00610000000000005,430852000.0,17.950000762939453,0.0035904616808524296,0
2012-03-09,7.265285858727556e-06,-0.002695419421672174,0.006800000000000028,367836000.0,17.110000610351562,0.004374067665769146,1
2012-03-12,0.00024037980014200778,-0.015504186535965303,0.010699999999999987,299948000.0,15.640000343322754,0.006378544706009058,1
2012-03-13,0.00018531542306073553,0.013613060752848183,0.007300000000000029,553288000.0,14.800000190734863,0.004498525509679865,0
2012-03-14,0.0008458198725482846,-0.029082982524979872,0.012500000000000011,735708000.0,15.3100004196167,0.0050640375067694185,1
2012-03-15,0.0002145409078616892,0.014647215020668236,0.007500000000000007,382380000.0,15.420000076293945,0.004271319219017201,0
2012-03-16,1.8790984899719727e-06,0.0013708021337786036,0.003699999999999981,428340000.0,14.470000267028809,0.0018915445706539405,0
2012-03-19,7.485585569290491e-06,0.0027359798188748563,0.004599999999999993,405400000.0,15.039999961853027,0.003448447544466862,1
2012-03-20,0.00027321782299429844,-0.016529301951210718,0.007199999999999984,449616000.0,15.579999923706055,0.005645278803352814,1
2012-03-21,1.72890483963911e-05,0.004158010148663793,0.00880000000000003,467840000.0,15.130000114440918,0.006368520147312384,1
2012-03-22,1.9156864870507584e-06,-0.0013840832659384184,0.006199999999999983,425372000.0,15.569999694824219,0.004074047494369922,0
2012-03-23,5.9695831465340186e-05,0.007726307751140915,0.007300000000000029,315456000.0,14.819999694824219,0.002810366994305422,0
2012-03-26,0.0001317599128328702,0.011478672084909047,0.006000000000000005,288600000.0,14.260000228881836,0.003871486150813845,1
2012-03-27,4.58397591766429e-05,0.006770506567210677,0.006199999999999983,419968000.0,15.59000015258789,0.0057793414544705345,1
2012-03-28,0.0005145076169269852,0.02268276034628469,0.01150000000000001,892448000.0,15.470000267028809,0.006861580729806614,1
2012-03-29,2.2449571091984458e-05,0.004738097834783961,0.009999999999999953,372700000.0,15.479999542236328,0.00416959775845364,0
2012-03-30,0.00012031964920863483,0.010969031370573923,0.008799999999999975,527240000.0,15.5,0.005856700149721394,1
2012-04-02,1.9583827957254947e-05,-0.004425361901274849,0.009499999999999953,407776000.0,15.640000343322754,0.006505480621787181,1
2012-04-03,0.00027465720061772484,-0.016572784938498564,0.01150000000000001,430476000.0,15.65999984741211,0.008589716955797699,1
2012-04-04,0.0008448064995260637,-0.029065555207600346,0.01200000000000001,495896000.0,16.440000534057617,0.008566221925672116,0
2012-04-05,1.19442228680543e-06,-0.0010928962836451728,0.006800000000000028,369424000.0,16.700000762939453,0.00594023958235825,0
2012-04-09,0.0001744718063172261,-0.013208777623884282,0.00820000000000004,365504000.0,18.809999465942383,0.007467028379447307,1
2012-04-10,0.00038341733108945283,-0.019581045199106528,0.012299999999999978,470360000.0,20.389999389648438,0.0038815052906882516,0
2012-04-11,0.00015956102989472739,0.01263174690590052,0.008700000000000041,372960000.0,20.020000457763672,0.006307231952836378,1
2012-04-12,0.0005491143005414301,0.023433188014895245,0.01150000000000001,384868000.0,17.200000762939453,0.004705130481219064,0
2012-04-13,0.001300679530841234,-0.036064934920795766,0.01200000000000001,311324000.0,19.549999237060547,0.005294217553667191,1
2012-04-16,0.00014245259273402533,-0.01193535054927275,0.013500000000000012,463468000.0,19.549999237060547,0.009241152545329413,1
2012-04-17,3.996576293496071e-06,0.001999143890142996,0.005699999999999983,460696000.0,18.459999084472656,0.004206358716298427,0
2012-04-18,0.00011262434053775098,-0.010612461568257903,0.007499999999999951,400764000.0,18.639999389648438,0.005299328945305212,1
2012-04-19,0.00023717742990293328,-0.015400565895542062,0.015500000000000014,667188000.0,18.360000610351562,0.009112717894519673,1
2012-04-20,0.0003926080853097113,-0.019814340395524432,0.010499999999999954,509592000.0,17.440000534057617,0.0073428470073430676,0
2012-04-23,0.00014446538658749087,-0.012019375465784021,0.00940000000000002,706244000.0,18.969999313354492,0.007374271586221552,1
2012-04-24,0.001000563609105476,-0.031631686788811564,0.015700000000000047,730440000.0,18.100000381469727,0.009380128945830088,1
2012-04-25,0.00040312184901997107,0.02007789453652875,0.010200000000000042,727112000.0,16.81999969482422,0.0070310380800824215,0
2012-04-26,8.409084586347867e-07,0.0009170106098812525,0.005500000000000005,539208000.0,16.239999771118164,0.009764453490422185,1
2012-04-27,7.381637004338675e-05,-0.008591645362989953,0.007799999999999974,475356000.0,16.31999969482422,0.003665490985614026,0
2012-04-30,2.370510376810363e-06,0.001539646185592769,0.006299999999999972,262268000.0,17.149999618530273,0.003124017162846545,0
2012-05-01,0.0003128929668908799,0.017688780819798744,0.01090000000000002,408680000.0,16.600000381469727,0.006818162662354205,1
2012-05-02,0.000849063664473471,-0.029138697027723648,0.011299999999999977,684008000.0,16.8799991607666,0.0073233783707828135,1
2012-05-03,0.0002981204296439509,-0.017266164300270948,0.010199999999999987,419536000.0,17.559999465942383,0.005534514846021694,0
2012-05-04,0.0008934925923114957,-0.02989134644527569,0.009000000000000008,545092000.0,19.15999984741211,0.004319749406897418,0
2012-05-07,0.00029392363641169865,0.017144201247410118,0.008000000000000007,604440000.0,18.940000534057617,0.00682065673942904,1
2012-05-08,9.266341766413991e-07,-0.00096261839616818,0.010000000000000009,462312000.0,19.049999237060547,0.007824693341668628,1
2012-05-09,1.7344479904196984e-05,0.004164670443648211,0.012300000000000033,520608000.0,20.079999923706055,0.006857621219809501,0
2012-05-10,5.446598372442426e-05,-0.007380107297622729,0.010800000000000032,597092000.0,18.829999923706055,0.011316560391790126,1
2012-05-11,0.003821394778309384,0.06181743102321047,0.013000000000000012,1435140000.0,19.889999389648438,0.024951529936259313,1
2012-05-14,3.688749808013718e-05,-0.006073507889196916,0.012500000000000011,437472000.0,21.8700008392334,0.006859647864954612,0
2012-05-15,0.00010206337897285404,-0.010102642177809429,0.01200000000000001,599940000.0,21.969999313354492,0.007881682287009405,1
2012-05-16,0.00040814938295735583,-0.020202707317519497,0.011799999999999977,470484000.0,22.270000457763672,0.005798244447037136,0
2012-05-17,4.8043539358740024e-05,-0.006931344700614739,0.00649999999999995,335364000.0,24.489999771118164,0.005100163560963972,0
2012-05-18,0.0021403681458228418,-0.046264112936733603,0.018000000000000016,567288000.0,25.100000381469727,0.014707641145972823,1
2012-05-21,0.00030267132779613324,0.01739745176156937,0.00830000000000003,416260000.0,22.010000228881836,0.00477489474291196,0
2012-05-22,0.00015482473105753102,-0.0124428586368861,0.008500000000000008,410140000.0,22.479999542236328,0.010583826496229937,1
2012-05-23,0.000595911649696406,0.024411301679681197,0.015699999999999992,496000000.0,22.329999923706055,0.010095282362800889,0
2012-05-24,0.0007139792746684324,-0.026720390615940337,0.012800000000000034,520420000.0,21.540000915527344,0.008558242175845736,0
2012-05-25,0.0005522394680974261,0.023499775915898136,0.010000000000000009,391752000.0,21.760000228881836,0.004169996570237845,0
2012-05-29,0.0006491837877748685,0.02547908530098497,0.006199999999999983,310000000.0,21.030000686645508,0.006675550909562177,1
2012-05-30,0.0001369704838802885,-0.011703438976655045,0.008000000000000007,379792000.0,24.139999389648438,0.0065117844596684436,0
2012-05-31,0.00012540248974924505,-0.0111983253100294,0.008699999999999986,358192000.0,24.059999465942383,0.007550016795785211,1
2012-06-01,0.0013716061085171768,-0.0370352009379884,0.00830000000000003,440984000.0,26.65999984741211,0.0068778836006882175,0
2012-06-04,0.00045196410983389535,-0.02125944754300768,0.01200000000000001,432856000.0,26.1200008392334,0.010027025535331502,1
2012-06-05,0.0008357636030743018,0.02890957632125213,0.010699999999999987,365224000.0,24.68000030517578,0.0066515612422068816,0
2012-06-06,0.0006844702135489648,0.02616238164901974,0.008699999999999986,368968000.0,22.15999984741211,0.012508532219437816,1
2012-06-07,0.001724044523764869,-0.04152161513916419,0.019000000000000017,526780000.0,21.719999313354492,0.01050868527091447,0
2012-06-08,0.0003735519727451977,0.019327492665764945,0.006199999999999983,370308000.0,21.229999542236328,0.01217862399284632,1
2012-06-11,0.00013190407344513663,0.011484949866896965,0.012500000000000011,839080000.0,23.559999465942383,0.010410177285421946,0
2012-06-12,0.0004139700231398282,0.02034625329489015,0.006300000000000028,496128000.0,22.09000015258789,0.0039940261118644555,0
2012-06-13,0.0007232292279456573,-0.02689292152120437,0.010300000000000031,494276000.0,24.270000457763672,0.004507091557814738,1
2012-06-14,0.00014946272981092832,-0.012225495074267068,0.008699999999999986,589884000.0,21.68000030517578,0.005261483621976844,1
2012-06-15,0.0004570563843788492,0.021378877060754364,0.007299999999999973,385288000.0,21.110000610351562,0.004238774381093342,0
2012-06-18,7.652450071427086e-05,0.008747828342752895,0.010000000000000009,304424000.0,18.31999969482422,0.005969602144021166,1
2012-06-19,0.004296288327793763,0.06554607789787092,0.014500000000000013,960476000.0,18.3799991607666,0.011498800873711539,1
2012-06-20,0.00024298093037001303,0.015587845597452299,0.010300000000000031,972720000.0,17.239999771118164,0.009249377943754787,0
2012-06-21,0.0021404592785611025,-0.04626509784449939,0.015700000000000047,516376000.0,20.079999923706055,0.009669376925050526,1
2012-06-22,0.00015336492226221272,0.012384059199721742,0.008299999999999974,865360000.0,18.110000610351562,0.0059028548969328265,0
2012-06-25,0.0010168232293108386,-0.03188766578648927,0.012799999999999978,494616000.0,20.3799991607666,0.005915231993398449,1
2012-06-26,0.00012225321864170076,0.011056817744798941,0.008500000000000008,437152000.0,19.719999313354492,0.00492584932855762,0
2012-06-27,0.000994929535666069,0.03154250363661815,0.012299999999999978,506064000.0,19.450000762939453,0.006467651787263865,1
2012-06-28,5.747971014210651e-05,0.007581537452397535,0.010200000000000042,545896000.0,19.709999084472656,0.008904467832853718,1
2012-06-29,0.001838202842015315,0.04287426783066173,0.007699999999999985,616508000.0,17.079999923706055,0.008588776736209558,0
2012-07-02,0.0007445488382889858,-0.02728642223320943,0.013999999999999957,581684000.0,16.799999237060547,0.006070595593974601,0
2012-07-03,0.000667612375471938,0.025838196056844565,0.009799999999999975,219284000.0,16.65999984741211,0.005275250236062395,0
2012-07-05,0.0001039734662590165,-0.010196738020515017,0.008000000000000007,280076000.0,17.5,0.007126546705535611,1
2012-07-06,0.00036929874595986576,-0.01921714718577827,0.008700000000000041,382760000.0,17.100000381469727,0.00455291498095497,0
2012-07-09,0.00018289512829763703,-0.013523872533325543,0.006700000000000039,306336000.0,17.979999542236328,0.006275676231062264,1
2012-07-10,0.0009439877064917198,-0.030724382931016203,0.018799999999999983,512028000.0,18.719999313354492,0.006151790375716106,0
2012-07-11,0.0002675746702186634,-0.01635770980970941,0.011699999999999988,485216000.0,17.950000762939453,0.005367533289200643,0
2012-07-12,0.0002873794266834983,-0.016952269071823345,0.0050000000000000044,472160000.0,18.329999923706055,0.0067764916460702485,1
2012-07-13,0.00016437005179506802,0.012820688429061367,0.007199999999999984,324260000.0,16.739999771118164,0.0021060604006754424,0
2012-07-16,1.0110192675001623e-05,0.0031796529173797605,0.008500000000000008,334460000.0,17.110000610351562,0.004191101797991528,1
2012-07-17,0.0003334626285158603,-0.01826095913460901,0.013800000000000034,447476000.0,16.479999542236328,0.009628591232162888,1
2012-07-18,0.002928787042312258,0.054118269025461796,0.02400000000000002,616008000.0,16.15999984741211,0.011030443628190278,1
2012-07-19,0.00010113241607096005,0.010056461409012618,0.007500000000000007,403036000.0,15.449999809265137,0.0038998536976907303,0
2012-07-20,0.0008542966489280999,-0.029228353510386107,0.01319999999999999,451000000.0,16.270000457763672,0.005021461933073192,1
2012-07-23,0.00016971522287935776,0.013027479529032382,0.01849999999999996,451584000.0,18.6200008392334,0.020614003759282035,1
2012-07-24,0.00011760129362100983,-0.010844413014128973,0.009699999999999986,351164000.0,20.469999313354492,0.012306101989680561,0
2012-07-25,0.00037776036523877476,0.019436058377118925,0.01200000000000001,415044000.0,19.34000015258789,0.007541544945654234,0
2012-07-26,2.0907588667204807e-05,0.004572481674889994,0.010700000000000043,338440000.0,17.530000686645508,0.006024057660773426,0
2012-07-27,0.0006067978514852072,0.024633267170337092,0.01050000000000001,376516000.0,16.700000762939453,0.0065450916747673265,1
2012-07-30,0.00012188038645680547,-0.011039945038667787,0.010799999999999976,363552000.0,18.030000686645508,0.0050608772087958505,0
2012-07-31,0.00023966467514169925,0.01548110703863581,0.01050000000000001,387788000.0,18.93000030517578,0.007129164617583422,1
2012-08-01,0.00012079666770758893,-0.010990753737009529,0.01050000000000001,335912000.0,18.959999084472656,0.004559364511922651,0
2012-08-02,1.2800805597375138e-05,0.0035778213478840915,0.013500000000000012,367912000.0,17.56999969482422,0.006644821525704312,1
2012-08-03,0.0004251550047488935,0.020619287202735537,0.01319999999999999,326548000.0,15.640000343322754,0.0046682339819542435,0
2012-08-06,0.00043155794115084655,0.020773972685811604,0.006199999999999983,360324000.0,15.949999809265137,0.004821397540628224,1
2012-08-07,0.00010459893090038797,0.010227361873933472,0.005699999999999983,407340000.0,15.989999771118164,0.007904564302126346,1
2012-08-08,3.177569578724816e-05,0.005636993506049848,0.007000000000000006,517064000.0,15.319999694824219,0.005319326637389913,0
2012-08-09,0.001100284520787452,0.03317053693848582,0.012699999999999989,822300000.0,15.279999732971191,0.016474451054914383,1
2012-08-10,3.9350942773029343e-05,-0.006273032980387505,0.019699999999999995,1278744000.0,14.739999771118164,0.010343732249860241,0
2012-08-13,0.00017022965563724348,0.013047208729733861,0.006000000000000005,447244000.0,13.699999809265137,0.004256578539585664,0
2012-08-14,0.00022392817109469614,-0.01496422971939071,0.008799999999999975,388828000.0,14.850000381469727,0.006461854029532111,1
2012-08-15,5.936773963173591e-05,-0.007705046374405278,0.008799999999999975,594404000.0,14.630000114440918,0.005086318052181649,0
2012-08-16,0.00042051771368402786,0.02050652856248536,0.006800000000000028,371008000.0,14.289999961853027,0.00410233375191349,0
2012-08-17,8.048078140034822e-05,-0.008971108147845963,0.006500000000000006,309864000.0,13.449999809265137,0.0033368114869259152,0
2012-08-20,0.0,0.0,0.006000000000000005,314392000.0,14.020000457763672,0.002263905215009925,0
2012-08-21,7.477400118947825e-06,-0.002734483519597042,0.00830000000000003,340248000.0,15.020000457763672,0.002931628377523203,1
2012-08-22,4.788152196206525e-06,0.0021881846805529293,0.005699999999999983,313556000.0,15.109999656677246,0.0035046374867851765,1
2012-08-23,0.000513437637349897,-0.022659162326747584,0.009299999999999975,379040000.0,15.960000038146973,0.005667230649269506,1
2012-08-24,0.00039693320124200584,0.019923182507872728,0.009800000000000031,347724000.0,15.180000305175781,0.0037854845068252033,0
2012-08-27,0.00029351307855385154,-0.017132223397850366,0.007300000000000029,340944000.0,16.350000381469727,0.003926450423993193,1
2012-08-28,1.9974474286434588e-05,-0.004469281182297058,0.005500000000000005,310764000.0,16.489999771118164,0.004745595908913858,1
2012-08-29,5.004783739124361e-06,0.0022371373983562926,0.0040000000000000036,250412000.0,17.059999465942383,0.0027510428295814517,0
2012-08-30,0.0003569238028215158,-0.01889242712891903,0.009000000000000008,307488000.0,17.829999923706055,0.0035347618383845896,1
2012-08-31,2.0286269969153966e-06,-0.0014242987737533852,0.008900000000000019,485064000.0,17.469999313354492,0.006340329440951271,1
2012-09-04,0.0030339486822905516,-0.05508129158153929,0.017400000000000027,694452000.0,17.979999542236328,0.009686720897731572,1
2012-09-05,9.04518295013481e-06,0.0030075210639552985,0.008500000000000008,480256000.0,17.739999771118164,0.00498138501462702,0
2012-09-06,0.0009279462675229269,0.030462210483202412,0.016900000000000026,657296000.0,15.600000381469727,0.010773370695598595,1
2012-09-07,0.0005989849305496467,-0.024474168638579874,0.013500000000000012,781064000.0,14.380000114440918,0.010094638585238158,0
2012-09-10,8.092015204218135e-05,-0.008995562908577837,0.00770000000000004,371108000.0,16.280000686645508,0.005696146709068042,0
2012-09-11,0.0001434291519874349,0.011976191046715767,0.010799999999999976,382808000.0,16.40999984741211,0.004666923207485129,0
2012-09-12,0.0001264736242873415,0.011246049274627135,0.006000000000000005,322608000.0,15.800000190734863,0.003322966174691893,0
2012-09-13,4.164802138512847e-05,0.006453527824773708,0.008499999999999952,433836000.0,14.050000190734863,0.005438992486438186,1
2012-09-14,0.00013521126761593163,0.011628037995119023,0.010199999999999987,339468000.0,14.510000228881836,0.0073456016706530255,1
2012-09-17,0.0007751004545652411,-0.02784062597294179,0.014000000000000012,493348000.0,14.59000015258789,0.009036530419499426,1
2012-09-18,4.640080578973335e-05,0.006811813693116786,0.010299999999999976,359952000.0,14.180000305175781,0.005869214999891203,0
2012-09-19,0.00013776242595210986,0.011737223945725406,0.011999999999999955,451936000.0,13.880000114440918,0.0060421497513319,1
2012-09-20,5.796548521293714e-05,-0.007613506761863231,0.006299999999999972,320596000.0,14.069999694824219,0.005387531359530979,0
2012-09-21,2.2015715322166824e-05,0.004692090719728981,0.0042999999999999705,340136000.0,13.979999542236328,0.004866982973691358,0
2012-09-24,7.710449820573132e-07,-0.0008780916706456754,0.006200000000000039,357832000.0,14.149999618530273,0.007621311886744909,1
2012-09-25,0.0003356966198393834,-0.018322025538662023,0.012699999999999989,481544000.0,15.430000305175781,0.007596559943577376,0
2012-09-26,0.00030447805407442154,-0.01744929952962071,0.008699999999999986,436812000.0,16.809999465942383,0.01507079732812581,1
2012-09-27,5.713266032406779e-05,0.007558614973926625,0.0050000000000000044,558888000.0,14.84000015258789,0.005639077186067559,0
2012-09-28,2.032113030646014e-05,0.004507896439189807,0.011900000000000022,485508000.0,15.729999542236328,0.006613329988359414,1
2012-10-01,0.00027653218742533617,-0.016629256971534723,0.010200000000000042,504236000.0,16.31999969482422,0.005520825943326012,0
2012-10-02,1.5646621033121822e-05,0.003955580998174835,0.004799999999999971,295492000.0,15.710000038146973,0.003209846288004535,0
2012-10-03,0.00010144131670332208,-0.010071808015610806,0.006700000000000039,430872000.0,15.430000305175781,0.002711011050601261,0
2012-10-04,0.0018937940622462098,0.04351774422285937,0.017500000000000016,502608000.0,14.550000190734863,0.019843346273273183,1
2012-10-05,0.0005652632492939377,-0.02377526549365827,0.01369999999999999,483068000.0,14.329999923706055,0.011696333066543507,0
2012-10-08,9.352187205069293e-05,-0.00967067071359029,0.006000000000000005,240596000.0,15.109999656677246,0.003884010962331401,0
2012-10-09,0.0004616654090645845,-0.021486400560926544,0.008500000000000008,366360000.0,16.3700008392334,0.0057139014248818315,1
2012-10-10,0.0002962573806203236,-0.017212128881121114,0.006799999999999973,326568000.0,16.290000915527344,0.0050197405408464995,0
2012-10-11,2.8641924564320705e-05,0.0053518150719471524,0.004799999999999971,320516000.0,15.59000015258789,0.004878923614329961,0
2012-10-12,7.247752308372689e-05,-0.008513373190676354,0.004999999999999949,260696000.0,16.139999389648438,0.002278690913605132,0
2012-10-15,0.00015842498110128314,0.012586698578312072,0.007500000000000007,249580000.0,15.270000457763672,0.004329968696523268,1
2012-10-16,0.0008044002285361145,0.02836195036551814,0.01050000000000001,367696000.0,15.220000267028809,0.008650334406485922,1
2012-10-17,5.818336409698982e-05,-0.007627802048886023,0.006200000000000039,391752000.0,15.069999694824219,0.006077855177862454,0
2012-10-18,0.00023815912528194117,-0.015432405038811714,0.005500000000000005,254772000.0,15.029999732971191,0.003736977547859475,0
2012-10-19,0.003591008275408972,-0.05992502211438033,0.018000000000000016,709412000.0,17.059999465942383,0.008121816243481258,1
2012-10-22,0.00014304818915015848,-0.011960275462971515,0.009000000000000008,480840000.0,16.6200008392334,0.006315889850404474,0
2012-10-23,0.0008976668415890748,0.029961088791782498,0.014500000000000013,573948000.0,18.829999923706055,0.013419044423532398,1
2012-10-24,0.00017923734087366166,-0.01338795506691226,0.010299999999999976,332916000.0,18.329999923706055,0.007656914302128686,0
2012-10-25,9.71618930083982e-07,0.0009857073247592218,0.006799999999999973,307356000.0,18.1200008392334,0.006915571025736078,0
2012-10-26,0.00011873570030759923,-0.010896591224213159,0.005599999999999994,389376000.0,17.809999465942383,0.004488709227228185,0
2012-10-31,3.2036487157196686e-05,-0.0056600783702345225,0.006199999999999983,347112000.0,18.600000381469727,0.0025946747135713846,0
2012-11-01,0.002175422315531181,0.046641422743428196,0.01319999999999999,473220000.0,16.690000534057617,0.007634399746891341,1
2012-11-02,2.295920065864272e-05,-0.004791576009899323,0.007199999999999984,256700000.0,17.59000015258789,0.003963958346157933,0
2012-11-05,0.0017138107446236421,0.04139819735959094,0.01529999999999998,444840000.0,18.420000076293945,0.01558794152082764,1
2012-11-06,3.777677865194813e-07,-0.000614628169318232,0.006500000000000006,350804000.0,17.579999923706055,0.003725527832405111,0
2012-11-07,0.0009748923976752706,-0.03122326692829036,0.010999999999999954,324620000.0,19.079999923706055,0.00888658392791254,1
2012-11-08,2.8914358629640485e-05,0.005377207326265232,0.010699999999999987,839024000.0,18.489999771118164,0.00888996382513054,1
2012-11-09,0.001540244596487932,-0.03924595006478926,0.018699999999999994,846280000.0,18.610000610351562,0.009635321448563232,1
2012-11-12,0.0005090590647587653,-0.0225623373070869,0.01150000000000001,643624000.0,16.68000030517578,0.012078179051960704,1
2012-11-13,5.490715491347495e-05,-0.007409936228705005,0.00770000000000004,492120000.0,16.649999618530273,0.008978400738744598,0
2012-11-14,0.0006244233494989748,-0.02498846432854518,0.012299999999999978,619300000.0,17.920000076293945,0.008523007108503778,0
2012-11-15,2.021351189748552e-05,0.004495943938427782,0.010000000000000009,466688000.0,17.989999771118164,0.00862860599767953,1
2012-11-16,0.00034068950668640727,-0.018457776320196517,0.01200000000000001,624552000.0,16.40999984741211,0.006792577582733525,0
2012-11-19,0.0007690312728293247,0.027731413105525737,0.007299999999999973,404092000.0,15.239999771118164,0.009080596503162673,1
2012-11-20,0.0003343715604241514,-0.018285829497842077,0.006599999999999995,336976000.0,15.079999923706055,0.007075874641216598,0
2012-11-21,0.0008116800813153331,0.028489999672083766,0.009200000000000041,422312000.0,15.3100004196167,0.008794082213480377,1
2012-11-23,4.5500261152930954e-05,0.006745388139531405,0.005799999999999972,276932000.0,15.140000343322754,0.00706939533093157,0
2012-11-26,0.00031181543802281654,0.017658296577609534,0.006000000000000005,364600000.0,15.5,0.0077626678445513065,1
2012-11-27,1.5643447589902488e-05,0.003955179842927814,0.009500000000000008,451404000.0,15.920000076293945,0.005444547658833754,0
2012-11-28,6.707698403223927e-05,0.008190053970044353,0.009000000000000008,398332000.0,15.510000228881836,0.005039778729377133,0
2012-11-29,0.00032788121682102996,-0.018107490627390366,0.008500000000000008,488688000.0,15.0600004196167,0.005816768367702052,1
2012-11-30,3.597622770839335e-05,-0.005998018648553316,0.005500000000000005,460504000.0,15.869999885559082,0.004894884526063522,0
2012-12-03,0.00033171272646554046,-0.01821298236054547,0.010000000000000009,391380000.0,16.639999389648438,0.005091178264639373,1
2012-12-04,0.0008515899254032279,0.029182013731119172,0.01050000000000001,528068000.0,17.1200008392334,0.004640788573784978,0
2012-12-05,0.00013543615625852688,-0.011637704080209588,0.007199999999999984,633024000.0,16.459999084472656,0.006868048127093604,1
2012-12-06,2.7917202231052376e-06,0.0016708441648176642,0.0042999999999999705,412896000.0,16.579999923706055,0.0024175015110175723,0
2012-12-07,2.7917202231052376e-06,-0.0016708441648176642,0.005700000000000038,338288000.0,15.899999618530273,0.005810013286790467,1
2012-12-10,0.0010822588960383624,0.032897703507059006,0.0131,513644000.0,16.049999237060547,0.00541448343998821,0
2012-12-11,0.0005452156544486499,0.02334985341385787,0.010999999999999954,816724000.0,15.569999694824219,0.007637041349166195,1
2012-12-12,0.00010999688064956535,-0.010487939771450128,0.007199999999999984,399404000.0,15.949999809265137,0.00724219429703223,0
2012-12-13,9.17778212929425e-07,0.000958007417992901,0.008999999999999952,377556000.0,16.559999465942383,0.0062834612779507715,0
2012-12-14,2.281321922639259e-05,0.0047763185851021905,0.005699999999999983,338660000.0,17.0,0.006157106054748118,0
2012-12-17,1.712433897246176e-05,-0.004138156470272936,0.007000000000000006,445232000.0,16.34000015258789,0.004155280435866603,0
2012-12-18,2.539643302865506e-06,0.0015936258352780008,0.0050000000000000044,416436000.0,15.569999694824219,0.0036267879549015908,0
2012-12-19,5.3262911732148505e-05,0.007298144403349971,0.0050000000000000044,458544000.0,17.360000610351562,0.004508405319986005,1
2012-12-20,9.004429503987084e-07,-0.0009489167246912178,0.005300000000000027,334332000.0,17.670000076293945,0.003843151148932009,0
2012-12-21,0.0005312285321876399,-0.023048395436291003,0.006599999999999995,462172000.0,17.84000015258789,0.005823355103576199,1
2012-12-24,7.14926887283809e-05,-0.008455334927037539,0.0042999999999999705,127376000.0,17.84000015258789,0.002170560433284147,0
2012-12-26,4.269070855586475e-07,-0.0006533812712028464,0.005699999999999983,196740000.0,19.479999542236328,0.003942571825802992,1
2012-12-27,4.2999501922767054e-05,-0.0065574005461590534,0.006500000000000006,299804000.0,19.469999313354492,0.006191401318347743,1
2012-12-28,2.4467109747962272e-05,-0.004946423935325628,0.006500000000000006,220600000.0,22.719999313354492,0.003538434242441078,0
2012-12-31,0.00017256705175827368,0.013136477905369981,0.007000000000000006,326460000.0,18.020000457763672,0.004920246946620041,1
2013-01-02,0.001356716107730139,0.03683362740391094,0.005500000000000005,478836000.0,14.680000305175781,0.013508807440960311,1
2013-01-03,8.891575461948178e-07,0.000942951507870271,0.007299999999999973,298888000.0,14.5600004196167,0.004238177089744899,0
2013-01-04,0.0010533483736162514,0.03245532889397751,0.011999999999999955,524968000.0,13.829999923706055,0.006557271236820402,1
2013-01-07,0.0008595781634335994,-0.02931856346128847,0.012500000000000011,610732000.0,13.789999961853027,0.007508215991454676,1
2013-01-08,0.000491368593056216,-0.02216683543170328,0.01100000000000001,466424000.0,13.619999885559082,0.008267168715649177,1
2013-01-09,0.0005288603936335839,-0.02299696487873093,0.0131,695020000.0,13.8100004196167,0.006564479318333505,0
2013-01-10,3.8572727645789176e-06,0.001963994084659859,0.005500000000000005,506368000.0,13.489999771118164,0.0036363255945325297,0
2013-01-11,3.8572727645789176e-06,-0.001963994084659859,0.005099999999999993,513172000.0,13.359999656677246,0.002663403574290036,0
2013-01-14,4.2971014510926624e-07,-0.0006555228028903848,0.005800000000000027,305684000.0,13.520000457763672,0.004038115526669932,1
2013-01-15,0.0003311438764640419,-0.018197359051907558,0.005699999999999983,375888000.0,13.550000190734863,0.003909624293541617,0
2013-01-16,8.054402461749289e-05,0.00897463228313522,0.005800000000000027,337376000.0,13.420000076293945,0.004479401313790703,1
2013-01-17,0.0001729075983450859,0.013149433384944231,0.0050000000000000044,580736000.0,13.569999694824219,0.0044023974392550045,0
2013-01-18,4.294316415000356e-05,-0.006553103398390991,0.005700000000000038,397088000.0,12.460000038146973,0.00418982138311666,0
2013-01-22,2.1278461344367302e-05,-0.004612858261898722,0.005599999999999994,308224000.0,12.430000305175781,0.004351360664203954,1
2013-01-23,1.7427490384742672e-06,0.0013201322049227748,0.0040000000000000036,421808000.0,12.460000038146973,0.006641622543164401,1
2013-01-24,2.7700958914950322e-05,0.005263170044274679,0.005199999999999982,396980000.0,12.6899995803833,0.0037774652507680233,0
2013-01-25,0.000319828429717132,0.017883747641843195,0.006699999999999984,393920000.0,12.890000343322754,0.006966843570158169,1
2013-01-28,0.00025552006824091023,0.015984995096680832,0.006300000000000028,422492000.0,13.569999694824219,0.006750353825714481,0
2013-01-29,0.0004753587391788253,-0.02180272320557286,0.007500000000000007,388872000.0,13.3100004196167,0.0055476891964966624,0
2013-01-30,2.63107984998443e-06,-0.0016220603718679616,0.006000000000000005,287592000.0,14.319999694824219,0.005462619017219681,0
2013-01-31,2.3834193460881723e-05,-0.0048820275973084915,0.007000000000000006,470544000.0,14.279999732971191,0.0022397301053575566,0
2013-02-01,8.269945944254829e-05,0.009093924314758084,0.0038000000000000256,288816000.0,12.899999618530273,0.004709928359888846,1
2013-02-04,0.0002987359053495222,-0.017283978284802437,0.010000000000000009,511744000.0,14.670000076293945,0.007101953856151709,1
2013-02-05,0.0005182548215396855,0.022765210773012523,0.00830000000000003,367296000.0,13.720000267028809,0.004237045164364621,0
2013-02-06,6.514215211980398e-05,-0.008071068833791717,0.009199999999999986,530688000.0,13.40999984741211,0.0057589391912658315,1
2013-02-07,1.5189525725004715e-05,-0.003897374209003379,0.005799999999999972,440000000.0,13.5,0.004428813813601426,0
2013-02-08,4.2083900779519155e-05,0.00648721055458501,0.004500000000000004,307232000.0,13.020000457763672,0.0038482173341680566,0
2013-02-11,0.00012661490747711992,0.011252328980132065,0.007199999999999984,408308000.0,12.9399995803833,0.006205407695598812,1
2013-02-12,4.114440135130796e-05,-0.006414390177663654,0.0048000000000000265,277804000.0,12.640000343322754,0.0025852811527785884,0
2013-02-13,2.3405651856429485e-05,-0.004837938802468411,0.008500000000000008,856396000.0,12.979999542236328,0.007960306818848618,1
2013-02-14,0.0008226946747321319,0.028682654597023127,0.017299999999999982,882096000.0,12.65999984741211,0.009122054412701208,1
2013-02-15,0.0,0.0,0.008499999999999952,733860000.0,12.460000038146973,0.005415676014366451,0
2013-02-19,0.0001849966777485215,-0.013601348379793876,0.006799999999999973,433552000.0,12.3100004196167,0.0033068357262617744,0
2013-02-20,0.00020836615854388668,-0.01443489378360252,0.01150000000000001,713012000.0,14.680000305175781,0.004644415942953022,1
2013-02-21,5.088857693794301e-05,-0.007133622988211741,0.006000000000000005,580408000.0,15.220000267028809,0.0029069494675145273,0
2013-02-22,0.00033777740043533896,0.018378721403714104,0.005800000000000027,370148000.0,14.170000076293945,0.004041338987359876,1
2013-02-25,0.00031428564638786134,-0.017728103293580544,0.00930000000000003,644444000.0,18.989999771118164,0.004913690334767611,1
2013-02-26,3.4065811362627746e-05,0.005836592444451449,0.005799999999999972,487504000.0,16.8700008392334,0.005388949161643233,1
2013-02-27,0.0003334626285158603,0.01826095913460901,0.00880000000000003,476980000.0,14.729999542236328,0.004878774039561328,0
2013-02-28,2.2568226569996388e-05,0.004750602758597733,0.008499999999999952,591392000.0,15.510000228881836,0.006060296052642397,1
2013-03-01,1.6801903625875695e-05,0.004099012518384848,0.007299999999999973,389396000.0,15.359999656677246,0.004047644664486443,0
2013-03-04,1.6801903625875695e-05,-0.004099012518384848,0.006500000000000006,353680000.0,14.010000228881836,0.004492237334479504,1
2013-03-05,0.00012095059765348581,0.01099775420954141,0.003699999999999981,366168000.0,13.479999542236328,0.003666882928361918,0
2013-03-06,3.9086928057687866e-07,-0.0006251953939184762,0.006699999999999984,342928000.0,13.529999732971191,0.004691494248346613,1
2013-03-07,6.273510142632549e-06,-0.002504697615009155,0.007499999999999951,314824000.0,13.0600004196167,0.00448222832358372,0
2013-03-08,2.200710951903582e-05,0.004691173575880114,0.003699999999999981,246464000.0,12.59000015258789,0.0035977109855032203,0
2013-03-11,8.844383080000741e-05,-0.009404458027978402,0.003999999999999948,299748000.0,11.5600004196167,0.0036828249491389726,1
2013-03-12,9.888865631746133e-06,0.0031446566794717246,0.005500000000000005,310856000.0,12.270000457763672,0.004221068234428212,1
2013-03-13,0.0,0.0,0.008500000000000008,485840000.0,11.829999923706055,0.006120280238301963,1
2013-03-14,8.863693457236198e-07,0.0009414719038418617,0.004699999999999982,383304000.0,11.300000190734863,0.00313840916944997,0
2013-03-15,7.782297893059745e-05,-0.008821733329147818,0.003999999999999948,355776000.0,11.300000190734863,0.002693805985072866,0
2013-03-18,4.880941171899764e-05,-0.006986373287979797,0.005300000000000027,298312000.0,13.359999656677246,0.004947049902534512,1
2013-03-19,4.0881748452707394e-05,-0.006393883675256173,0.006000000000000005,355480000.0,14.390000343322754,0.004536896982417655,0
2013-03-20,0.0001391627291624467,0.011796725357591686,0.004500000000000004,340588000.0,12.670000076293945,0.0026045018245749963,0
2013-03-21,0.00025519361546524655,-0.015974780607734385,0.004300000000000026,339032000.0,13.989999771118164,0.0037904046777540823,1
2013-03-22,2.3225521751720725e-05,0.004819286435948866,0.0030000000000000027,232476000.0,13.569999694824219,0.0019628102831673977,0
2013-03-25,2.985110367623858e-05,-0.0054636163551478045,0.006000000000000005,362076000.0,13.739999771118164,0.0028710883205615894,1
2013-03-26,4.9912779824040526e-05,0.00706489772212171,0.0030000000000000027,232540000.0,12.770000457763672,0.0028182964360910527,0
2013-03-27,0.00014608737739587574,0.012086661135147114,0.007500000000000007,254944000.0,13.149999618530273,0.004177899000180428,1
2013-03-28,0.00019956494352876153,0.014126745680756114,0.007699999999999985,349276000.0,12.699999809265137,0.004847227784850418,1
2013-04-01,0.0011074455529255312,-0.03327830453802494,0.01200000000000001,442828000.0,13.579999923706055,0.008084526008133842,1
2013-04-02,0.00011431509760588909,-0.010691823867137407,0.006300000000000028,371524000.0,12.779999732971191,0.00419193030142681,0
2013-04-03,0.00015512936203960543,-0.012455093818980467,0.007300000000000029,353156000.0,14.210000038146973,0.006208818596057632,1
2013-04-04,9.694035766417123e-05,0.009845829455366939,0.006099999999999994,294676000.0,13.890000343322754,0.002365732304893286,0
2013-04-05,0.0002944949444657168,0.01716085500392439,0.01050000000000001,551352000.0,13.920000076293945,0.006490411408798656,1
2013-04-08,5.061238881618515e-06,-0.002249719734015443,0.006800000000000028,326660000.0,13.1899995803833,0.0055892000093920495,0
2013-04-09,0.0002547051080982802,0.015959483328049195,0.009199999999999986,380584000.0,12.84000015258789,0.0052499282521943245,0
2013-04-10,0.00024676558594975023,0.01570877417081773,0.00599999999999995,384688000.0,12.359999656677246,0.0042958147691472374,0
2013-04-11,2.1965871820250003e-05,-0.004686776271623172,0.013799999999999979,969220000.0,12.239999771118164,0.008446263728068252,1
2013-04-12,0.0006123685637791224,0.024746081786398477,0.012799999999999978,770548000.0,12.0600004196167,0.007130855934438209,0
2013-04-15,0.00044078604210675323,-0.020994905146410003,0.008799999999999975,430420000.0,17.270000457763672,0.003962410821679613,0
2013-04-16,0.0001179665219906464,0.010861239431604774,0.004500000000000004,468844000.0,13.960000038146973,0.007210667219733065,1
2013-04-17,0.0001702428769630482,-0.013047715392475734,0.006699999999999984,532948000.0,16.510000228881836,0.005022394839937994,0
2013-04-18,0.0003958683376810342,-0.01989644032687843,0.009000000000000008,402548000.0,17.559999465942383,0.006646876728674758,1
2013-04-19,6.495279031606625e-06,0.002548583730546561,0.006000000000000005,303028000.0,14.970000267028809,0.0037139109939193955,0
2013-04-22,2.526741494881213e-06,0.0015895727397263748,0.006000000000000005,245568000.0,14.390000343322754,0.002795701931242215,0
2013-04-23,0.0006612512825593468,0.025714806679408397,0.009299999999999975,376948000.0,13.479999542236328,0.006625375325220954,1
2013-04-24,0.0011214910018954043,0.03348866975404374,0.013000000000000012,556556000.0,13.609999656677246,0.009192213669297839,1
2013-04-25,6.969393576375146e-05,0.008348289391471253,0.0047000000000000375,353224000.0,13.619999885559082,0.003362818918924453,0
2013-04-26,1.9923982921107505e-05,-0.004463628895988947,0.0032999999999999696,324332000.0,13.609999656677246,0.0024841939024253176,0
2013-04-29,0.00014063631546669807,0.011859018318001624,0.006300000000000028,269712000.0,13.710000038146973,0.0037433423325276107,1
2013-04-30,0.0002055843229914579,0.014338211987254823,0.006400000000000017,276712000.0,13.520000457763672,0.004304816605557602,1
2013-05-01,7.158899252854757e-05,-0.00846102786477787,0.00649999999999995,341316000.0,14.489999771118164,0.0036874320093800935,0
2013-05-02,0.0001357632427177443,0.011651748483285429,0.007199999999999984,323480000.0,13.59000015258789,0.005625800471966505,1
2013-05-03,1.8789108354748235e-05,0.00433464051044008,0.0038000000000000256,293864000.0,12.850000381469727,0.003420264446097943,0
2013-05-06,8.338647599776622e-06,-0.002887671657196611,0.0050000000000000044,217116000.0,12.65999984741211,0.004847774148868767,1
2013-05-07,0.0001715763958622827,-0.013098717336528898,0.008499999999999952,448068000.0,12.829999923706055,0.004088766675935528,0
2013-05-08,0.00032410113520967856,0.018002809092185545,0.008999999999999952,334032000.0,12.65999984741211,0.00494533730773498,1
2013-05-09,7.446601198494365e-07,0.000862936915335899,0.008500000000000008,566800000.0,13.130000114440918,0.004771405398063456,0
2013-05-10,0.0019493721760876612,0.04415169505339134,0.010000000000000009,861136000.0,12.59000015258789,0.0053914738283405185,1
2013-05-13,0.0004346627093243764,-0.02084856612154362,0.008000000000000007,289812000.0,12.550000190734863,0.004628116517279971,0
2013-05-14,0.00021028163122280223,0.014501090690799856,0.007400000000000018,454140000.0,12.770000457763672,0.005920956966398982,1
2013-05-15,0.00029899587230725,0.01729149711006106,0.00930000000000003,313172000.0,12.8100004196167,0.00877331710375197,1
2013-05-16,2.1497899098015986e-05,-0.004636582696126101,0.006300000000000028,308368000.0,13.069999694824219,0.0031465228156868402,0
2013-05-17,0.000264691402253505,0.016269339330578392,0.009500000000000008,312116000.0,12.449999809265137,0.004555349675746289,1
2013-05-20,4.6397706252068426e-06,-0.002154012679908557,0.003500000000000003,236380000.0,13.020000457763672,0.002875029030222174,0
2013-05-21,2.8905214982637004e-05,0.005376357036380397,0.007500000000000007,357784000.0,13.369999885559082,0.0038881158018894955,1
2013-05-22,0.001258432217714476,-0.03547438819365989,0.016000000000000014,480404000.0,13.819999694824219,0.00535553536615452,1
2013-05-23,0.00025544684334560065,0.015982704506609657,0.012199999999999989,393884000.0,14.069999694824219,0.011819507249179143,1
2013-05-24,3.978378652667996e-05,-0.006307438983191194,0.007300000000000029,283304000.0,13.989999771118164,0.006445623743662598,0
2013-05-28,6.81698329439634e-07,-0.0008256502464358828,0.007400000000000018,279300000.0,14.479999542236328,0.004573918262138768,0
2013-05-29,3.691398946411171e-05,-0.006075688394257206,0.0037000000000000366,335052000.0,14.829999923706055,0.003359504653814572,0
2013-05-30,0.0001744718063172261,0.013208777623884282,0.010000000000000009,284504000.0,14.529999732971191,0.004645727043667287,1
2013-05-31,0.00012089360929916202,-0.010995162995570462,0.007199999999999984,577508000.0,16.299999237060547,0.003622864714475139,0
2013-06-03,2.754774770762959e-06,-0.0016597514183644968,0.011199999999999988,444468000.0,16.280000686645508,0.0055250485182926894,1
2013-06-04,2.754774770762959e-06,0.0016597514183644968,0.01050000000000001,363676000.0,16.270000457763672,0.003580012113183669,0
2013-06-05,0.0004750071969929704,-0.02179465982742035,0.01100000000000001,464520000.0,17.5,0.005738497107749276,1
2013-06-06,3.838369638244853e-05,0.006195457721786868,0.005199999999999982,341044000.0,16.6299991607666,0.005725370865547392,0
2013-06-07,0.00019430828546280376,0.013939450687268984,0.006299999999999972,274584000.0,15.140000343322754,0.005808297549149223,1
2013-06-10,3.067644553353684e-07,-0.0005538632099493235,0.0050000000000000044,224148000.0,15.4399995803833,0.006356819796086562,1
2013-06-11,0.00036161711690738596,-0.019016232984147674,0.007000000000000006,296336000.0,17.06999969482422,0.0066152097575959724,1
2013-06-12,6.758757166482637e-05,-0.008221166076952002,0.009699999999999986,312588000.0,18.59000015258789,0.006614653543655085,0
2013-06-13,0.0004945632094059394,0.022238777156263323,0.011199999999999988,236256000.0,16.40999984741211,0.004868971774330883,0
2013-06-14,1.2414555528393976e-06,-0.001114206243403526,0.004799999999999971,236012000.0,17.149999618530273,0.0031852648593569287,0
2013-06-17,8.895159389468706e-05,0.00943141526467195,0.006000000000000005,255336000.0,16.799999237060547,0.005021764379908963,1
2013-06-18,3.7118726829929447e-05,-0.006092513999157445,0.01100000000000001,486772000.0,16.610000610351562,0.003962908640135609,0
2013-06-19,0.0009058914795445671,0.030098031157279492,0.025000000000000022,1159588000.0,16.639999389648438,0.010842533384206578,1
2013-06-20,0.0007466066744067066,-0.027324104274554117,0.010000000000000009,628696000.0,20.489999771118164,0.007044514151974506,0
2013-06-21,1.921000457038389e-06,-0.0013860016078772741,0.009700000000000042,714228000.0,18.899999618530273,0.004664668558349491,0
2013-06-24,0.0004420043624517349,-0.021023899791706935,0.01200000000000001,580772000.0,20.110000610351562,0.010051920621229725,1
2013-06-25,4.980396330030455e-05,0.007057192309998683,0.005699999999999983,457360000.0,18.469999313354492,0.0045337336038873246,0
2013-06-26,3.182949997858348e-05,-0.005641763906668151,0.008000000000000007,579752000.0,17.209999084472656,0.0027036778068918687,0
2013-06-27,8.796686936958797e-05,-0.00937906548487577,0.008500000000000008,808036000.0,16.860000610351562,0.004161489411407884,1
2013-06-28,5.206627733384258e-06,0.0022818036141141196,0.008699999999999986,431536000.0,16.860000610351562,0.004550826870136804,1
2013-07-01,1.818509700994173e-05,0.004264398786457679,0.0040000000000000036,199524000.0,16.3700008392334,0.002683127250503066,0
2013-07-02,7.249265573882812e-07,-0.0008514261902174969,0.008500000000000008,256392000.0,16.440000534057617,0.005730613865962929,1
2013-07-03,9.724158505849583e-06,0.0031183583029936734,0.008199999999999985,140388000.0,16.200000762939453,0.0047658991832269515,0
2013-07-05,5.7960456221158115e-05,0.007613176486930939,0.0048000000000000265,184684000.0,14.890000343322754,0.003722209775437499,0
2013-07-08,2.5694816792456707e-05,-0.0050690055032971415,0.006599999999999995,262084000.0,14.779999732971191,0.0033027827991982364,0
2013-07-09,2.5694816792456707e-05,0.0050690055032971415,0.004200000000000037,157364000.0,14.350000381469727,0.0022292964414879373,0
2013-07-10,0.0001793739848171225,0.013393057336438252,0.006800000000000028,208468000.0,14.210000038146973,0.0051449217626566845,1
2013-07-11,0.00018941873127285933,0.013762947768296563,0.004200000000000037,239832000.0,14.010000228881836,0.0031369038668705414,0
2013-07-12,2.9876876644440906e-07,0.0005465974446010602,0.005699999999999983,216360000.0,13.84000015258789,0.0036893240872795754,1
2013-07-15,4.788152196206525e-06,-0.0021881846805529293,0.007300000000000029,201332000.0,13.789999961853027,0.0055803197672324506,1
2013-07-16,2.9828091758877057e-05,0.005461510025521976,0.0041999999999999815,162560000.0,14.420000076293945,0.004659759602525786,0
2013-07-17,2.9828091758877057e-05,-0.005461510025521976,0.0042999999999999705,166100000.0,13.779999732971191,0.013170761041976837,1
2013-07-18,1.4752379429606412e-05,-0.0038408826367914983,0.007000000000000006,344488000.0,13.770000457763672,0.004847707122049699,0
2013-07-19,0.0004697421294523746,-0.021673535231991448,0.01100000000000001,480532000.0,12.539999961853027,0.006201188269870887,1
2013-07-22,3.1579411918180753e-07,-0.0005619556202955955,0.007799999999999974,292384000.0,12.289999961853027,0.004466421424665865,0
2013-07-23,1.9776015138620523e-06,-0.0014062722047534226,0.006700000000000039,246792000.0,12.65999984741211,0.006784740280164508,1
2013-07-24,0.0,0.0,0.004699999999999982,284252000.0,13.180000305175781,0.002703644342480311,0
2013-07-25,1.1368609233037257e-05,0.0033717368273691317,0.008700000000000041,243320000.0,12.970000267028809,0.007208451987176461,1
2013-07-26,1.777845379801951e-05,-0.004216450378934811,0.0050000000000000044,227360000.0,12.720000267028809,0.002899401918286069,0
2013-07-29,5.08982534370342e-06,-0.0022560641266824444,0.005500000000000005,179540000.0,13.390000343322754,0.004055117514245925,1
2013-07-30,0.0002821629736649614,0.016797707393122474,0.009699999999999986,266076000.0,13.390000343322754,0.007634161809131513,1
2013-07-31,4.921855798033713e-06,0.0022185255910252,0.006299999999999972,270160000.0,13.449999809265137,0.005882875495001864,0
2013-08-01,0.00018921034327470815,0.013755375068485343,0.00880000000000003,277648000.0,12.9399995803833,0.0062434670259050576,1
2013-08-02,6.663964059143706e-05,0.00816331063916087,0.007000000000000006,209628000.0,11.979999542236328,0.003991577317561556,0
2013-08-05,2.3679801721182367e-05,0.004866189651172914,0.006000000000000005,185188000.0,11.84000015258789,0.0036256955248142987,0
2013-08-06,0.00023157793587315136,-0.015217684970886713,0.007300000000000029,206608000.0,12.720000267028809,0.002543889882104173,0
2013-08-07,3.000795135691392e-07,-0.0005477951383219271,0.005800000000000027,244380000.0,12.979999542236328,0.003896009509725978,1
2013-08-08,4.659379914231948e-05,0.0068259650703998975,0.006399999999999961,345696000.0,12.729999542236328,0.008198580864063006,1
2013-08-09,0.00021102713970820095,-0.014526773203578314,0.015000000000000013,906224000.0,13.40999984741211,0.009636160216591335,1
2013-08-12,6.917596590346885e-05,-0.008317209021268424,0.03670000000000001,257568000.0,12.8100004196167,0.003334326963179239,0
2013-08-13,1.3051025410000705e-05,0.0036126202969590793,0.004500000000000004,197468000.0,12.3100004196167,0.0021005403814610807,0
2013-08-14,0.0017276600530620177,0.04156513025436126,0.018500000000000016,828508000.0,13.039999961853027,0.007867411657306637,1
2013-08-15,4.396279638426622e-05,0.006630444659618706,0.010999999999999954,723616000.0,14.729999542236328,0.0056919044085665905,0
2013-08-16,1.565996004519393e-05,0.003957266739201937,0.008199999999999985,660456000.0,14.369999885559082,0.00493640872391365,0
2013-08-19,0.0002535706981142576,-0.015923903356723113,0.005300000000000027,393432000.0,15.100000381469727,0.003966212708720501,0
2013-08-20,0.0,0.0,0.0050000000000000044,234192000.0,14.90999984741211,0.0010212375168198353,0
2013-08-21,2.3300322385902795e-05,-0.004827040748315969,0.005800000000000027,261540000.0,15.9399995803833,0.00442811938143189,1
2013-08-22,2.8750434251449755e-05,0.0053619431413853835,0.005699999999999983,129016000.0,14.760000228881836,0.010063880528460953,1
2013-08-23,0.0,0.0,0.0041999999999999815,245120000.0,13.979999542236328,0.0025147584608809035,0
2013-08-26,4.565713168202311e-06,0.0021367529497352544,0.0025000000000000022,300152000.0,14.989999771118164,0.0032472132577710242,1
2013-08-27,0.00016614036324347748,-0.012889544725997015,0.0050000000000000044,277464000.0,16.770000457763672,0.004844128004616166,1
2013-08-28,0.0,0.0,0.0050000000000000044,318824000.0,16.489999771118164,0.003859909351891349,0
2013-08-29,4.685073278451267e-06,-0.00216450300957316,0.0050000000000000044,276216000.0,16.809999465942383,0.0028586934940688148,0
2013-08-30,1.1750797316076134e-06,-0.001084010946258207,0.003500000000000003,378120000.0,17.010000228881836,0.0019568047994506224,0
2013-09-03,2.9392917938082376e-07,0.0005421523580884102,0.007500000000000007,284680000.0,16.610000610351562,0.0041158748126136745,1
2013-09-04,8.912103470422469e-05,0.009440393779087008,0.006300000000000028,222080000.0,15.880000114440918,0.006046143429212451,1
2013-09-05,7.1875827320736496e-06,0.0026809667532577963,0.0041999999999999815,174904000.0,15.770000457763672,0.002034395926199836,0
2013-09-06,1.6193785634780595e-05,-0.004024150299725471,0.00660000000000005,226756000.0,15.850000381469727,0.0028429564369704756,1
2013-09-09,0.00028202759946783086,0.016793677365837145,0.004300000000000026,246408000.0,15.630000114440918,0.0033483986146131506,1
2013-09-10,0.00042715954228620003,0.0206678383554304,0.007199999999999984,292132000.0,14.529999732971191,0.002809868029490741,0
2013-09-11,0.0002871400228496757,0.016945206485896702,0.010799999999999976,396164000.0,13.819999694824219,0.005928084127218986,1
2013-09-12,5.837559875323516e-07,-0.0007640392578476263,0.006700000000000039,303808000.0,14.289999961853027,0.005625221087375492,0
2013-09-13,4.031269211544642e-05,0.006349227678658753,0.005799999999999972,159696000.0,14.15999984741211,0.006463098891626165,1
2013-09-16,5.763928416938943e-07,0.0007592054015178595,0.00720000000000004,231412000.0,14.380000114440918,0.004262953938836585,0
2013-09-17,9.187390026466685e-06,0.003031070772262945,0.004799999999999971,168608000.0,14.529999732971191,0.003094106835939547,0
2013-09-18,7.723783829347207e-05,0.008788506033079346,0.006200000000000039,268168000.0,13.59000015258789,0.003420762226403402,1
2013-09-19,2.0341502434706315e-05,-0.004510155477886135,0.006000000000000005,227572000.0,13.15999984741211,0.00363132342748749,1
2013-09-20,7.353206682076408e-05,-0.008575084070769456,0.007799999999999974,356036000.0,13.119999885559082,0.0034926240398201157,0
2013-09-23,9.354270113441293e-05,-0.00967174757396061,0.009000000000000008,271244000.0,14.3100004196167,0.006445899853895092,1
2013-09-24,1.4661066682209253e-05,0.0038289772370972974,0.0050000000000000044,229732000.0,14.079999923706055,0.0016818720916180678,0
2013-09-25,1.620719056320249e-06,0.0012730746467981557,0.006000000000000005,233156000.0,14.010000228881836,0.0036062501380893963,1
2013-09-26,9.3520145018613e-06,-0.003058106358820978,0.005299999999999971,148816000.0,14.0600004196167,0.0024385351766288248,0
2013-09-27,3.46643071203862e-05,-0.0058876401996373895,0.0047000000000000375,151920000.0,15.460000038146973,0.00492196162203143,1
2013-09-30,1.6499959781346623e-06,-0.0012845216923565994,0.008500000000000008,226640000.0,16.600000381469727,0.008160718673693144,1
2013-10-01,2.6447469452137453e-07,-0.0005142710321623944,0.004799999999999971,226976000.0,15.539999961853027,0.002564577501483331,0
2013-10-02,5.958338995822193e-07,-0.0007719027785817456,0.005200000000000038,162036000.0,16.600000381469727,0.0020913282998588035,0
2013-10-03,0.0001071096842268052,-0.010349380862003543,0.00940000000000002,436768000.0,17.670000076293945,0.005244121331779643,1
2013-10-04,0.0001874160487381196,0.013689998127761727,0.010000000000000009,246228000.0,16.739999771118164,0.004156389741281232,0
2013-10-07,0.0,0.0,0.006300000000000028,169952000.0,19.40999984741211,0.003981533739813318,0
2013-10-08,7.228262746446108e-05,-0.008501919045983741,0.010699999999999987,290712000.0,20.34000015258789,0.00485903220645083,1
2013-10-09,0.00024478763828538375,-0.015645690725736072,0.010799999999999976,275860000.0,19.600000381469727,0.0060536142512538854,1
2013-10-10,0.0001262823387352196,0.01123754148981082,0.005299999999999971,223484000.0,16.479999542236328,0.003303022595592706,0
2013-10-11,7.418149634023127e-05,-0.008612868067039647,0.006000000000000005,213704000.0,15.720000267028809,0.007443036753854403,1
2013-10-14,0.00022766994792736855,0.015088735796194741,0.006799999999999973,166628000.0,16.06999969482422,0.005461753938713298,0
2013-10-15,2.680479654865907e-05,-0.00517733488859462,0.004500000000000004,208820000.0,18.65999984741211,0.002582030049537944,0
2013-10-16,0.00014700319693348565,0.012124487491580238,0.004500000000000004,210072000.0,14.710000038146973,0.004659270514746017,1
2013-10-17,4.199142954923219e-06,0.0020491810449355663,0.004799999999999971,213324000.0,13.479999542236328,0.001998549956605821,0
2013-10-18,0.00013108074897112237,0.011449050134012095,0.008000000000000007,255068000.0,13.039999961853027,0.0026702764870950722,1
2013-10-21,5.171821725198964e-06,0.0022741639618107934,0.005299999999999971,195008000.0,13.15999984741211,0.0028940596039288844,1
2013-10-22,2.5611084750735227e-05,-0.00506073954583075,0.005700000000000038,179452000.0,13.329999923706055,0.0069571261910598,1
2013-10-23,0.00029386688079821284,-0.017142545925218133,0.007300000000000029,252216000.0,13.420000076293945,0.008587645369292771,1
2013-10-24,4.888988196277484e-05,-0.006992130001850283,0.007000000000000006,236436000.0,13.199999809265137,0.007053666804292722,0
2013-10-25,9.849259717805625e-05,-0.009924343664850399,0.007199999999999984,330492000.0,13.09000015258789,0.0028743050363560212,0
2013-10-28,3.3817745895517187e-06,-0.0018389601924869714,0.007199999999999984,394024000.0,13.3100004196167,0.005327437859773881,1
2013-10-29,1.7263016318619634e-06,0.0013138879829962535,0.005199999999999982,387952000.0,13.40999984741211,0.0028650099968508466,0
2013-10-30,6.211419857594991e-07,-0.0007881256154697036,0.00649999999999995,204032000.0,13.649999618530273,0.003212074049754772,1
2013-10-31,3.390676340112421e-06,-0.0018413789235549594,0.004799999999999971,293368000.0,13.75,0.003751704580568635,1
2013-11-01,1.9945623560125155e-05,0.004466052346326133,0.0044999999999999485,206136000.0,13.279999732971191,0.0024862595325362232,0
2013-11-04,0.0008559958051683158,-0.029257405988370122,0.012999999999999956,410264000.0,12.930000305175781,0.007530861844827531,1
2013-11-05,1.823685757059909e-06,-0.0013504390978714698,0.007599999999999996,422368000.0,13.270000457763672,0.009166938723332779,1
2013-11-06,4.534718941937733e-05,0.006734032181344052,0.006599999999999995,198044000.0,12.670000076293945,0.0037317253868212243,0
2013-11-07,0.0005585078999066106,-0.023632771735592306,0.00930000000000003,553076000.0,13.90999984741211,0.011687870607770517,1
2013-11-08,0.004485661010742166,0.06697507753442444,0.016699999999999993,734532000.0,12.899999618530273,0.00767945405311248,0
2013-11-11,6.711820556107649e-05,0.008192570143799593,0.006500000000000006,297624000.0,12.529999732971191,0.004915228408379317,0
2013-11-12,4.1522135753340355e-06,0.0020376981070153732,0.007699999999999985,316032000.0,12.819999694824219,0.003117587872358159,0
2013-11-13,0.0007349571972026177,0.027110094009475838,0.012500000000000011,332792000.0,12.520000457763672,0.004987960252185959,1
2013-11-14,1.7649809848005236e-05,0.004201167676730511,0.005799999999999972,307980000.0,12.369999885559082,0.0015003500126096981,0
2013-11-15,8.783499366890096e-06,-0.0029636969087425413,0.007199999999999984,450332000.0,12.1899995803833,0.014356726790164675,1
2013-11-18,0.0006021152284437515,-0.0245380363607961,0.005500000000000005,316948000.0,13.100000381469727,0.006523079496493126,0
2013-11-19,0.00047444554010284113,-0.021781770821098112,0.008500000000000008,206716000.0,13.390000343322754,0.004695954837406853,0
2013-11-20,0.00022132377610604217,-0.014876954530616882,0.007799999999999974,204776000.0,13.399999618530273,0.0052694245987641745,1
2013-11-21,6.174120911612183e-05,0.007857557452295327,0.0050000000000000044,213568000.0,12.65999984741211,0.0020910755155445562,0
2013-11-22,9.926885236677171e-05,-0.009963375550824716,0.004999999999999949,158668000.0,12.260000228881836,0.0024988537978240717,1
2013-11-25,0.0004680795412672525,0.021635145972866754,0.008699999999999986,248208000.0,12.789999961853027,0.005113248128658415,1
2013-11-26,6.753251915154691e-05,0.008217817176814468,0.005799999999999972,753176000.0,12.8100004196167,0.005002423540544035,0
2013-11-27,1.4661066682209253e-05,0.0038289772370972974,0.005599999999999994,181272000.0,12.979999542236328,0.0020742753383781428,0
2013-11-29,4.082951974305811e-05,-0.006389798098771049,0.006000000000000005,116964000.0,13.699999809265137,0.001792210146543804,0
2013-12-02,9.402069814360807e-05,0.009696427081333003,0.008700000000000041,373872000.0,14.229999542236328,0.003667517769748372,1
2013-12-03,5.80793891364551e-07,-0.0007620983475671306,0.008000000000000007,290560000.0,14.550000190734863,0.0034147463852496843,0
2013-12-04,0.00019266408926140133,0.013880349032405537,0.008299999999999974,493176000.0,14.699999809265137,0.0043686879985187195,1
2013-12-05,0.0002697766720885818,-0.01642487966740036,0.007799999999999974,271812000.0,15.079999923706055,0.0035011473149411227,0
2013-12-06,0.000214001018307609,-0.014628773643323933,0.01150000000000001,281000000.0,13.789999961853027,0.00519323883657222,1
2013-12-09,0.00028721262609264796,-0.016947348644925198,0.008500000000000008,385220000.0,13.489999771118164,0.004226482593765027,0
2013-12-10,0.0005116159348223877,0.02261892868423232,0.010999999999999954,524268000.0,13.90999984741211,0.007508652071439437,1
2013-12-11,9.133800723525866e-05,-0.009557091986334476,0.005699999999999983,414156000.0,15.420000076293945,0.0024292959825980803,0
2013-12-12,0.000386409308232669,-0.01965729656470261,0.009000000000000008,258724000.0,15.539999961853027,0.003664150516950709,1
2013-12-13,3.728914517176344e-05,-0.006106483863219769,0.006299999999999972,184588000.0,15.760000228881836,0.0035097891386256753,0
2013-12-16,1.7706884658090275e-06,0.0013306721857050396,0.0038000000000000256,237620000.0,16.030000686645508,0.003851010270542936,1
2013-12-17,2.2808377179086056e-05,0.00477581167751473,0.006300000000000028,274104000.0,16.209999084472656,0.0043796085617662595,1
2013-12-18,0.0001868698326570565,0.013670034113236751,0.009999999999999953,426232000.0,13.800000190734863,0.007022191304611762,1
2013-12-19,1.5278715603275657e-05,0.003908799765052651,0.0050000000000000044,258544000.0,14.149999618530273,0.002331395071835803,0
2013-12-20,0.000393154533740578,0.019828124816547277,0.00830000000000003,382080000.0,13.789999961853027,0.004315752323804987,1
2013-12-23,3.419005801926292e-05,0.00584722652368308,0.006500000000000006,168568000.0,13.039999961853027,0.004133039234169857,0
2013-12-24,6.409236136555821e-06,0.00253164692177954,0.005299999999999971,79600000.0,12.479999542236328,0.005859014621302041,1
2013-12-26,8.834649642460144e-05,-0.009399281697268225,0.007400000000000018,168920000.0,12.329999923706055,0.0038703282101238876,0
2013-12-27,3.135332277539737e-05,0.005599403787493573,0.0032999999999999696,210976000.0,12.460000038146973,0.002584910666826058,0
2013-12-30,0.00017854584391763934,0.013362104771241667,0.005700000000000038,248180000.0,13.5600004196167,0.0056732797365513414,1
2013-12-31,9.004515201594988e-06,0.0030007524392383633,0.0050000000000000044,235776000.0,13.720000267028809,0.0011765224663144208,0
2014-01-02,0.00010075593187855809,-0.010037725433511224,0.006500000000000006,260092000.0,14.229999542236328,0.002990528168899641,1
2014-01-03,0.00014219454842812813,-0.01192453556446238,0.007500000000000007,259332000.0,13.760000228881836,0.003081075717988568,1
2014-01-06,0.00017383829646144553,0.013184775176750096,0.008000000000000007,409492000.0,13.550000190734863,0.004560295532335756,1
2014-01-07,0.00026374432414382945,0.016240207022813147,0.006800000000000028,333288000.0,12.920000076293945,0.006626651830541675,1
2014-01-08,0.00018329554022551155,0.013538668332798154,0.007499999999999951,308192000.0,12.869999885559082,0.003011897986615262,0
2014-01-09,0.0014342876142726555,-0.03787198983777662,0.01100000000000001,292172000.0,12.890000343322754,0.006323638732232774,1
2014-01-10,1.6141366257859914e-06,-0.0012704867672612696,0.008000000000000007,218492000.0,12.140000343322754,0.002831172523240952,0
2014-01-13,0.0005726509710588582,-0.023930126850036926,0.012500000000000011,243332000.0,13.279999732971191,0.007437169436625168,1
2014-01-14,0.0009468949771031973,0.030771658666753687,0.0126,241828000.0,12.279999732971191,0.005839655645597863,0
2014-01-15,0.00011664118247441917,0.010800054744047327,0.005799999999999972,175044000.0,12.279999732971191,0.005175675181635747,0
2014-01-16,8.959649657791662e-06,0.002993267388288534,0.003699999999999981,220652000.0,12.529999732971191,0.006834989700176907,1
2014-01-17,1.8003993678297835e-05,-0.004243111320516801,0.008900000000000019,340400000.0,12.4399995803833,0.006518329152697062,0
2014-01-21,1.4023940518184226e-05,0.003744855206571307,0.006799999999999973,246076000.0,12.869999885559082,0.0058803451033592686,0
2014-01-22,1.5543294647817314e-06,-0.001246727502215994,0.006500000000000006,337940000.0,12.84000015258789,0.0025465964152761892,0
2014-01-23,1.4059017976668621e-05,-0.0037495357014794006,0.007599999999999996,185028000.0,13.770000457763672,0.002682343117303318,1
2014-01-24,0.0006829687312273181,-0.02613367045072923,0.008500000000000008,246696000.0,18.139999389648438,0.004835062936281255,1
2014-01-27,4.156994149615005e-05,-0.006447475590969698,0.010300000000000031,233812000.0,17.420000076293945,0.007439915513536486,1
2014-01-28,9.077440263165399e-05,0.009527560161534221,0.006300000000000028,167996000.0,15.800000190734863,0.00486238231259744,0
2014-01-29,9.077440263165399e-05,-0.009527560161534221,0.0048000000000000265,162944000.0,17.350000381469727,0.004327039548205168,0
2014-01-30,0.0002781471396521863,0.016677743841784665,0.006299999999999972,202896000.0,17.290000915527344,0.018135656863223014,1
2014-01-31,1.620719056320249e-06,-0.0012730746467981557,0.007500000000000007,335348000.0,18.40999984741211,0.005009859472208373,0
2014-02-03,0.00017787425402108765,-0.013336950701756667,0.010000000000000009,431728000.0,21.440000534057617,0.00418357739115724,0
2014-02-04,3.208405421193656e-05,0.005664278790096455,0.005199999999999982,280692000.0,19.110000610351562,0.0030311620431828492,0
2014-02-05,8.147762725735045e-05,-0.009026495845972038,0.0050000000000000044,214676000.0,19.950000762939453,0.0024227249494263676,0
2014-02-06,0.00016564180403486775,0.012870190520534952,0.006000000000000005,168380000.0,17.229999542236328,0.002941806367919997,1
2014-02-07,0.00021682018931068028,0.014724815425351867,0.008799999999999975,157248000.0,15.289999961853027,0.025719323855450955,1
2014-02-10,9.118164574262653e-06,0.0030196298737200644,0.007199999999999984,324372000.0,15.260000228881836,0.004860753786192122,0
2014-02-11,0.0004159007099638294,0.0203936438618465,0.009000000000000008,235384000.0,14.510000228881836,0.0034314086465575887,0
2014-02-12,0.00124693821106624,0.03531201227721581,0.016300000000000037,744528000.0,14.300000190734863,0.011646832422409962,1
2014-02-13,0.0009539989037593227,0.03088687267690471,0.012699999999999989,902836000.0,14.140000343322754,0.005519697163069844,0
2014-02-14,0.0009798258507312052,0.031302170064249624,0.01899999999999996,817536000.0,13.569999694824219,0.005244977233186779,0
2014-02-18,4.491230703629872e-07,-0.0006701664497443804,0.005700000000000038,428988000.0,13.869999885559082,0.0016303792109886154,0
2014-02-19,0.00017738861783332335,0.013318731840281317,0.01200000000000001,450340000.0,15.5,0.0047684497200596076,1
2014-02-20,0.0012022189464927756,0.034673029093126195,0.016699999999999993,398088000.0,14.789999961853027,0.004558454054729865,0
2014-02-21,5.599026835884904e-05,-0.007482664522671656,0.011799999999999977,451052000.0,14.680000305175781,0.004812791286268371,1
2014-02-24,0.00020986830041814738,0.014486831966242564,0.015500000000000014,403112000.0,14.229999542236328,0.0070242101210202254,1
2014-02-25,8.347315469465169e-05,-0.00913636441341148,0.008499999999999952,242184000.0,13.670000076293945,0.00724652094179432,1
2014-02-26,2.2357651711813983e-06,-0.001495247528398358,0.008299999999999974,360884000.0,14.350000381469727,0.0022517349816012816,0
2014-02-27,0.0001298300086272046,-0.011394297197598657,0.011299999999999977,388848000.0,14.039999961853027,0.004158803020496336,1
2014-02-28,4.234905502820803e-05,-0.006507615156738145,0.011700000000000044,321692000.0,14.0,0.003102578784501285,0
2014-03-03,2.5180423106463334e-05,-0.005018009875086271,0.01200000000000001,375948000.0,16.0,0.005906972447140739,1
2014-03-04,0.00010907628295837613,0.010443959161083316,0.006200000000000039,260344000.0,14.100000381469727,0.0037520547808658116,0
2014-03-05,7.431721062907146e-05,0.008620743043907031,0.006699999999999984,241472000.0,13.890000343322754,0.003344725174533244,0
2014-03-06,0.000197309565410986,-0.014046692329904076,0.01040000000000002,290144000.0,14.210000038146973,0.002743787130841566,0
2014-03-07,1.1853367912242764e-06,-0.0010887317351966352,0.006699999999999984,268452000.0,14.109999656677246,0.003094327879638913,1
2014-03-10,0.00022277503439055107,-0.01492565021667569,0.00930000000000003,300888000.0,14.199999809265137,0.004910948016906643,1
2014-03-11,0.00010243663480482052,0.01012109849793097,0.007799999999999974,297220000.0,14.800000190734863,0.004098644525804897,0
2014-03-12,6.882887478366006e-06,0.0026235257723845606,0.008000000000000007,239428000.0,14.470000267028809,0.002513658228613556,0
2014-03-13,0.0010349978432461341,-0.03217138236455086,0.019600000000000006,385172000.0,16.219999313354492,0.006724502353742921,1
2014-03-14,2.0245006758914243e-05,0.004499445161229798,0.01050000000000001,460048000.0,17.81999969482422,0.0034985634629599023,0
2014-03-17,0.0,0.0,0.0050000000000000044,299656000.0,15.640000343322754,0.005259374134995594,1
2014-03-18,0.0005426832370146206,0.02329556260352217,0.013800000000000034,293904000.0,14.520000457763672,0.006696683926560421,1
2014-03-19,0.00030247271455585413,0.017391742711869163,0.014600000000000002,366168000.0,15.119999885559082,0.008777527640781138,1
2014-03-20,4.177590146215566e-07,0.0006463427996207249,0.008799999999999975,191800000.0,14.520000457763672,0.002012789003080856,0
2014-03-21,2.9739348089634674e-06,-0.0017245100199660968,0.010999999999999954,566116000.0,15.0,0.005652083323852502,1
2014-03-24,2.474661144223204e-05,-0.004974596611005966,0.013000000000000012,306096000.0,15.09000015258789,0.005349924692848644,0
2014-03-25,0.0,0.0,0.009000000000000008,304424000.0,14.020000457763672,0.0041572980125774255,0
2014-03-26,0.0005202051481550033,-0.022808006229282807,0.027400000000000035,557756000.0,14.930000305175781,0.012205207570075698,1
2014-03-27,0.000179534252266942,-0.013399039229248566,0.01369999999999999,540728000.0,14.619999885559082,0.004865069359134111,0
2014-03-28,3.662422004153321e-05,0.006051794778537456,0.007399999999999962,398820000.0,14.40999984741211,0.003920335538727406,0
2014-03-31,4.491230703629872e-07,0.0006701664497443804,0.007000000000000006,273404000.0,13.880000114440918,0.003655224847445118,0
2014-04-01,0.0016215136309869237,0.04026802243700234,0.01529999999999998,656272000.0,13.100000381469727,0.008163874662263149,1
2014-04-02,3.8936778558927656e-05,-0.006239934179054107,0.006099999999999994,239948000.0,13.09000015258789,0.0042101095580105675,0
2014-04-03,0.0001152257067324931,0.010734323766893428,0.015499999999999958,599548000.0,13.369999885559082,0.00962849296828006,1
2014-04-04,0.0009892625142433136,-0.03145254384375473,0.021699999999999997,368032000.0,13.960000038146973,0.007360826557724032,0
2014-04-07,9.488312569288933e-06,0.0030803104663797987,0.012500000000000011,428576000.0,15.569999694824219,0.008656149992658922,1
2014-04-08,0.0012377885521565905,0.03518221926139098,0.018299999999999983,470692000.0,14.890000343322754,0.007564517818156487,0
2014-04-09,1.1257380972192647e-06,-0.0010610080570944147,0.01050000000000001,421968000.0,13.819999694824219,0.010345770522618,1
2014-04-10,0.0006110364865089457,-0.02471915222067589,0.01749999999999996,372748000.0,15.890000343322754,0.022667535642017175,1
2014-04-11,0.00020297177504803547,-0.014246816312707744,0.016000000000000014,353112000.0,17.030000686645508,0.0050314305213016,0
2014-04-14,0.00012049581619172554,0.010977058631150949,0.006799999999999973,290184000.0,16.110000610351562,0.005228243559657601,1
2014-04-15,4.847785836988559e-05,0.0069626042807189314,0.009799999999999975,304636000.0,15.609999656677246,0.004259043241238636,0
2014-04-16,4.6911637255708076e-06,0.002165909445376424,0.007500000000000007,235136000.0,14.180000305175781,0.0033682998531184795,0
2014-04-17,1.5107637017772424e-05,0.003886854385974914,0.008799999999999975,153532000.0,13.359999656677246,0.0036646872954161423,1
2014-04-21,6.652526107256412e-05,0.008156301923823328,0.007799999999999974,117004000.0,13.25,0.0021500505394000686,0
2014-04-22,7.249352285634872e-05,0.008514312823496017,0.008799999999999975,255120000.0,13.1899995803833,0.004511979750870401,1
2014-04-23,0.00012951630944803456,0.011380523250186458,0.006699999999999984,261580000.0,13.270000457763672,0.004039130007655583,0
2014-04-24,8.047060609137482e-05,0.008970541014419076,0.006000000000000005,391492000.0,13.319999694824219,0.0029487360231759564,0
2014-04-25,0.0007726796050297798,-0.027797115048684096,0.017699999999999994,313600000.0,14.0600004196167,0.02332350186545835,1
2014-04-28,2.0199537767278497e-05,-0.00449438958783932,0.013999999999999957,226788000.0,13.970000267028809,0.004754109235026949,0
2014-04-29,5.554143792338418e-06,0.002356723104723679,0.006999999999999951,171300000.0,13.710000038146973,0.0024923251703520555,0
2014-04-30,0.0001401750101721364,-0.011839552785985474,0.006200000000000039,305740000.0,13.40999984741211,0.0030042138815520284,1
2014-05-01,2.914918054298804e-05,0.0053989981054810565,0.009299999999999975,198104000.0,13.25,0.0048084966050516076,1
2014-05-02,5.7256244985188754e-05,-0.007566785644194551,0.008500000000000008,156376000.0,12.90999984741211,0.01408246585275219,1
2014-05-05,0.00011647261837331897,0.010792248068559163,0.00940000000000002,239260000.0,13.289999961853027,0.0035191929689482176,0
2014-05-06,0.0004336826075403066,-0.02082504759995296,0.019199999999999995,416188000.0,13.800000190734863,0.011782828431131993,1
2014-05-07,1.7275119571419615e-06,0.0013143484915127956,0.008700000000000041,293900000.0,13.399999618530273,0.005625662336698,0
2014-05-08,0.00015378228635235276,0.0124008986106795,0.017000000000000015,432728000.0,13.430000305175781,0.013018580636439047,1
2014-05-09,0.0006118626100782222,-0.02473585676863088,0.009999999999999953,539532000.0,12.920000076293945,0.005193296339322192,0
2014-05-12,0.0008439523546058493,0.02905085807004415,0.013500000000000012,299856000.0,12.229999542236328,0.006256636358111773,1
2014-05-13,0.00026497873259002664,-0.016278167359688456,0.010299999999999976,221104000.0,12.130000114440918,0.005944742980716475,0
2014-05-14,9.792344865016681e-05,-0.009895627754223923,0.006800000000000028,214320000.0,12.170000076293945,0.004660747095614781,0
2014-05-15,3.069359859435436e-05,-0.005540180375615433,0.008500000000000008,325896000.0,13.170000076293945,0.004769015403626118,1
2014-05-16,4.949267941405861e-06,-0.0022246950221110895,0.005699999999999983,283960000.0,12.4399995803833,0.0028762731175816427,0
2014-05-19,0.0010101906983088025,0.03178349726365559,0.014200000000000046,360076000.0,12.420000076293945,0.008129548076677378,1
2014-05-20,0.0002661327453176457,-0.01631357549152379,0.009000000000000008,256200000.0,12.960000038146973,0.005527359839064905,0
2014-05-21,0.0,0.0,0.008599999999999997,216712000.0,11.90999984741211,0.004352403047852339,0
2014-05-22,1.9152654637764924e-05,0.004376374599798893,0.005500000000000005,130364000.0,12.029999732971191,0.0029807799086992905,0
2014-05-23,8.33297628475113e-05,0.009128513726095355,0.006700000000000039,182656000.0,11.359999656677246,0.0018350807239203534,0
2014-05-27,0.00031677810121495697,0.01779826118515393,0.006999999999999951,209680000.0,11.510000228881836,0.003339981448890182,1
2014-05-28,7.166738271991457e-05,0.008465659024548211,0.009699999999999986,224676000.0,11.680000305175781,0.0023641999078505348,0
2014-05-29,2.179539418766371e-06,-0.0014763263252974834,0.005400000000000016,171884000.0,11.569999694824219,0.0016204089975739833,0
2014-05-30,6.398432526219586e-06,0.002529512309956128,0.0050000000000000044,239128000.0,11.399999618530273,0.0036119075936386076,1
2014-06-02,1.0003882062015866e-05,-0.0031628914085083393,0.010000000000000009,181500000.0,11.579999923706055,0.0022434794584367656,0
2014-06-03,1.791668517437718e-05,-0.004232810552620703,0.009799999999999975,243212000.0,11.869999885559082,0.004624213449353911,1
2014-06-04,1.1233530591010807e-06,0.0010598835120432248,0.005500000000000005,161236000.0,12.079999923706055,0.0039009073900743473,0
2014-06-05,1.7878826255080147e-05,0.004228336109521114,0.005500000000000005,188696000.0,11.680000305175781,0.0027960189019290774,0
2014-06-06,1.4366193473530455e-05,0.0037902761737808044,0.005500000000000005,161052000.0,10.729999542236328,0.004038056974387622,1
2014-06-09,1.103150965772089e-06,0.0010503099379574055,0.00880000000000003,247456000.0,11.149999618530273,0.002268211209541277,0
2014-06-10,2.7405914736565353e-05,0.0052350658770033975,0.008500000000000008,217608000.0,10.989999771118164,0.002017925452651955,0
2014-06-11,0.00016553182677815572,0.012865917253665038,0.009200000000000041,266228000.0,11.600000381469727,0.004244614782472243,1
2014-06-12,3.80259062051066e-05,0.006166514915664001,0.00940000000000002,337148000.0,12.5600004196167,0.0044979986824833,1
2014-06-13,1.0487104139129145e-06,0.0010240656296902628,0.00940000000000002,227852000.0,12.180000305175781,0.004509548000406807,1
2014-06-16,9.457767782905415e-06,-0.0030753484002475906,0.007400000000000018,198620000.0,12.649999618530273,0.0036862426056330174,0
2014-06-17,4.289395937472365e-05,0.0065493480114224845,0.007300000000000029,157608000.0,12.0600004196167,0.0014602688358274756,0
2014-06-18,6.663890785938939e-07,-0.0008163265759448812,0.007500000000000007,215536000.0,10.609999656677246,0.005220407491915062,1
2014-06-19,0.0005447991824893871,-0.023340933625058513,0.00820000000000004,474592000.0,10.619999885559082,0.01013011001935808,1
2014-06-20,0.00012405679910500747,-0.01113807878877715,0.01200000000000001,353148000.0,10.850000381469727,0.003587675617154732,0
2014-06-23,0.0001317279092368887,-0.011477277954153098,0.006500000000000006,414200000.0,10.979999542236328,0.0051309883930163785,1
2014-06-24,0.00024736993539158233,-0.015727998454717063,0.012299999999999978,275780000.0,12.130000114440918,0.004697696608157426,0
2014-06-25,0.00010311518930646092,0.010154564949147793,0.008000000000000007,215420000.0,11.59000015258789,0.008401487728186484,1
2014-06-26,0.00018002153985444009,-0.013417210583964168,0.008000000000000007,256908000.0,11.630000114440918,0.004337864205263528,0
2014-06-27,1.1853367912242764e-06,0.0010887317351966352,0.006400000000000017,302820000.0,11.260000228881836,0.0012221225387994618,0
2014-06-30,7.512457180148913e-05,0.008667443210168102,0.007000000000000006,180512000.0,11.569999694824219,0.0026917645609059408,1
2014-07-01,0.00012927356308327766,0.011369853256892881,0.009999999999999953,321180000.0,11.149999618530273,0.0036535255886828207,1
2014-07-02,1.4799259689884934e-05,-0.0038469805939054247,0.004699999999999982,179284000.0,10.819999694824219,0.003596725769568968,0
2014-07-03,8.400778819231565e-05,0.009165576260787733,0.009699999999999986,136892000.0,10.319999694824219,0.0028703405060926676,0
2014-07-07,6.553688063869339e-05,-0.008095485200943386,0.005500000000000005,127496000.0,11.329999923706055,0.0024119634993488683,0
2014-07-08,6.313770674076898e-05,-0.007945923907310526,0.009000000000000008,221940000.0,11.979999542236328,0.004435007727900175,1
2014-07-09,0.0008843968243960687,0.02973881007027801,0.015500000000000014,387668000.0,11.649999618530273,0.005035670724915485,1
2014-07-10,2.7521053945782462e-05,-0.005246051271745489,0.012199999999999989,266308000.0,12.59000015258789,0.006906491382875608,1
2014-07-11,4.41724455759429e-06,0.0021017241868509506,0.0038000000000000256,191188000.0,12.079999923706055,0.0029503362024115008,0
2014-07-14,0.00015156214760834026,0.012311057940255998,0.007000000000000006,272636000.0,11.819999694824219,0.0021898556354679626,0
2014-07-15,1.888409736442165e-05,0.004345583662112795,0.005699999999999983,395440000.0,11.960000038146973,0.003149194845018043,1
2014-07-16,1.066988250286185e-06,-0.0010329512332565294,0.009000000000000008,319728000.0,11.0,0.003394632276870714,1
2014-07-17,7.2397448541150065e-06,-0.002690677396886332,0.009299999999999975,324832000.0,14.539999961853027,0.005776838501508135,1
2014-07-18,0.0020777987469244867,-0.045582877782392006,0.016000000000000014,567816000.0,12.0600004196167,0.005858541372580404,1
2014-07-21,3.666764904390747e-05,0.006055381824782602,0.00770000000000004,243364000.0,12.8100004196167,0.0033344018353932696,0
2014-07-22,1.8675603399434666e-05,-0.004321527901036237,0.009000000000000008,298816000.0,12.239999771118164,0.00453028304189673,1
2014-07-23,0.00046009036316226563,-0.02144971708816379,0.010699999999999987,297352000.0,11.520000457763672,0.007493909669298151,1
2014-07-24,3.1270513130881062e-06,0.0017683470567420034,0.006299999999999972,254576000.0,11.84000015258789,0.003104185694332755,0
2014-07-25,0.00031775857352479283,-0.017825783952600593,0.008199999999999985,266132000.0,12.6899995803833,0.003939067890756636,1
2014-07-28,1.6442805148666207e-05,-0.004054972891236908,0.011299999999999977,330352000.0,12.5600004196167,0.005491001265136148,1
2014-07-29,1.1426326064820459e-05,0.003380284908823583,0.007500000000000007,217972000.0,13.279999732971191,0.003593730728980602,0
2014-07-30,0.0002799640029420859,0.016732124878271915,0.007199999999999984,246184000.0,13.329999923706055,0.004198541537638052,1
2014-07-31,0.0010631169370184997,-0.03260547403456204,0.01319999999999999,401880000.0,16.950000762939453,0.006450582449544859,1
2014-08-01,0.00011418124862726023,0.01068556262567677,0.008799999999999975,219884000.0,17.030000686645508,0.005861548674880673,0
2014-08-04,5.125610167584527e-06,-0.0022639810439984975,0.006500000000000006,241724000.0,15.119999885559082,0.004089136478463742,0
2014-08-05,4.6203649541564576e-07,0.0006797326646672541,0.011800000000000033,298136000.0,16.8700008392334,0.004241639562558088,1
2014-08-06,1.2840166780924401e-06,-0.0011331445971686227,0.011300000000000032,223456000.0,16.3700008392334,0.004251865907541379,1
2014-08-07,0.00010519579567955112,-0.010256500167189153,0.01529999999999998,407696000.0,16.65999984741211,0.01264530569299203,1
2014-08-08,0.007144717158071434,0.08452642875498428,0.021999999999999964,894348000.0,15.770000457763672,0.00937127250273548,0
2014-08-11,2.7847331645566047e-05,-0.005277057100843807,0.006199999999999983,344624000.0,14.229999542236328,0.004072950649271999,0
2014-08-12,0.0,0.0,0.007699999999999985,296152000.0,14.130000114440918,0.004001589409243171,0
2014-08-13,3.490962407443655e-05,0.005908436686166363,0.009099999999999997,256596000.0,12.899999618530273,0.005000783202485901,1
2014-08-14,0.0001257423336661037,-0.011213488915859493,0.008999999999999952,255992000.0,12.420000076293945,0.004940647603557219,0
2014-08-15,0.00016091327223344948,0.012685159527315748,0.011799999999999977,369796000.0,13.149999618530273,0.005825240855341307,1
2014-08-18,0.00018395677417518575,0.013563066547620628,0.009799999999999975,284076000.0,12.319999694824219,0.0030768775332311407,0
2014-08-19,1.38654101752196e-05,0.003723628630142861,0.008000000000000007,248260000.0,12.210000038146973,0.0035116913179683135,1
2014-08-20,4.123650101338138e-05,-0.006421565308659671,0.0048000000000000265,221468000.0,11.779999732971191,0.0023265331533548236,0
2014-08-21,8.438017733221181e-05,-0.009185868349383841,0.006500000000000006,272796000.0,11.760000228881836,0.003299316222371982,1
2014-08-22,1.7587550570256723e-07,0.00041937513720124997,0.007799999999999974,251224000.0,11.470000267028809,0.0030237516304945367,0
2014-08-25,2.8081179648238355e-06,0.001675744003368007,0.005400000000000016,153380000.0,11.699999809265137,0.0025625434216153143,0
2014-08-26,0.00030372915360431246,0.017427826990313866,0.010000000000000009,269636000.0,11.630000114440918,0.00392097562226806,1
2014-08-27,0.00012473938303324015,-0.011168678661025222,0.007000000000000006,182972000.0,11.779999732971191,0.0051468266598699046,1
2014-08-28,6.86420789228064e-05,0.008285051534106858,0.007599999999999996,179704000.0,12.050000190734863,0.00440795893401023,0
2014-08-29,8.31530540709946e-06,0.0028836271269183644,0.006000000000000005,207932000.0,12.09000015258789,0.0027424646986256417,0
2014-09-02,7.130120540630201e-06,0.0026702285558787286,0.004500000000000004,192636000.0,12.25,0.002180708255195019,0
2014-09-03,8.442717335729224e-05,0.009188426054406285,0.007000000000000006,259456000.0,12.359999656677246,0.004298760465317455,1
2014-09-04,0.0003142856463878692,0.017728103293580766,0.012800000000000034,491832000.0,12.640000343322754,0.0068712897580952515,1
2014-09-05,1.0240017476301878e-05,-0.0032000027306710033,0.00649999999999995,253792000.0,12.09000015258789,0.003137824931499816,0
2014-09-08,7.837873479325107e-05,-0.008853176536884999,0.007000000000000006,319288000.0,12.65999984741211,0.003142644366546378,1
2014-09-09,0.0001642029280702512,-0.012814169035495482,0.007800000000000029,198588000.0,13.5,0.004482210481895298,1
2014-09-10,1.2068673298443314e-05,0.003473999611174894,0.006199999999999983,172376000.0,12.880000114440918,0.002405881015142294,0
2014-09-11,0.00010510953275694931,-0.010252294024117203,0.008500000000000008,250720000.0,12.800000190734863,0.004253962853772626,1
2014-09-12,0.00022351579309297853,-0.014950444578439082,0.010800000000000032,262536000.0,13.3100004196167,0.004166823483607801,0
2014-09-15,0.00018746074350156546,-0.013691630417943856,0.010800000000000032,294152000.0,14.119999885559082,0.005935883081446407,1
2014-09-16,0.0002171823763576888,0.014737108819496747,0.012199999999999989,219936000.0,12.729999542236328,0.003901299806569072,0
2014-09-17,3.928315959429355e-07,0.0006267627908091988,0.00820000000000004,173584000.0,12.649999618530273,0.0036676473643458924,0
2014-09-18,0.00022277503439055107,0.01492565021667569,0.006199999999999983,219604000.0,12.029999732971191,0.0044660517927814555,1
2014-09-19,0.0003493958365440034,-0.018692133012152556,0.011699999999999988,601316000.0,12.109999656677246,0.004465070018628154,0
2014-09-22,9.805186139708066e-05,-0.009902113986269834,0.015000000000000013,221464000.0,13.6899995803833,0.002366324494433632,0
2014-09-23,1.985808203284543e-05,-0.004456240796102184,0.007499999999999951,196144000.0,14.930000305175781,0.001764201889904621,0
2014-09-24,3.525096589463242e-05,0.005937252385963765,0.0050000000000000044,159592000.0,13.270000457763672,0.009316753918080954,1
2014-09-25,0.00047525714247172363,-0.021800393172411447,0.01200000000000001,298440000.0,15.640000343322754,0.004170348089519799,0
2014-09-26,4.658817914714146e-06,0.0021584295019096977,0.005099999999999993,241188000.0,14.850000381469727,0.0031287837258912364,0
2014-09-29,2.980355915344984e-06,-0.0017263707351971025,0.010699999999999987,208540000.0,15.979999542236328,0.004429574386295262,1
2014-09-30,1.517309480605368e-05,-0.003895265691330141,0.008700000000000041,277204000.0,16.309999465942383,0.0059077091025145105,1
2014-10-01,9.189388939501396e-05,-0.009586130053103492,0.009699999999999986,350976000.0,16.709999084472656,0.00609477653534408,1
2014-10-02,1.9253635391240792e-05,-0.004387896465419483,0.014000000000000012,288996000.0,16.15999984741211,0.006412571109826512,1
2014-10-03,4.823975001390008e-06,0.002196354935202871,0.008000000000000007,239140000.0,14.550000190734863,0.006672467008264828,1
2014-10-06,3.797013713312264e-05,-0.006161991328549776,0.011199999999999988,199032000.0,15.460000038146973,0.005145154099127989,0
2014-10-07,0.00011347712224991208,-0.010652564116207519,0.00770000000000004,301896000.0,17.200000762939453,0.009895011978454346,1
2014-10-08,0.0003366908898647096,0.018349138668196652,0.014600000000000002,260172000.0,15.109999656677246,0.005317733813164013,0
2014-10-09,0.00037025440507528954,-0.01924199587036879,0.01100000000000001,306956000.0,18.760000228881836,0.00775434840935042,1
2014-10-10,0.0037211872942781686,-0.06100153517968354,0.02479999999999999,691376000.0,21.239999771118164,0.010650707038011046,1
2014-10-13,1.2721788300093942e-05,-0.003566761598438273,0.013299999999999979,397628000.0,24.639999389648438,0.011716368216403325,1
2014-10-14,0.0005218179099614788,0.022843334037777385,0.018199999999999994,376620000.0,22.790000915527344,0.011317007597452734,0
2014-10-15,0.00022561547807064522,0.015020501924724261,0.017699999999999994,404428000.0,25.270000457763672,0.008320395013457044,0
2014-10-16,2.103235159515869e-07,0.0004586104184943762,0.013999999999999957,351116000.0,25.200000762939453,0.014970650846683616,1
2014-10-17,2.579420612910584e-06,-0.001606057474971112,0.012699999999999989,290716000.0,21.989999771118164,0.009991099278106192,0
2014-10-20,7.1573188843572e-05,0.008460093902763255,0.010699999999999987,200336000.0,18.56999969482422,0.0037664361789452507,0
2014-10-21,0.001756808034716941,0.041914293918864254,0.017300000000000038,351092000.0,16.079999923706055,0.007056752544627745,1
2014-10-22,0.0005694552863240933,-0.023863262273295605,0.0116,239512000.0,17.8700008392334,0.004743282695605441,0
2014-10-23,0.0004890736708281575,0.02211501007976613,0.008700000000000041,214476000.0,16.530000686645508,0.0058826209139624065,1
2014-10-24,0.00010907628295837613,0.010443959161083316,0.007599999999999996,210156000.0,16.110000610351562,0.0029958290107817637,0
2014-10-27,1.8732169023921344e-07,0.0004328067585415152,0.00720000000000004,145092000.0,16.040000915527344,0.004193108366833267,1
2014-10-28,0.0005532108279648562,0.02352043426395134,0.013299999999999979,192580000.0,14.390000343322754,0.005552625841735988,1
2014-10-29,4.0449549097915464e-05,-0.006359995998262535,0.007999999999999952,168340000.0,15.149999618530273,0.0024884986726329147,0
2014-10-30,3.8275088606856385e-05,-0.006186686399588748,0.009799999999999975,170260000.0,14.520000457763672,0.006800519419498971,1
2014-10-31,0.001968521356356157,0.044368021776456934,0.013300000000000034,256316000.0,14.029999732971191,0.010726448509139749,1
2014-11-03,0.0002838570966646968,0.016848059136431615,0.007299999999999973,308732000.0,14.729999542236328,0.007101286183474756,0
2014-11-04,0.00016384447406476337,0.012800174766961714,0.01319999999999999,360196000.0,14.890000343322754,0.00735052095746411,1
2014-11-05,0.0,0.0,0.006999999999999951,335652000.0,14.170000076293945,0.005302683864021962,0
2014-11-06,2.0796637748511294e-05,0.004560333074295264,0.009699999999999986,394088000.0,13.670000076293945,0.00910124838595791,1
2014-11-07,0.0004577202633089168,-0.02139439794219311,0.02749999999999997,450800000.0,13.119999885559082,0.013828641403151092,1
2014-11-10,0.00013119315929361803,0.011453958236942285,0.010800000000000032,293388000.0,12.670000076293945,0.006297435515365503,0
2014-11-11,0.00014545439854373018,-0.012060447692508358,0.010099999999999942,212992000.0,12.920000076293945,0.0041963468796537345,0
2014-11-12,4.4833392536909474e-05,-0.006695774229834028,0.009500000000000008,204584000.0,13.020000457763672,0.005545721282168821,1
2014-11-13,2.3990100085422628e-05,-0.004897968975547173,0.009000000000000008,225328000.0,13.789999961853027,0.002874434800916204,0
2014-11-14,0.00014884567698124462,0.012200232660947274,0.010300000000000031,160248000.0,13.3100004196167,0.003946065538902497,1
2014-11-17,2.170795739823765e-05,-0.004659179906189248,0.008599999999999997,158732000.0,13.989999771118164,0.004100231357229407,1
2014-11-18,0.0005605941005710599,0.02367686847053596,0.013999999999999957,207772000.0,13.859999656677246,0.004373310854865374,1
2014-11-19,6.341590820135622e-05,-0.007963410588520237,0.009000000000000008,240300000.0,13.960000038146973,0.005136177852441135,1
2014-11-20,0.00026429970556592265,0.016257296994455217,0.013800000000000034,220968000.0,13.579999923706055,0.019160489813140138,1
2014-11-21,2.8044306888942533e-05,0.005295687574710439,0.006800000000000028,198976000.0,12.899999618530273,0.0031513612795889302,0
2014-11-24,4.140474907368581e-05,0.006434652210779213,0.006300000000000083,136004000.0,12.619999885559082,0.0038316371048404798,1
2014-11-25,3.4019274356967474e-07,-0.0005832604423151588,0.00550000000000006,190240000.0,12.25,0.0020743195680590944,0
2014-11-26,0.00028795270446273653,0.01696916923313385,0.012499999999999956,219264000.0,12.069999694824219,0.004229583269064751,1
2014-11-28,5.252470192961989e-06,0.002291826824383114,0.007199999999999984,124832000.0,13.329999923706055,0.00413223603297479,0
2014-12-01,0.00034885780771137803,-0.018677735615201807,0.011199999999999988,190060000.0,14.15999984741211,0.005201205154727094,1
2014-12-02,1.8485652283959996e-06,0.0013596195160396896,0.008199999999999985,245952000.0,12.850000381469727,0.004948702208721212,0
2014-12-03,0.0006496193095315978,0.025487630520148352,0.012499999999999956,284424000.0,12.5,0.0054138416960583585,1
2014-12-04,7.979622426260602e-05,-0.008932873236680683,0.009600000000000053,185332000.0,12.380000114440918,0.003538233496911265,0
2014-12-05,3.261595270179532e-05,0.0057110377955145175,0.005699999999999927,165680000.0,11.890000343322754,0.0030055624718030973,0
2014-12-08,0.00016879617712733556,-0.012992158293652967,0.01539999999999997,226944000.0,14.210000038146973,0.005617255906084981,1
2014-12-09,1.2023857560047633e-05,-0.0034675434474635836,0.010499999999999954,239448000.0,15.350000381469727,0.006262116257955214,1
2014-12-10,0.0004948320026413412,-0.02224481968102554,0.012600000000000056,204364000.0,18.530000686645508,0.0034648583919832773,0
2014-12-11,3.506117293278759e-07,-0.0005921247582459932,0.007800000000000029,135652000.0,20.079999923706055,0.004376543976185153,1
2014-12-12,0.0009914696371658292,-0.031487610851981596,0.014099999999999946,323964000.0,21.079999923706055,0.006082587475210423,1
2014-12-15,1.0662243020512097e-05,-0.003265309023739116,0.017699999999999938,254696000.0,20.420000076293945,0.01219368292738801,1
2014-12-16,0.00012320568518118255,-0.011099805637090343,0.013000000000000012,185308000.0,23.56999969482422,0.005530342817727684,0
2014-12-17,0.0015929768425672307,0.0399121139826899,0.02679999999999999,345596000.0,19.440000534057617,0.008119324164022782,1
2014-12-18,1.5715883028008493e-05,0.003964326301909127,0.015000000000000013,226156000.0,16.809999465942383,0.005865660215980474,0
2014-12-19,9.68767579132917e-05,0.009842599144194164,0.008199999999999985,325528000.0,16.489999771118164,0.006352354382141623,1
2014-12-22,0.0003054166204387114,0.01747617293456183,0.011299999999999977,148976000.0,15.25,0.004643151620934181,0
2014-12-23,4.0609052632564645e-05,-0.006372523254768447,0.010199999999999987,109280000.0,14.800000190734863,0.004621717245428274,0
2014-12-24,1.5069865403009745e-05,-0.00388199245272447,0.0043999999999999595,45644000.0,14.369999885559082,0.004235445497143957,0
2014-12-26,1.3599778686271069e-06,0.001166180890182611,0.0044999999999999485,52636000.0,14.5,0.0023501165131414414,0
2014-12-29,2.418678973980329e-06,-0.0015552102668064949,0.006699999999999928,82944000.0,15.0600004196167,0.0031712117838210846,1
2014-12-30,8.438317590594307e-05,-0.00918603156460629,0.0045000000000000595,112120000.0,15.920000076293945,0.0032580297507943017,1
2014-12-31,0.00025066836090226094,-0.015832509621101165,0.013000000000000012,166300000.0,19.200000762939453,0.004732294419253808,1
2015-01-02,1.4310946129861086e-05,0.0037829811167729988,0.011800000000000033,113680000.0,17.790000915527344,0.006292235068172303,1
2015-01-05,0.0002833857399765925,-0.016834064867897847,0.012300000000000033,197952000.0,19.920000076293945,0.005055233255672531,0
2015-01-06,0.0009476725177452582,-0.030784290112738644,0.016699999999999993,197764000.0,21.1200008392334,0.006913277332919686,1
2015-01-07,7.361126014751809e-06,-0.0027131395125853386,0.01050000000000001,321808000.0,19.309999465942383,0.005058870504066859,0
2015-01-08,0.0013636234611000039,0.036927272592218396,0.015699999999999992,283780000.0,17.010000228881836,0.006569697481613004,1
2015-01-09,1.616125158121133e-05,0.004020105916665795,0.010699999999999987,209540000.0,17.549999237060547,0.006102529441042466,0
2015-01-12,0.00015663280011417538,-0.012515302637738146,0.012199999999999989,190732000.0,19.600000381469727,0.006363120765365679,1
2015-01-13,2.645005139920093e-06,-0.0016263471769336624,0.018000000000000016,236720000.0,20.559999465942383,0.009618673294805558,1
2015-01-14,1.6491065449965318e-05,0.004060919286315023,0.010000000000000009,155260000.0,21.479999542236328,0.007267120771046617,0
2015-01-15,5.065834744081812e-05,-0.0071174677688640164,0.010199999999999987,188932000.0,22.389999389648438,0.005770109896847385,0
2015-01-16,0.0003312656496417369,0.018200704646846422,0.011699999999999988,181512000.0,20.950000762939453,0.005470277582413664,0
2015-01-20,9.009020281559028e-06,0.003001503003756456,0.011099999999999999,140308000.0,19.889999389648438,0.0040612506755026345,0
2015-01-21,0.00019290743661159147,0.013889112160667128,0.014600000000000057,144780000.0,18.850000381469727,0.005091558071511434,1
2015-01-22,0.00028891760240541155,0.016997576368571243,0.014600000000000057,159712000.0,16.399999618530273,0.00632396261419678,1
2015-01-23,9.577663452184143e-06,0.0030947800329238495,0.006300000000000083,120416000.0,16.65999984741211,0.006331396609573418,1
2015-01-26,1.9818201468966387e-05,-0.004451763860422786,0.005800000000000027,133240000.0,15.520000457763672,0.003233674992124057,0
2015-01-27,0.0024108679992581854,-0.04910059062025818,0.018199999999999994,357948000.0,17.219999313354492,0.019584795031190094,1
2015-01-28,0.0002700837057745762,-0.016434223613379983,0.016300000000000037,272728000.0,20.440000534057617,0.006120029478499488,0
2015-01-29,0.0005733468306027573,0.02394466183939037,0.01639999999999997,235340000.0,18.760000228881836,0.007727065125070343,1
2015-01-30,0.0008857199281091573,-0.029761047160830167,0.017500000000000016,298200000.0,20.969999313354492,0.006527581265470778,0
2015-02-02,0.0004682538991591173,0.021639175103481123,0.019000000000000017,259604000.0,19.43000030517578,0.0075431417360437535,1
2015-02-03,0.0006134140824396503,0.024767197710674704,0.011699999999999988,183468000.0,17.329999923706055,0.01062514716079125,1
2015-02-04,5.682461225489644e-06,0.0023837913552762213,0.010000000000000009,181516000.0,18.329999923706055,0.004549728925460571,0
2015-02-05,0.0002604642770016391,0.016138905694056183,0.008499999999999952,140448000.0,16.850000381469727,0.003665191838521392,0
2015-02-06,1.8528272989782112e-05,-0.004304448047053433,0.010000000000000009,210524000.0,17.290000915527344,0.006489393659361858,1
2015-02-09,9.621119511864342e-07,-0.0009808730555920242,0.007199999999999984,273944000.0,18.549999237060547,0.0036069647321093023,0
2015-02-10,0.000766186796189975,0.02768007941083217,0.016199999999999992,226204000.0,17.229999542236328,0.004637485530191331,1
2015-02-11,4.756280271787018e-05,-0.0068965790590603815,0.008199999999999985,320832000.0,16.959999084472656,0.013096933079045857,1
2015-02-12,0.004795444820003547,0.06924915031972267,0.015700000000000047,676904000.0,15.34000015258789,0.008007658889266136,0
2015-02-13,2.8941372119926074e-07,0.0005379718591146387,0.010700000000000043,310084000.0,14.6899995803833,0.005056647601502896,0
2015-02-17,9.260168874349581e-06,0.003043052558591386,0.009000000000000008,203340000.0,15.800000190734863,0.0046394894935217566,0
2015-02-18,0.0001365515232637219,-0.011685526229645027,0.007799999999999918,170948000.0,15.449999809265137,0.0023124058611822874,0
2015-02-19,7.337625980414862e-06,0.0027088052680868113,0.009000000000000008,169432000.0,15.289999961853027,0.00467120912786152,1
2015-02-20,5.166463730540391e-05,0.007187811718833759,0.008799999999999919,157752000.0,14.300000190734863,0.002561118424696352,0
2015-02-23,6.544699591335498e-05,-0.00808993176197148,0.007000000000000006,125008000.0,14.5600004196167,0.00542952998946442,1
2015-02-24,4.672800367989648e-05,0.0068357884461045515,0.008799999999999919,149356000.0,13.6899995803833,0.006861790786131452,1
2015-02-25,5.98878343625231e-05,-0.007738723044696916,0.007000000000000006,123820000.0,13.84000015258789,0.0033867578635303265,0
2015-02-26,7.324393097738411e-06,0.0027063615977430677,0.00770000000000004,152864000.0,13.90999984741211,0.0036840115394256787,1
2015-02-27,4.002175604466057e-05,-0.006326275052877528,0.005299999999999971,157492000.0,13.34000015258789,0.0035415692255013195,0
2015-03-02,0.0005848606541726486,0.02418389245288377,0.018799999999999928,301512000.0,13.039999961853027,0.005829811123832,1
2015-03-03,0.0003518972429948513,-0.018758924356019224,0.010700000000000043,160344000.0,13.859999656677246,0.004467403423841135,0
2015-03-04,0.00012763415992325176,0.011297528929958611,0.011800000000000033,226840000.0,14.229999542236328,0.004229109627952864,0
2015-03-05,0.0003572155760692973,0.0189001475144851,0.013299999999999979,323056000.0,14.039999961853027,0.00514985596848915,1
2015-03-06,0.0001840066355822788,-0.013564904554853263,0.007799999999999918,257392000.0,15.199999809265137,0.003910565286633149,0
2015-03-09,6.1507577717897674e-06,0.002480072130360278,0.006700000000000039,222388000.0,15.0600004196167,0.0034489051048123753,0
2015-03-10,0.00029550950790439254,0.017190389986977972,0.01200000000000001,527212000.0,16.690000534057617,0.006085565263268499,1
2015-03-11,2.7363878008877306e-05,-0.005231049417552591,0.01200000000000001,262120000.0,16.8700008392334,0.0052814215440851395,0
2015-03-12,8.340225603344153e-05,-0.009132483563272453,0.014799999999999924,406972000.0,15.420000076293945,0.006535774118318829,1
2015-03-13,1.5233521766730651e-06,0.001234241539032399,0.012799999999999923,359288000.0,16.0,0.006997926101845964,1
2015-03-16,0.00013775759931175923,0.011737018331405946,0.009599999999999942,236956000.0,15.609999656677246,0.004768562736400492,0
2015-03-17,0.0001468256636249865,0.012117164009164294,0.012500000000000067,299900000.0,15.65999984741211,0.0037053638317889005,0
2015-03-18,0.00026587428088101206,-0.016305651807916544,0.017800000000000038,413844000.0,13.970000267028809,0.009309281145102745,1
2015-03-19,0.0002280257420136929,0.015100521249734822,0.013000000000000012,310756000.0,14.069999694824219,0.004081107757991491,0
2015-03-20,0.00011651572794553398,0.010794245130880342,0.010500000000000065,462084000.0,13.020000457763672,0.005104054316777404,1
2015-03-23,0.0010833842058371032,-0.0329148022299558,0.009299999999999975,426012000.0,13.40999984741211,0.007793508968292811,1
2015-03-24,0.00019133695821875566,-0.013832460309675776,0.012499999999999956,330480000.0,13.619999885559082,0.0035898980655738747,0
2015-03-25,0.003923214753429369,-0.06263557099148509,0.035599999999999965,542552000.0,15.4399995803833,0.010937677083649936,1
2015-03-26,1.1750648198764831e-05,-0.003427921848403903,0.015000000000000013,311920000.0,15.800000190734863,0.008779640615508434,0
2015-03-27,0.0003786308707248204,0.01945843957579385,0.017699999999999938,318288000.0,15.069999694824219,0.007074481006892734,0
2015-03-30,1.6871956468141415e-05,0.004107548717683263,0.009499999999999953,253252000.0,14.510000228881836,0.0045220997698530606,0
2015-03-31,0.0006490000323069932,-0.02547547903979419,0.013000000000000012,357276000.0,15.289999961853027,0.005725654625567149,1
2015-04-01,1.604585534330174e-05,0.004005727816926874,0.010800000000000032,330768000.0,15.109999656677246,0.004331433275418714,0
2015-04-02,5.206627733385271e-06,0.0022818036141143416,0.007800000000000029,192204000.0,14.670000076293945,0.0047006214644338806,1
2015-04-06,0.0008205702891869945,0.02864559807696454,0.024699999999999944,515864000.0,14.739999771118164,0.006262444939420315,1
2015-04-07,7.460429812060635e-05,0.008637377965598492,0.013700000000000045,413964000.0,14.779999732971191,0.0032212930242503752,0
2015-04-08,5.3182722817538605e-05,0.0072926485461414225,0.010700000000000043,366432000.0,13.979999542236328,0.002630033319035028,0
2015-04-09,0.0005201979614598677,0.022807848681098086,0.018999999999999906,379432000.0,13.09000015258789,0.00590115420628318,1
2015-04-10,0.00010497291939438396,0.01024562928249817,0.007400000000000073,258728000.0,12.579999923706055,0.0024244156813873247,0
2015-04-13,8.428810672620061e-05,-0.009180855446318748,0.00979999999999992,236724000.0,13.9399995803833,0.004306296335299884,1
2015-04-14,7.310430448714551e-05,-0.008550105524912865,0.010299999999999976,220276000.0,13.670000076293945,0.004501054236522747,1
2015-04-15,0.00014619677193096137,0.012091185712367558,0.012199999999999989,243560000.0,12.84000015258789,0.008823374148078619,1
2015-04-16,4.074269404302021e-05,-0.006383000395035254,0.009000000000000008,155284000.0,12.600000381469727,0.003975758977278216,0
2015-04-17,0.0001661403632434746,-0.012889544725996904,0.010299999999999976,293636000.0,13.890000343322754,0.004952522453941753,1
2015-04-20,2.55814849913525e-05,-0.0050578142503805434,0.009800000000000031,231624000.0,13.300000190734863,0.004284396301406956,0
2015-04-21,1.608992807471294e-06,-0.0012684608024969846,0.010200000000000098,230456000.0,13.25,0.0034300699909635204,0
2015-04-22,0.00012901862313530158,0.011358636499831376,0.012299999999999978,207420000.0,12.710000038146973,0.007444579486204284,1
2015-04-23,1.707231758157427e-05,-0.004131866113703864,0.01959999999999995,259380000.0,12.479999542236328,0.006700438032925075,0
2015-04-24,7.219632779968655e-05,-0.008496842225184986,0.01100000000000001,240960000.0,12.289999961853027,0.00594589280653367,0
2015-04-27,5.7704486102610565e-05,0.007596346891935002,0.017000000000000015,248456000.0,13.119999885559082,0.00735937856069371,1
2015-04-28,2.532466173278743e-05,0.005032361446953848,0.01100000000000001,234484000.0,12.40999984741211,0.005441761716837182,0
2015-04-29,5.98878343625231e-05,-0.007738723044696916,0.008000000000000007,195156000.0,13.390000343322754,0.003535759389768462,0
2015-04-30,7.324393097738411e-06,0.0027063615977430677,0.008299999999999974,218844000.0,14.550000190734863,0.003722901215835251,1
2015-05-01,0.0006032311647411657,0.024560764742596386,0.013499999999999956,256968000.0,12.699999809265137,0.0062203373432772645,1
2015-05-04,4.031269211544501e-05,-0.006349227678658642,0.008499999999999952,200720000.0,12.850000381469727,0.003702946659307187,0
2015-05-05,0.0006660468742797939,-0.025807883955872746,0.015799999999999925,292928000.0,14.3100004196167,0.0073337531839402425,1
2015-05-06,9.496668647781861e-06,0.0030816665374082675,0.013800000000000034,316484000.0,15.149999618530273,0.004440439757313697,0
2015-05-07,0.0003029070506535281,0.01740422508052364,0.015499999999999958,534564000.0,15.130000114440918,0.005707437695258677,1
2015-05-08,0.0058803742487845215,-0.07668359830357807,0.03380000000000005,1146552000.0,12.859999656677246,0.013373946093651518,1
2015-05-11,8.939639570673476e-05,-0.00945496672160906,0.011500000000000066,544144000.0,13.850000381469727,0.005154649084457827,0
2015-05-12,8.939639570673476e-05,0.00945496672160906,0.01319999999999999,388800000.0,13.859999656677246,0.005852839887097119,1
2015-05-13,3.5234575269696356e-05,0.005935871904758083,0.009699999999999931,308524000.0,13.760000228881836,0.007164086557513872,1
2015-05-14,0.00025310985060361386,0.015909426469977284,0.01100000000000001,293052000.0,12.739999771118164,0.004257015354689073,0
2015-05-15,3.175762495943046e-07,0.0005635390399912898,0.00770000000000004,215824000.0,12.380000114440918,0.0009489954886896737,0
2015-05-18,1.7303265527295168e-06,-0.0013154187746605706,0.006300000000000083,324972000.0,12.729999542236328,0.0018690345443283544,1
2015-05-19,0.00012025899154456397,-0.010966266071209652,0.006800000000000028,253808000.0,12.850000381469727,0.0026820418160242135,1
2015-05-20,0.0,0.0,0.007000000000000006,196824000.0,12.880000114440918,0.004030737789770987,1
2015-05-21,5.257056916354314e-05,-0.007250556472681469,0.006699999999999928,239692000.0,12.109999656677246,0.002188640159328881,0
2015-05-22,1.7993051982978868e-06,-0.0013413818242014042,0.005299999999999971,212592000.0,12.130000114440918,0.0028440426126636513,1
2015-05-26,4.0297184147570975e-05,-0.006348006312817511,0.008299999999999974,259732000.0,14.0600004196167,0.007223585762220864,1
2015-05-27,0.0027308680053729517,0.05225770761689563,0.02849999999999997,432332000.0,13.270000457763672,0.00803645284553198,1
2015-05-28,0.00018612534800371142,0.013642776403786416,0.010199999999999987,327656000.0,13.3100004196167,0.003941350557259427,0
2015-05-29,2.9392917938082376e-07,-0.0005421523580884102,0.0045000000000000595,335168000.0,13.84000015258789,0.0026605669498009593,0
2015-06-01,0.00012823134447444934,0.011323927961376712,0.011799999999999922,372660000.0,13.970000267028809,0.005780144024623577,1
2015-06-02,0.0003942705860947519,-0.019856248036694946,0.01100000000000001,224304000.0,14.239999771118164,0.006257964447661734,1
2015-06-03,0.00012098227526389827,-0.010999194300670312,0.012700000000000045,250788000.0,13.65999984741211,0.004644111377075653,0
2015-06-04,0.0003140768719483718,0.01772221408143948,0.014800000000000035,323712000.0,14.710000038146973,0.0039439647652329685,0
2015-06-05,6.016905111661144e-05,0.00775687121954538,0.014200000000000101,313320000.0,14.210000038146973,0.004534371654428251,1
2015-06-08,0.0005329467057481775,-0.023085638517229223,0.02100000000000002,342812000.0,15.289999961853027,0.005415121645794592,1
2015-06-09,2.452998434335323e-05,0.004952775418222921,0.007299999999999973,256888000.0,14.470000267028809,0.004722381261385457,0
2015-06-10,0.0003274300540203944,-0.018095028433810056,0.009699999999999931,529460000.0,13.220000267028809,0.0045112566392008936,0
2015-06-11,0.00011553683540945965,0.010748806231831498,0.009500000000000064,283052000.0,12.850000381469727,0.004245464687315316,0
2015-06-12,0.0007546372347531532,-0.02747066134539089,0.015700000000000047,323728000.0,13.779999732971191,0.004447513583010538,1
2015-06-15,3.596538533068027e-06,-0.0018964542000976525,0.008299999999999974,306548000.0,15.390000343322754,0.005160883857710139,1
2015-06-16,0.00014582056059803607,0.012075618435427482,0.013500000000000068,256892000.0,14.8100004196167,0.0029928554356735224,0
2015-06-17,0.00013797312971786083,0.011746196393635722,0.010699999999999932,233544000.0,14.5,0.003393873457192144,1
2015-06-18,0.00027372031537070283,0.01654449501709565,0.009500000000000064,299404000.0,13.1899995803833,0.003975338027332681,1
2015-06-19,9.635901595543136e-06,-0.0031041748654905277,0.011200000000000099,355656000.0,13.960000038146973,0.0037999353202239805,0
2015-06-22,1.776759470564848e-05,-0.004215162476779333,0.014599999999999946,514236000.0,12.739999771118164,0.005450228248750745,1
2015-06-23,0.0006784974870816851,-0.026047984318977258,0.023599999999999954,414064000.0,12.109999656677246,0.004967943437912256,0
2015-06-24,9.703097303918453e-05,-0.009850430094122009,0.009699999999999931,253368000.0,13.260000228881836,0.0026375624892954054,0
2015-06-25,5.754513393811331e-05,0.007585850904026081,0.007199999999999984,350460000.0,14.010000228881836,0.006247998268957092,1
2015-06-26,0.0004249927048667993,-0.020615351194359977,0.009299999999999975,421296000.0,14.020000457763672,0.0031171570686770603,0
2015-06-29,0.0009211138545097354,-0.030349857569842653,0.015600000000000058,391724000.0,18.850000381469727,0.0075695783535240455,1
2015-06-30,1.5816002739645142e-07,-0.0003976933836468133,0.009000000000000008,315916000.0,18.229999542236328,0.010216574355369854,1
2015-07-01,0.00020215860469080695,0.014218249002278971,0.017000000000000015,302892000.0,16.09000015258789,0.004781917973980925,0
2015-07-02,9.602273050075e-07,0.0009799118863487166,0.00660000000000005,145764000.0,16.790000915527344,0.0026507184320550842,0
2015-07-06,0.00014931150075681308,-0.012219308522040562,0.012800000000000034,214776000.0,17.010000228881836,0.005387629645389819,1
2015-07-07,0.00036167247833048373,-0.019017688564346713,0.0242,594252000.0,16.09000015258789,0.017702989567765743,1
2015-07-08,5.332305493111307e-05,-0.007302263685400101,0.007799999999999974,332492000.0,19.65999984741211,0.003977906450587288,0
2015-07-09,0.0001510490102153717,-0.01229019976303769,0.01909999999999995,357588000.0,19.969999313354492,0.00703181817746998,1
2015-07-10,0.00030868381077940013,0.017569399841184108,0.007999999999999952,216708000.0,16.829999923706055,0.008170043205418212,1
2015-07-13,4.1724483780696434e-05,0.006459449185549526,0.006000000000000005,212472000.0,13.899999618530273,0.0021700607379325347,0
2015-07-14,1.6187227735038927e-07,0.0004023335399272465,0.007399999999999962,249216000.0,13.369999885559082,0.0036333882789513937,1
2015-07-15,4.7084062171651445e-05,-0.006861782725476773,0.009999999999999953,265732000.0,13.229999542236328,0.005416144469440165,1
2015-07-16,0.0004853973169674769,0.022031734315924312,0.009800000000000031,282848000.0,12.109999656677246,0.004374722239728135,0
2015-07-17,3.552967381133188e-05,-0.005960677294681527,0.008299999999999974,220372000.0,11.949999809265137,0.00618622506476083,1
2015-07-20,0.00034995833363119265,-0.01870717332017835,0.0126,188412000.0,12.25,0.005328495277654335,0
2015-07-21,2.170795739823765e-05,0.004659179906189248,0.010300000000000031,149720000.0,12.220000267028809,0.004268292355603911,0
2015-07-22,0.00038386462397837085,-0.01959246344843779,0.011900000000000022,356472000.0,12.119999885559082,0.006364499717727149,1
2015-07-23,0.0001510490102153717,0.01229019976303769,0.013299999999999979,169916000.0,12.640000343322754,0.008868715819229317,1
2015-07-24,0.00013623766399459584,-0.011672089101553151,0.011699999999999988,188844000.0,13.739999771118164,0.005508097117434263,0
2015-07-27,3.110068159886659e-05,-0.005576798508003189,0.011099999999999999,192420000.0,15.600000381469727,0.003026781581619573,0
2015-07-28,0.0004542133668953949,0.021312282066812904,0.017500000000000016,198308000.0,13.4399995803833,0.00556868632988702,1
2015-07-29,0.00014621757078354456,0.012092045765028536,0.012999999999999956,232680000.0,12.5,0.0030370942932741287,0
2015-07-30,6.764065451352868e-06,0.0026007817000572864,0.007499999999999951,190180000.0,12.130000114440918,0.0033661606098936265,1
2015-07-31,1.1576223343860844e-05,-0.003402384949393711,0.007000000000000006,218340000.0,12.119999885559082,0.003625661517636097,1
2015-08-03,0.0002788963232281394,0.016700189317134684,0.01150000000000001,397132000.0,12.5600004196167,0.006213884597875342,1
2015-08-04,1.707202549161295e-05,0.004131830767542755,0.007300000000000084,260100000.0,13.0,0.002680565652853637,0
2015-08-05,0.00010319149333139435,0.010158321383545332,0.008700000000000041,234628000.0,12.510000228881836,0.004407176533948359,1
2015-08-06,4.140474907368581e-05,-0.006434652210779213,0.01419999999999999,655676000.0,13.770000457763672,0.027005702819434825,1
2015-08-07,0.013628039468415603,0.1167391942254854,0.0373,1405248000.0,13.390000343322754,0.010460659952159463,0
2015-08-10,0.0011710507539312391,0.03422061884202621,0.03180000000000005,662304000.0,12.229999542236328,0.007335178722573964,0
2015-08-11,2.5593811985083223e-05,-0.005059032712395051,0.011500000000000066,435008000.0,13.710000038146973,0.005564211942460469,0
2015-08-12,6.414648205546907e-06,0.0025327155792838063,0.015300000000000091,384048000.0,13.609999656677246,0.006328351436226569,1
2015-08-13,7.169772811562476e-05,-0.008467451099098522,0.008499999999999952,276884000.0,13.489999771118164,0.0028547618456367745,0
2015-08-14,7.224639633471284e-07,0.0008499788017045651,0.008000000000000007,214652000.0,12.829999923706055,0.0026343079927504463,0
2015-08-17,3.9778479392049716e-05,-0.006307018264762654,0.010000000000000009,273880000.0,13.020000457763672,0.005069781614940707,1
2015-08-18,0.00018030156773233034,-0.013427641927469258,0.01200000000000001,287084000.0,13.789999961853027,0.004416234410674481,0
2015-08-19,1.4593258009286544e-05,-0.0038201123032296502,0.01429999999999998,249248000.0,15.25,0.006060022425614159,1
2015-08-20,0.0013584729073870029,-0.03685746745758589,0.01979999999999993,426932000.0,19.139999389648438,0.011583858204192974,1
2015-08-21,0.0010065014851336858,-0.03172540756450082,0.02300000000000002,382664000.0,28.030000686645508,0.009776079233203604,0
2015-08-24,0.001285237690790178,-0.03585021186534576,0.04579999999999995,682284000.0,40.7400016784668,0.018553643540766548,1
2015-08-25,0.00044428477044803326,-0.021078063726254204,0.035499999999999976,622684000.0,36.02000045776367,0.021919860764777897,1
2015-08-26,0.005276816031345127,0.07264169623119443,0.02629999999999999,614976000.0,30.31999969482422,0.012434311816978972,0
2015-08-27,0.0013755167061302149,0.037087959045089214,0.018199999999999994,463764000.0,26.100000381469727,0.00870743340385261,0
2015-08-28,1.7916685174378117e-05,0.004232810552620814,0.010000000000000009,320944000.0,26.049999237060547,0.004303117223006233,0
2015-08-31,0.0001203764350320043,-0.01097161952639647,0.009700000000000042,219352000.0,28.43000030517578,0.004246288424489213,0
2015-09-01,0.0017460931113866705,-0.04178627898469389,0.020000000000000018,353408000.0,31.399999618530273,0.008135588523277608,1
2015-09-02,0.0008769201912104983,0.02961283828359751,0.01100000000000001,344044000.0,26.09000015258789,0.005868436037823052,0
2015-09-03,8.28115629785597e-06,0.002877699827615099,0.010400000000000076,262556000.0,25.610000610351562,0.0057644593071550934,0
2015-09-04,0.0005581206300110011,-0.023624576821839605,0.012500000000000067,287972000.0,27.799999237060547,0.023424951229629797,1
2015-09-08,0.0017453821939612136,0.04177777152938167,0.01440000000000008,238448000.0,24.899999618530273,0.0065005115144409435,0
2015-09-09,0.00039803387875046714,-0.019950786419348665,0.019000000000000017,289392000.0,26.229999542236328,0.006421461957958855,0
2015-09-10,0.00024123887018060084,0.015531866281313422,0.021499999999999964,357076000.0,24.3700008392334,0.010833695943113484,1
2015-09-11,9.0419833758479e-06,0.0030069890880826122,0.013999999999999901,301584000.0,23.200000762939453,0.006923115037873866,0
2015-09-14,3.1138221245925e-06,0.001764602540118454,0.006599999999999939,192460000.0,24.25,0.004458751292589311,0
2015-09-15,0.00012201326217899947,0.011045961351507594,0.010700000000000043,327976000.0,22.540000915527344,0.004462125161862554,1
2015-09-16,4.830953124453343e-05,0.0069505058265232345,0.012599999999999945,173508000.0,21.350000381469727,0.0055601118430925155,1
2015-09-17,8.345977067092716e-05,0.00913563192510114,0.011299999999999977,268712000.0,21.139999389648438,0.007602836125728184,1
2015-09-18,1.0609886014750361e-06,-0.0010300430095268043,0.016000000000000014,326412000.0,22.280000686645508,0.004154454841444934,0
2015-09-21,0.00010863873219065591,0.010422990558887402,0.009500000000000064,281840000.0,20.139999389648438,0.0075157921628996,1
2015-09-22,0.0007699759920489071,-0.027748441254400347,0.010299999999999976,228356000.0,22.440000534057617,0.0068857152514905,0
2015-09-23,2.3828653502011765e-05,0.004881460181340391,0.008000000000000007,161632000.0,22.1299991607666,0.004527745047946681,0
2015-09-24,0.0003590929788123074,0.018949748779662157,0.02949999999999997,382440000.0,23.469999313354492,0.00987985884105035,1
2015-09-25,5.345207602393592e-05,0.007311092669631258,0.017299999999999982,369692000.0,23.6200008392334,0.007116186179169898,0
2015-09-28,0.00017693513793971848,-0.013301696806788166,0.015199999999999991,395584000.0,27.6299991607666,0.0035418854739596955,0
2015-09-29,0.0003072268767415277,0.017527888542021475,0.013299999999999979,380736000.0,26.829999923706055,0.006861055197108223,1
2015-09-30,0.0014988134533888242,0.038714512180690386,0.022199999999999998,556380000.0,24.5,0.005679947666328412,0
2015-10-01,0.00038028208968412787,-0.019500822795054773,0.031200000000000006,489296000.0,22.549999237060547,0.010575242409274944,1
2015-10-02,0.0006578565643064085,0.02564871467162455,0.0252,386144000.0,20.940000534057617,0.007273927791217976,0
2015-10-05,0.0006097251165381692,0.02469261259037142,0.022499999999999964,482024000.0,19.540000915527344,0.005518161521707406,0
2015-10-06,0.00016837730876068598,0.012976028235199166,0.020199999999999996,453216000.0,19.399999618530273,0.006480715723850131,1
2015-10-07,0.00010718831722513699,0.010353179087852049,0.022199999999999998,310152000.0,18.399999618530273,0.007263826455497641,1
2015-10-08,3.392670981744931e-05,0.005824663923133189,0.019199999999999995,460068000.0,17.420000076293945,0.007541269493484625,1
2015-10-09,1.4655080573616387e-05,-0.0038281954722318434,0.01750000000000007,423248000.0,17.079999923706055,0.0056592193898762,0
2015-10-12,0.00011411007836589243,0.010682231900024097,0.014699999999999935,227588000.0,16.170000076293945,0.004909242408124494,0
2015-10-13,3.3118056764901433e-06,0.0018198367169859342,0.012700000000000045,298444000.0,17.670000076293945,0.00682823538321935,1
2015-10-14,0.0012757814247689571,0.03571808260207926,0.03479999999999994,612148000.0,18.030000686645508,0.013496246188336293,1
2015-10-15,6.907027382335354e-06,0.0026281224062694175,0.021599999999999953,526048000.0,16.049999237060547,0.0071314900164942,0
2015-10-16,0.0002396846818682911,0.015481753191040448,0.016799999999999926,448396000.0,15.050000190734863,0.006868370170715562,0
2015-10-19,3.490243235859868e-06,-0.0018682192686780286,0.014799999999999924,294712000.0,14.979999542236328,0.004453013414956877,0
2015-10-20,2.072075388015032e-06,-0.0014394705234964111,0.010499999999999954,264824000.0,15.75,0.006792625729251494,1
2015-10-21,0.00017028519555811763,-0.013049336977721038,0.018799999999999928,386280000.0,16.700000762939453,0.005834968566027221,0
2015-10-22,0.001264101392591795,0.03555420358539613,0.020100000000000007,306884000.0,14.449999809265137,0.005653884657617276,0
2015-10-23,4.539812739068844e-05,0.006737813249911906,0.014000000000000012,381776000.0,14.460000038146973,0.004795985466688535,0
2015-10-26,2.1412513833932798e-05,-0.004627365755365875,0.01200000000000001,247436000.0,15.289999961853027,0.003241950198417415,0
2015-10-27,4.941917438433336e-07,-0.0007029877266662155,0.008000000000000007,208268000.0,15.430000305175781,0.0061745336394738,1
2015-10-28,6.600639300683353e-05,0.008124431857479852,0.011800000000000033,217036000.0,14.329999923706055,0.006175546346561246,1
2015-10-29,0.0012398079043725806,-0.035210906043051216,0.021700000000000053,327168000.0,14.609999656677246,0.008677390573389277,1
2015-10-30,0.0006097251165381802,0.024692612590371643,0.020100000000000007,301160000.0,15.069999694824219,0.00982886358907491,1
2015-11-02,0.00013212075838276138,0.011494379425735057,0.011099999999999999,190088000.0,14.149999618530273,0.004735635948000587,0
2015-11-03,4.890254537797412e-05,-0.006993035490970578,0.012800000000000034,376768000.0,14.539999961853027,0.004536186170367252,0
2015-11-04,0.000274146584786713,-0.016557372520623947,0.018299999999999983,442264000.0,15.510000228881836,0.004799201246148505,1
2015-11-05,0.00013181754870404458,-0.011481182373956289,0.01540000000000008,478800000.0,15.050000190734863,0.028648907589257793,1
2015-11-06,0.016840628207364598,0.12977144604020022,0.052999999999999936,1172272000.0,14.329999923706055,0.015736383524642922,0
2015-11-09,2.0924594542425235e-05,-0.004574340886119577,0.013299999999999979,492568000.0,16.520000457763672,0.003965868858285125,0
2015-11-10,0.00037203624170337825,-0.019288241021497482,0.025499999999999967,552260000.0,15.289999961853027,0.009552152435559062,1
2015-11-11,9.320642863480853e-05,-0.009654347654544482,0.01629999999999998,619896000.0,16.059999465942383,0.006185269234913318,0
2015-11-12,1.3523568233047808e-05,-0.0036774404458873033,0.011199999999999988,291080000.0,18.3700008392334,0.0023804477639760204,0
2015-11-13,0.0003973729237119649,-0.01993421490081726,0.022800000000000042,292940000.0,20.079999923706055,0.008040106697728722,1
2015-11-16,0.0003973729237119649,0.01993421490081726,0.011699999999999933,344280000.0,18.15999984741211,0.006244907793756886,0
2015-11-17,0.0,0.0,0.009699999999999931,257048000.0,18.84000015258789,0.0026384610901862204,0
2015-11-18,0.00042338501575087676,0.02057632172549012,0.024800000000000044,350216000.0,16.850000381469727,0.006149706057643186,1
2015-11-19,8.018916646461543e-06,0.0028317691725247562,0.013500000000000068,254072000.0,16.989999771118164,0.005247930389569218,0
2015-11-20,7.573148854985785e-05,0.008702384072761776,0.010199999999999987,239744000.0,15.470000267028809,0.0032992892106011216,0
2015-11-23,0.00022951824783075625,-0.015149859663731419,0.02100000000000002,242552000.0,15.619999885559082,0.006923237511601693,1
2015-11-24,6.588621274386282e-05,0.00811703226209326,0.01650000000000007,195428000.0,15.930000305175781,0.0071809668641886915,1
2015-11-25,1.9952135952622743e-06,-0.0014125202990620256,0.011500000000000066,138300000.0,15.1899995803833,0.0022849333850668355,0
2015-11-27,7.132389778572189e-05,0.008445347700700184,0.011399999999999966,86996000.0,15.119999885559082,0.002181512084345126,0
2015-11-30,0.0001080417507184531,0.01039431338369462,0.011699999999999933,327244000.0,16.1299991607666,0.0032693119161817373,1
2015-12-01,0.001025064734374819,0.032016632152286395,0.020299999999999985,409496000.0,14.670000076293945,0.006312954565099697,1
2015-12-02,5.965924268557039e-05,-0.007723939583241857,0.01770000000000005,294240000.0,15.90999984741211,0.004837807459555927,0
2015-12-03,4.386928683513662e-06,-0.00209449962604763,0.02070000000000005,246656000.0,18.110000610351562,0.005672518805243411,1
2015-12-04,0.0015915380269548862,0.03989408511239337,0.034399999999999986,458756000.0,14.8100004196167,0.008476895622359369,1
2015-12-07,0.00036648968734755426,-0.019143920375606305,0.018299999999999983,333588000.0,15.84000015258789,0.0040045009520753615,0
2015-12-08,0.0001806101386230556,0.013439127152574143,0.030200000000000005,314488000.0,17.600000381469727,0.003919785582448179,0
2015-12-09,0.0006549964555079907,-0.025592898536664244,0.034599999999999964,372676000.0,19.610000610351562,0.005672768980068503,1
2015-12-10,6.6574732451367e-05,0.008159334069111707,0.011499999999999955,236596000.0,19.34000015258789,0.006059171674604461,1
2015-12-11,0.00022223093083070791,-0.014907411942745391,0.011499999999999955,227320000.0,24.389999389648438,0.010761016118554656,1
2015-12-14,5.458325781568549e-06,0.002336306011970296,0.01429999999999998,275892000.0,22.729999542236328,0.007155924362939743,0
2015-12-15,0.00014901531278759057,0.01220718283583852,0.01100000000000001,307296000.0,20.950000762939453,0.01097575985595473,1
2015-12-16,3.658025942808671e-05,0.0060481616569075525,0.01319999999999999,236356000.0,17.860000610351562,0.005998927747917109,0
2015-12-17,0.0002270179155852912,-0.015067113711168811,0.02279999999999993,254160000.0,18.940000534057617,0.008956445736623426,1
2015-12-18,0.0002695205706542913,-0.016417081672888495,0.016800000000000037,395896000.0,20.700000762939453,0.0054871447341529635,0
2015-12-21,0.0005462175450554042,0.023371297461959706,0.018199999999999994,284216000.0,18.700000762939453,0.005464245273920875,0
2015-12-22,7.236936891679294e-07,0.0008507018803129152,0.013299999999999979,130012000.0,16.600000381469727,0.0026710738312553475,0
2015-12-23,1.600586246682167e-05,0.004000732741238994,0.006800000000000028,122524000.0,15.569999694824219,0.0030668383525802086,1
2015-12-24,1.0637142860806396e-05,0.0032614633005456917,0.008400000000000074,52448000.0,15.739999771118164,0.00214869207862379,0
2015-12-28,7.13254052776029e-07,-0.0008445436950069718,0.019499999999999962,142024000.0,16.90999984741211,0.0058915452844371715,1
2015-12-29,0.00026124830287863374,0.016163177375709076,0.01770000000000005,203660000.0,16.079999923706055,0.002871835548234847,0
2015-12-30,7.375097936459896e-05,-0.008587839039281009,0.014000000000000012,180344000.0,17.290000915527344,0.0041804512179899915,1
2015-12-31,0.00016956324615165853,-0.013021645293574025,0.0132000000000001,148528000.0,18.209999084472656,0.004370206343314577,1
2016-01-04,0.00032849476765676067,-0.018124424615881207,0.013499999999999956,358076000.0,20.700000762939453,0.008002431869548583,1
2016-01-05,0.000254006111054516,0.015937569170187654,0.023499999999999965,490272000.0,19.34000015258789,0.007833425919382509,0
2016-01-06,0.0017728265111713406,-0.04210494639791554,0.033499999999999974,449344000.0,20.59000015258789,0.008448729558772777,1
2016-01-07,0.0016415036843656415,-0.04051547462841379,0.026800000000000046,645304000.0,24.989999771118164,0.009071261090443294,1
2016-01-08,0.0004679680893684699,-0.021632570105479143,0.028200000000000003,398472000.0,27.010000228881836,0.01432081941304472,1
2016-01-11,2.619735940805086e-06,0.0016185598354108155,0.01849999999999996,409372000.0,24.299999237060547,0.008505428752697558,0
2016-01-12,0.0002790916067751854,0.016706035040523093,0.01629999999999998,469356000.0,22.469999313354492,0.0060074783709646255,0
2016-01-13,0.0009584013395114435,-0.030958057747724477,0.034399999999999986,481672000.0,25.219999313354492,0.006090311302778208,1
2016-01-14,0.0004121045673867461,-0.02030035879945835,0.02949999999999997,600236000.0,23.950000762939453,0.015064215619583684,1
2016-01-15,0.0031297985475145828,-0.055944602487769834,0.030200000000000005,841452000.0,27.020000457763672,0.012999004926325091,0
2016-01-19,6.297030814028563e-05,0.007935383301409304,0.03080000000000005,457140000.0,26.049999237060547,0.006875298488245668,0
2016-01-20,3.076532342686911e-05,0.005546649747989241,0.034599999999999964,481180000.0,27.59000015258789,0.0072044376498791645,1
2016-01-21,0.00013403974139710492,0.011577553342442648,0.025599999999999956,481456000.0,26.690000534057617,0.012945325881617698,1
2016-01-22,0.0005374253469929945,0.023182436174677468,0.009199999999999986,257996000.0,22.34000015258789,0.005256317963224794,0
2016-01-25,1.2663770668981341e-06,-0.0011253342023141988,0.010300000000000087,270728000.0,24.149999618530273,0.008806098230555497,1
2016-01-26,9.611841789454178e-05,0.009804000096620857,0.015700000000000047,227944000.0,22.5,0.005371050257187923,0
2016-01-27,0.0001420249257140224,-0.011917421101648729,0.023299999999999987,231700000.0,23.110000610351562,0.006000309701158625,1
2016-01-28,0.00012237610712269217,-0.01106237348504796,0.02980000000000005,276776000.0,22.420000076293945,0.0077749076603369945,1
2016-01-29,0.0018833094184658393,0.04339711301994453,0.029299999999999993,310504000.0,20.200000762939453,0.0068168104911652564,0
2016-02-01,7.45698596109958e-08,0.000273074824198416,0.01100000000000001,289884000.0,19.979999542236328,0.005345881923269317,0
2016-02-02,0.001869908733796348,-0.043242441348706806,0.032299999999999995,341908000.0,21.979999542236328,0.007224443219275084,1
2016-02-03,2.4769566156477852e-05,0.004976903269752975,0.022500000000000075,326772000.0,21.649999618530273,0.009919440765280386,1
2016-02-04,8.045602420890604e-08,0.0002836477114466218,0.02310000000000001,348140000.0,21.84000015258789,0.009948522658567438,1
2016-02-05,0.004228930594954233,-0.06503022831694683,0.04949999999999999,600428000.0,23.3799991607666,0.009390892481837127,0
2016-02-08,0.0022031821150896988,-0.04693806680179424,0.03270000000000006,608852000.0,26.0,0.008623882140321695,0
2016-02-09,0.00011173383459625059,0.010570422630919285,0.04379999999999995,425372000.0,26.540000915527344,0.011386050277798945,1
2016-02-10,4.83793028175522e-06,-0.00219952955919106,0.02760000000000007,335800000.0,26.290000915527344,0.00681955021994402,0
2016-02-11,2.7079824552909647e-05,-0.005203827875027156,0.019499999999999962,340144000.0,28.139999389648438,0.011646407979644807,1
2016-02-12,0.00028665733254277137,0.016930957815279424,0.025699999999999945,340816000.0,25.399999618530273,0.014310725546723597,1
2016-02-16,0.0022853344943166904,0.047805172254858475,0.02529999999999999,485352000.0,24.110000610351562,0.01633936539416089,1
2016-02-17,0.0005976460514109162,0.024446800432999738,0.01749999999999996,771468000.0,22.309999465942383,0.01853988281785865,1
2016-02-18,0.006813264415094146,0.08254250065932184,0.026999999999999913,1068660000.0,21.639999389648438,0.008119800190020041,0
2016-02-19,0.0001749722086031916,0.01322770609755114,0.026600000000000068,525628000.0,20.530000686645508,0.005349086184534956,0
2016-02-22,0.0012155495371663852,0.034864731996193304,0.02629999999999999,449668000.0,19.3799991607666,0.01399519697575467,1
2016-02-23,6.425492929013891e-06,0.0025348556031880576,0.019499999999999962,369380000.0,20.979999542236328,0.0047367532144870815,0
2016-02-24,4.8134488557102546e-05,0.006937902316774325,0.03179999999999994,336852000.0,20.719999313354492,0.006383708859186395,1
2016-02-25,4.557117261916699e-06,0.0021347405607981262,0.018199999999999994,349616000.0,19.110000610351562,0.0070684847505022895,1
2016-02-26,4.282650814753143e-05,-0.006544196524213758,0.019000000000000017,361964000.0,19.809999465942383,0.006117186979355988,0
2016-02-29,0.00010307064634340779,-0.01015237146401804,0.017000000000000015,323344000.0,20.549999237060547,0.008004162885395396,1
2016-03-01,0.0018862372930086846,0.043430833436726546,0.03399999999999992,348700000.0,17.700000762939453,0.008392762374482573,1
2016-03-02,3.276069396077672e-05,0.005723695830560593,0.013700000000000045,233812000.0,17.09000015258789,0.0026281028346198426,0
2016-03-03,7.928347132782312e-05,-0.008904126645989663,0.02079999999999993,302004000.0,16.700000762939453,0.0038518022596128075,1
2016-03-04,8.671772855439076e-06,-0.0029447874041158006,0.015700000000000047,175304000.0,16.860000610351562,0.0056533574423335104,1
2016-03-07,4.269258820288118e-05,-0.006533956550428016,0.016799999999999926,239968000.0,17.350000381469727,0.016944472816365793,1
2016-03-08,0.00033669088986470753,-0.018349138668196596,0.013800000000000034,274940000.0,18.670000076293945,0.0054349583696754605,0
2016-03-09,5.717533000765289e-07,-0.000756143703323997,0.019000000000000017,222788000.0,18.34000015258789,0.006281911950358138,1
2016-03-10,2.2922106289424413e-06,-0.0015140048312150267,0.026499999999999968,286084000.0,18.049999237060547,0.007003348303302724,1
2016-03-11,0.0002856712084069922,0.01690181080260314,0.011599999999999944,277400000.0,16.5,0.004849198669026972,0
2016-03-14,6.1496683214836706e-06,0.0024798524797825516,0.012799999999999923,190312000.0,16.920000076293945,0.004544804001569347,0
2016-03-15,2.46598640548557e-05,-0.004965869919244331,0.019299999999999984,226216000.0,16.84000015258789,0.005567194119848318,1
2016-03-16,0.000866238036949447,0.029431922073650696,0.0364000000000001,363644000.0,14.989999771118164,0.006233609641094987,1
2016-03-17,7.216836732971889e-05,-0.008495196721072379,0.019299999999999984,353680000.0,14.4399995803833,0.00473317265465408,0
2016-03-18,0.0008796785379517256,0.02965937521175599,0.031200000000000006,545512000.0,14.020000457763672,0.007486153591368388,1
2016-03-21,9.433947474789341e-06,0.00307147317663517,0.019199999999999995,337780000.0,13.789999961853027,0.005613059201894725,0
2016-03-22,3.5683989502740675e-06,-0.00188902063256971,0.01649999999999996,242012000.0,14.170000076293945,0.005251613162335708,0
2016-03-23,0.00029263066997407947,0.01710645112155293,0.02080000000000004,429008000.0,14.9399995803833,0.003384149045734644,0
2016-03-24,1.9406753863009023e-06,0.0013930812561731287,0.01330000000000009,244956000.0,14.739999771118164,0.0035487292074921984,1
2016-03-28,0.00010316584136819501,0.010157058696699306,0.015000000000000013,265388000.0,15.239999771118164,0.003982209644225453,1
2016-03-29,0.000254380215392959,0.015949301407677988,0.02180000000000004,261812000.0,13.819999694824219,0.0038892655603369954,0
2016-03-30,0.00010700132348067375,0.010344144405443775,0.01870000000000005,376700000.0,13.5600004196167,0.0050039502858949805,1
2016-03-31,1.285824700170999e-05,-0.0035858397903015676,0.016199999999999992,379884000.0,13.949999809265137,0.0038343163926999138,0
2016-04-01,0.00020990682637289355,0.014488161593966764,0.025800000000000045,348292000.0,13.100000381469727,0.0029695216267948553,0
2016-04-04,9.573406659049095e-05,-0.009784378702323973,0.024500000000000077,393940000.0,14.119999885559082,0.007675186770960179,1
2016-04-05,1.8001099867201395e-06,-0.0013416817755042137,0.018500000000000072,339568000.0,15.420000076293945,0.002919280546203884,0
2016-04-06,1.8001099867201395e-06,0.0013416817755042137,0.02969999999999995,453376000.0,14.09000015258789,0.004134401097564959,1
2016-04-07,0.00010676110977839697,-0.010332526785757537,0.01529999999999998,378104000.0,16.15999984741211,0.003924353054145267,0
2016-04-08,4.114254936366352e-05,0.006414245814097205,0.016000000000000014,255936000.0,15.359999656677246,0.0032908256485806816,0
2016-04-11,3.782772467431065e-05,0.006150424755601083,0.017800000000000038,387524000.0,16.260000228881836,0.006214546273468503,1
2016-04-12,1.244226658696729e-06,-0.001115449083865655,0.022700000000000053,292764000.0,14.850000381469727,0.0061260649479043675,0
2016-04-13,0.000615113989565502,0.024801491680249838,0.018799999999999928,350716000.0,13.84000015258789,0.004970701011429932,0
2016-04-14,7.388239395606639e-06,0.002718131600126572,0.012700000000000045,416564000.0,13.720000267028809,0.0032922789564770096,0
2016-04-15,6.232976418403401e-05,0.007894920150579993,0.01870000000000005,436972000.0,13.619999885559082,0.008351811767278517,1
2016-04-18,1.9593530157705263e-05,-0.004426457969720854,0.011299999999999977,307320000.0,13.350000381469727,0.0037139355225538737,0
2016-04-19,0.00032056784064817874,-0.01790440841380074,0.02749999999999997,309152000.0,13.239999771118164,0.005707328903494914,1
2016-04-20,1.4807577151672939e-05,0.0038480614797158502,0.011499999999999955,200172000.0,13.279999732971191,0.006977826473880467,1
2016-04-21,1.4587709832564284e-06,-0.0012077959195395671,0.009599999999999942,178280000.0,13.949999809265137,0.004246379855549541,0
2016-04-22,1.4005834318494844e-05,-0.0037424369491675935,0.015699999999999936,223540000.0,13.220000267028809,0.00626195658620768,1
2016-04-25,2.4504805454428724e-05,0.004950232868707161,0.011700000000000044,191972000.0,14.079999923706055,0.0034783378283518595,0
2016-04-26,5.895760730353511e-07,0.0007678385722502817,0.019299999999999984,214536000.0,13.960000038146973,0.004093422237046321,1
2016-04-27,0.0005085397317190171,0.022550825521896467,0.0252,352396000.0,13.770000457763672,0.004309758932613437,1
2016-04-28,0.0009154177842054217,-0.030255871896301745,0.02969999999999995,381224000.0,15.220000267028809,0.005566102542896911,1
2016-04-29,0.00034690626735542693,-0.018625419924270886,0.024800000000000044,321904000.0,15.699999809265137,0.00853471269730553,1
2016-05-02,0.0001712234940456982,0.013085239548655508,0.013000000000000012,256076000.0,14.680000305175781,0.006172017596374318,0
2016-05-03,0.00014304463591180522,-0.011960126918716424,0.01200000000000001,224024000.0,15.600000381469727,0.006348960441453584,1
2016-05-04,0.000533217886738087,-0.023091511140202303,0.019199999999999995,525764000.0,16.049999237060547,0.007324178156149504,1
2016-05-05,3.55938380819929e-05,0.005966057163822092,0.016699999999999937,246884000.0,15.90999984741211,0.003704342407000696,0
2016-05-06,0.00010490866477278614,0.010242493093616717,0.014499999999999957,183240000.0,14.720000267028809,0.0041822274609450375,1
2016-05-09,1.8485652283956222e-06,-0.0013596195160395508,0.014499999999999957,333336000.0,14.569999694824219,0.005250904474356811,1
2016-05-10,0.0003644654587445642,0.01909097846482899,0.021499999999999964,269676000.0,13.630000114440918,0.0047963920891614595,0
2016-05-11,7.711774385975376e-06,0.002777008171751638,0.014699999999999935,328176000.0,14.6899995803833,0.0032588852099424605,0
2016-05-12,0.00018565169514446825,-0.013625406237777582,0.03880000000000006,670540000.0,14.40999984741211,0.01893165876659705,1
2016-05-13,0.020029419392034307,0.14152533127336006,0.04999999999999993,2110256000.0,15.039999961853027,0.009681855229596168,0
2016-05-16,0.0008495176927929024,0.029146486800177177,0.056499999999999995,973032000.0,14.680000305175781,0.007306014240456267,0
2016-05-17,4.341103057724052e-06,0.0020835313911059875,0.028000000000000025,628392000.0,15.569999694824219,0.004898305560989262,0
2016-05-18,0.0006362096229798594,0.025223196129354017,0.04630000000000001,541072000.0,15.949999809265137,0.009316658698810576,1
2016-05-19,1.8717917696166153e-05,0.004326420887542745,0.018199999999999994,398880000.0,16.329999923706055,0.0024174819642406795,0
2016-05-20,0.0003151602584690991,0.01775275354611501,0.018899999999999917,391084000.0,15.199999809265137,0.005170549529205179,1
2016-05-23,2.633927340041542e-06,0.0016229378731305588,0.014000000000000012,413636000.0,15.819999694824219,0.002333260332026047,0
2016-05-24,0.0004575830088168136,0.021391189981317393,0.030000000000000027,415788000.0,14.420000076293945,0.0034549368391019863,1
2016-05-25,1.7992764659535082e-05,-0.004241787908363062,0.02190000000000003,458076000.0,13.899999618530273,0.003815363509221668,1
2016-05-26,0.00011360460667588435,0.010658546180220094,0.021500000000000075,309964000.0,13.430000305175781,0.003839271910851766,1
2016-05-27,2.9351466519455808e-05,0.005417699375145857,0.010499999999999954,277416000.0,13.119999885559082,0.0034571084868514237,0
2016-05-31,0.0003135456916023032,0.017707221453472116,0.01870000000000016,412524000.0,14.1899995803833,0.004614728183749444,1
2016-06-01,3.541133476000278e-06,0.001881789965963332,0.022499999999999964,387132000.0,14.199999809265137,0.005181646325879,1
2016-06-02,4.9953358949053174e-05,0.007067769022050252,0.023499999999999854,329208000.0,13.630000114440918,0.004324229167669617,0
2016-06-03,0.00019880393604033015,-0.014099784964329426,0.027000000000000135,461076000.0,13.470000267028809,0.003999798685783174,0
2016-06-06,2.6800171223396444e-05,-0.005176888179533767,0.02400000000000002,322512000.0,13.649999618530273,0.003614975785269931,0
2016-06-07,3.6149628300784477e-06,0.0019013055593666284,0.011700000000000044,193400000.0,14.050000190734863,0.003267112652157006,0
2016-06-08,1.0238246456768569e-05,-0.003199725997139219,0.017800000000000038,234616000.0,14.079999923706055,0.0038145130967747825,1
2016-06-09,0.0006580966649847799,0.02565339480429013,0.03820000000000001,472168000.0,14.640000343322754,0.004619129600103428,1
2016-06-10,0.0006360686085907267,-0.02522040064294631,0.02750000000000008,400024000.0,17.030000686645508,0.004089531516595096,0
2016-06-13,0.00016211528435294047,0.012732450053031447,0.0363,475588000.0,20.969999313354492,0.007328102144361971,1
2016-06-14,3.5302544177287457e-06,0.0018788971280324918,0.023500000000000076,298344000.0,20.5,0.004440393679824773,0
2016-06-15,0.00010377181730860673,0.01018684530699307,0.025399999999999867,301036000.0,20.139999389648438,0.005679279389013242,1
2016-06-16,1.636897116016568e-05,0.004045858519543866,0.027000000000000135,246456000.0,19.3700008392334,0.004314872086897133,0
2016-06-17,0.00031157582559072184,-0.017651510575322493,0.02719999999999989,471000000.0,19.40999984741211,0.005365411309923048,1
2016-06-20,0.00031754289497613295,0.01781973330260958,0.018199999999999994,293768000.0,18.3700008392334,0.004901723798179402,0
2016-06-21,3.6892477188575524e-05,-0.00607391777920771,0.017300000000000093,212508000.0,18.479999542236328,0.004847267466010443,0
2016-06-22,7.16604686293013e-07,-0.0008465250653660605,0.013199999999999878,202620000.0,21.170000076293945,0.003213320113546505,0
2016-06-23,0.0006887851006503994,0.0262447156709765,0.022299999999999986,297880000.0,17.25,0.003975236690445643,1
2016-06-24,0.003434609658782719,-0.058605542901526975,0.05149999999999988,1017684000.0,25.760000228881836,0.013069671587666863,1
2016-06-27,0.00011511467044171897,-0.010729150499537182,0.028299999999999992,449088000.0,23.850000381469727,0.005971380761696323,0
2016-06-28,0.0002097707821179675,0.014483465818579733,0.02200000000000002,381920000.0,18.75,0.005408851096737198,0
2016-06-29,0.00026130518347296597,0.01616493685335535,0.02069999999999994,318932000.0,16.639999389648438,0.0029029484022110347,0
2016-06-30,5.9101439661586e-05,0.007687746071612017,0.023700000000000054,430940000.0,15.630000114440918,0.0033700037465492646,1
2016-07-01,5.521282658151017e-05,-0.007430533398182809,0.021499999999999853,218488000.0,14.770000457763672,0.003961691594090908,1
2016-07-05,0.00021673112421586539,0.014721790795139883,0.03499999999999992,371084000.0,15.579999923706055,0.004462978188739183,1
2016-07-06,3.8832827507318965e-05,0.006231599113174641,0.028699999999999948,273104000.0,14.960000038146973,0.012099911446428137,1
2016-07-07,0.0006600434655753529,0.025691311091015828,0.03269999999999995,395400000.0,14.760000228881836,0.004765637936463203,0
2016-07-08,0.0015513740136394547,0.03938748549526175,0.046800000000000175,481932000.0,13.199999809265137,0.005536356566163077,1
2016-07-11,0.0005156899123034365,0.02270880693262939,0.02200000000000002,448776000.0,13.539999961853027,0.004277489853818528,0
2016-07-12,0.0002215016259742546,0.014882930691710372,0.033500000000000085,436760000.0,13.550000190734863,0.0032360913935855196,0
2016-07-13,1.4353462457651326e-07,-0.0003788596370379316,0.012500000000000178,324604000.0,13.039999961853027,0.0015522425374821945,0
2016-07-14,0.00010361538452982018,0.01017916423532994,0.02950000000000008,316892000.0,12.819999694824219,0.004146289359618872,1
2016-07-15,0.0001367973461421515,-0.01169603976319128,0.027499999999999858,428616000.0,12.670000076293945,0.006103228741797298,1
2016-07-18,2.6502074063436832e-05,0.0051480165174013215,0.01650000000000018,252992000.0,12.4399995803833,0.007555886572814848,1
2016-07-19,0.00010592410626133572,0.010291943755255162,0.022199999999999998,382652000.0,11.970000267028809,0.002717420425383243,0
2016-07-20,0.00016885516555859744,0.012994428250546364,0.025800000000000045,296460000.0,11.770000457763672,0.0028300960509249165,1
2016-07-21,0.00034653976367063355,-0.018615578520976284,0.03079999999999994,361308000.0,12.739999771118164,0.00409751973108055,1
2016-07-22,0.0007245480282972816,0.026917429823392902,0.041300000000000114,315768000.0,12.020000457763672,0.0030929206887095246,0
2016-07-25,0.0003337680771304654,0.01826932065322806,0.02629999999999999,312528000.0,12.869999885559082,0.003300903345819954,1
2016-07-26,0.00028741032722527757,0.01695318044572397,0.02069999999999994,514508000.0,13.050000190734863,0.008072766409637095,1
2016-07-27,0.00010305601265041815,-0.010151650735245876,0.03750000000000009,446676000.0,12.829999923706055,0.007734588201221916,0
2016-07-28,4.5722239932542184e-06,0.0021382759394554807,0.014800000000000146,221916000.0,12.720000267028809,0.002435375879093323,0
2016-07-29,0.0002638446319978872,0.016243294985866852,0.04679999999999995,409588000.0,11.869999885559082,0.005704470870171348,1
2016-08-01,4.2721919071301614e-05,-0.006536200660269054,0.02980000000000005,301120000.0,12.4399995803833,0.00263539263844258,0
2016-08-02,0.00014889355141847188,-0.012202194532889232,0.0383,282748000.0,13.369999885559082,0.005221148986541402,1
2016-08-03,7.336928619177544e-06,0.0027086765438452676,0.016000000000000014,299828000.0,12.859999656677246,0.0033542102033825463,0
2016-08-04,0.0003363110170845335,0.01833878450401044,0.02849999999999997,272712000.0,12.420000076293945,0.0031189519714851857,0
2016-08-05,0.0002813057610018352,0.01677217222073024,0.015600000000000058,371588000.0,11.390000343322754,0.002782219150547581,0
2016-08-08,8.529577230709884e-05,0.009235571033081758,0.025499999999999856,305064000.0,11.5,0.0030936435768245452,1
2016-08-09,6.332314184473312e-06,0.002516408985930807,0.018000000000000016,372344000.0,11.65999984741211,0.0031844573367157936,1
2016-08-10,4.103008882960844e-05,-0.006405473349379298,0.02950000000000008,375740000.0,12.050000190734863,0.0039052566640538936,1
2016-08-11,0.0004040163914848202,0.020100158991530892,0.031299999999999883,681064000.0,11.680000305175781,0.007671462451689281,1
2016-08-12,0.0029634332570780617,0.054437425151067365,0.06869999999999998,1425744000.0,11.550000190734863,0.007873303173562713,1
2016-08-15,9.06741738166079e-07,-0.0009522298767451476,0.03420000000000001,573304000.0,11.8100004196167,0.004041060196244522,0
2016-08-16,3.66259483127569e-05,-0.00605193756682576,0.014599999999999946,287652000.0,12.640000343322754,0.0024186081865831734,0
2016-08-17,0.0005476868375996688,-0.023402710048190334,0.052000000000000046,595212000.0,12.1899995803833,0.00419519110355302,1
2016-08-18,0.00023664963801954162,0.015383420881570575,0.034499999999999975,331684000.0,11.430000305175781,0.005179516403486641,1
2016-08-19,6.621235107955663e-06,0.002573176074029071,0.02320000000000011,291560000.0,11.34000015258789,0.0043088494647763945,0
2016-08-22,1.736672717477485e-05,0.004167340539813713,0.022399999999999975,244748000.0,12.270000457763672,0.0015761965978825228,0
2016-08-23,3.90677373183555e-05,0.006250418971425475,0.014799999999999924,339764000.0,12.380000114440918,0.00144591670272844,0
2016-08-24,0.00024244825492860175,-0.015570749979644583,0.037800000000000056,298448000.0,13.449999809265137,0.0032168581604231352,1
2016-08-25,4.3676367653972086e-05,-0.0066088098515521,0.03080000000000016,406032000.0,13.630000114440918,0.004993540125884722,1
2016-08-26,6.549691178108458e-05,0.00809301623506864,0.02950000000000008,300024000.0,13.649999618530273,0.0035795665104012032,0
2016-08-29,4.160720436619949e-07,-0.0006450364669241537,0.016000000000000014,274652000.0,12.9399995803833,0.004457332067717068,1
2016-08-30,3.392047029165451e-05,-0.005824128285988772,0.019500000000000073,285544000.0,13.119999885559082,0.0016759139742593334,0
2016-08-31,2.255354703909694e-05,-0.004749057489554842,0.019000000000000128,388544000.0,13.420000076293945,0.0034104870798139786,1
2016-09-01,0.0008475295184166471,0.029112360234385792,0.050999999999999934,428492000.0,13.479999542236328,0.007187201893230723,1
2016-09-02,9.86061412573581e-05,-0.009930062500173809,0.0383,323148000.0,11.979999542236328,0.004085171101851007,0
2016-09-06,8.879707737911278e-05,0.009423220117301345,0.017200000000000104,306812000.0,12.020000457763672,0.002854219705284562,0
2016-09-07,0.0002193746796063183,-0.014811302427751527,0.03499999999999992,397988000.0,11.9399995803833,0.003076037273492564,1
2016-09-08,5.151905533735915e-05,0.0071776775726803965,0.03299999999999992,315808000.0,12.510000228881836,0.004718634404448053,1
2016-09-09,0.0026103578398543855,-0.0510916611577113,0.08250000000000002,697760000.0,17.5,0.007170440881800786,1
2016-09-12,0.0004197422849876577,0.020487612964610047,0.08879999999999999,598260000.0,15.15999984741211,0.004918047542007918,0
2016-09-13,0.00021289883925649944,-0.014591053397767395,0.044300000000000006,471768000.0,17.850000381469727,0.005476701788142679,1
2016-09-14,7.709111917400263e-05,0.008780154849090227,0.02719999999999989,319048000.0,18.139999389648438,0.004632646160409648,0
2016-09-15,0.0013824220629140324,0.03718093682136092,0.06000000000000005,515212000.0,16.299999237060547,0.005536668206019007,1
2016-09-16,5.864977805060591e-06,0.00242177162529017,0.028200000000000003,902444000.0,15.369999885559082,0.002315811993306623,0
2016-09-19,0.00017300383221534638,0.013153092116127918,0.05119999999999991,417128000.0,15.529999732971191,0.0076362975641433364,1
2016-09-20,8.37394627323732e-05,-0.009150926878320753,0.04150000000000009,331112000.0,15.920000076293945,0.003784699724573217,0
2016-09-21,0.0007638105264794646,0.027637122253944324,0.04269999999999996,336212000.0,13.300000190734863,0.005129513759780624,1
2016-09-22,6.070379409780002e-06,0.002463813996587405,0.01969999999999983,308732000.0,12.020000457763672,0.0030366199396927285,0
2016-09-23,1.0949096721448672e-06,-0.001046379315614021,0.015800000000000036,276132000.0,12.289999961853027,0.002154540958302356,0
2016-09-26,8.962434932877165e-05,-0.009467013749264952,0.026699999999999946,230040000.0,14.5,0.0038124247930603487,1
2016-09-27,0.0011304219909884744,0.0336217487794504,0.0645,402752000.0,13.100000381469727,0.0062386674216582515,1
2016-09-28,1.2962620393721029e-05,0.0036003639251777075,0.022499999999999964,319788000.0,12.390000343322754,0.0037569350926646705,0
2016-09-29,8.54031671966774e-05,0.009241383402752934,0.038999999999999924,336684000.0,14.020000457763672,0.0040294466319634485,1
2016-09-30,0.0002716120069509331,0.016480655537657873,0.045500000000000096,429932000.0,13.289999961853027,0.003858557451796214,0
2016-10-03,1.105316964530671e-06,-0.0010513405559240407,0.02960000000000007,242596000.0,13.569999694824219,0.005046018790422571,1
2016-10-04,4.685347367751461e-06,-0.002164566323250794,0.047699999999999854,281624000.0,13.630000114440918,0.004104901969779338,0
2016-10-05,9.922223021173077e-07,-0.000996103559936068,0.039000000000000146,305440000.0,12.989999771118164,0.0048968939707754126,1
2016-10-06,0.00017316584171529376,-0.013159249283879904,0.03929999999999989,360212000.0,12.84000015258789,0.00830545118652059,1
2016-10-07,5.377330491057111e-05,-0.0073330283587731415,0.03269999999999995,286260000.0,13.479999542236328,0.002827851116096752,0
2016-10-10,1.4157599766348048e-05,0.003762658603480795,0.027200000000000113,287876000.0,13.380000114440918,0.004561980411284745,1
2016-10-11,0.00021292022474755264,-0.014591786208259516,0.03400000000000003,388540000.0,15.359999656677246,0.005298566487707768,1
2016-10-12,2.1036994355884168e-05,0.004586610333992214,0.036699999999999955,419920000.0,15.90999984741211,0.0034840020024987546,0
2016-10-13,0.0002686591134904667,-0.016390824063800657,0.05249999999999999,390116000.0,16.690000534057617,0.007455701474715301,1
2016-10-14,9.497435156160901e-05,0.009745478518862427,0.025000000000000133,330636000.0,16.1200008392334,0.00471413400106756,0
2016-10-17,3.4057528339197895e-05,-0.005835882824320404,0.027000000000000135,195328000.0,16.209999084472656,0.0022452310680883443,0
2016-10-18,0.00022882766344036061,0.01512705071850956,0.018600000000000172,269372000.0,15.279999732971191,0.00304837265980414,1
2016-10-19,4.177462173107802e-06,-0.002043884089939496,0.02400000000000002,199060000.0,14.40999984741211,0.0026453746292595393,0
2016-10-20,0.0003503963717110319,0.018718877415887736,0.041300000000000114,312084000.0,13.75,0.00434095836810572,1
2016-10-21,7.726558755253031e-06,-0.0027796688211463305,0.018999999999999906,279508000.0,13.34000015258789,0.002426602085753435,0
2016-10-24,0.0021063762490799802,0.04589527480122524,0.07000000000000006,339836000.0,13.020000457763672,0.0056670751281773565,1
2016-10-25,0.0002647607150465665,0.016271469357331148,0.05130000000000012,397460000.0,13.460000038146973,0.004269355125671905,0
2016-10-26,1.599293388744977e-05,0.003999116638390254,0.04380000000000006,333792000.0,14.239999771118164,0.005314601381175557,1
2016-10-27,0.0004294521912929822,-0.020723228302872654,0.0613999999999999,388664000.0,15.359999656677246,0.006445670304500356,1
2016-10-28,2.887402144136572e-06,-0.0016992357529597157,0.04170000000000007,290856000.0,16.190000534057617,0.005755900786060336,0
2016-10-31,7.169772811562476e-05,0.008467451099098522,0.02200000000000002,252388000.0,17.059999465942383,0.0036858337782134988,0
2016-11-01,0.0009077535003725069,-0.03012894788027798,0.08809999999999985,473224000.0,18.559999465942383,0.006392850743724286,1
2016-11-02,1.7470179677179148e-05,-0.004179734402707802,0.04699999999999993,295848000.0,19.31999969482422,0.005493245920139595,0
2016-11-03,0.00013695748715125398,-0.011702883710917322,0.0625,309664000.0,22.079999923706055,0.011146549311341767,1
2016-11-04,3.3463894983057806e-05,-0.005784798612143538,0.05379999999999985,328780000.0,22.510000228881836,0.007445001792285167,0
2016-11-07,0.0028482549884154096,0.053369045226754896,0.05549999999999988,487580000.0,18.709999084472656,0.006483312068608084,0
2016-11-08,2.473324334751304e-06,-0.0015726806207082555,0.03170000000000006,429884000.0,18.739999771118164,0.00499923878531502,0
2016-11-09,0.0002892452820282034,-0.01700721264723304,0.05449999999999999,456532000.0,14.380000114440918,0.01236601411166736,1
2016-11-10,0.0010133744612795096,-0.0318335430211516,0.11850000000000005,869280000.0,14.739999771118164,0.037468525022303155,1
2016-11-11,0.06805994222143587,0.2608830048535854,0.25669999999999993,2175344000.0,14.170000076293945,0.0158889954377384,0
2016-11-14,0.002545327357451597,-0.050451237422402206,0.11430000000000007,1348796000.0,14.479999542236328,0.012816074736346786,0
2016-11-15,0.0009033325619576968,0.03005549137774488,0.08810000000000029,626092000.0,13.369999885559082,0.008204353209732658,0
2016-11-16,0.0037458304310850816,0.061203189713323614,0.15520000000000023,987984000.0,13.720000267028809,0.009713296020490229,1
2016-11-17,6.822494297029598e-05,0.008259839161284921,0.10349999999999993,832988000.0,13.350000381469727,0.006301423244561391,0
2016-11-18,0.00010863044829382317,0.010422593165514193,0.06320000000000014,576060000.0,12.850000381469727,0.0052162524716299246,0
2016-11-21,1.6634747241428687e-05,-0.004078571715861901,0.048799999999999955,436436000.0,12.420000076293945,0.0032773302428082685,0
2016-11-22,5.124635982719414e-05,0.007158656286426535,0.03400000000000025,330368000.0,12.40999984741211,0.0025179048307697196,0
2016-11-23,1.163646440109914e-05,0.0034112262312985253,0.06200000000000028,443236000.0,12.430000305175781,0.005622677442321456,1
2016-11-25,4.166351176475218e-06,0.0020411641718576234,0.042300000000000004,195564000.0,12.34000015258789,0.003131254218763134,0
2016-11-28,2.599986019298598e-07,-0.0005099005804368728,0.028500000000000192,278736000.0,13.149999618530273,0.003693754069357828,1
2016-11-29,8.427343470812854e-05,-0.009180056356478894,0.047800000000000065,444568000.0,12.899999618530273,0.005216104095131111,1
2016-11-30,0.00012871754415949013,-0.011345375452557316,0.05149999999999988,440500000.0,13.329999923706055,0.004312484942757399,0
2016-12-01,0.0025727837571736605,-0.05072261583528259,0.1849999999999996,1035524000.0,14.069999694824219,0.013077622950244588,1
2016-12-02,8.42227247565105e-05,0.009177293977884249,0.09200000000000008,478292000.0,14.119999885559082,0.004983853830609562,0
2016-12-05,0.0014492159545204542,0.03806856911574763,0.09030000000000005,602284000.0,12.140000343322754,0.007316485699808806,1
2016-12-06,0.00026641782464620974,0.016322310640537685,0.05410000000000004,498796000.0,11.789999961853027,0.004754379013301144,0
2016-12-07,0.0003178664952112001,0.017828810818761864,0.07999999999999963,480804000.0,12.220000267028809,0.003470905393548837,0
2016-12-08,0.0002851704180727061,-0.016886989609539826,0.08930000000000016,381544000.0,12.640000343322754,0.0043403308215520416,1
2016-12-09,0.00032103217816142307,-0.017917370849581227,0.08899999999999997,382312000.0,11.75,0.00577252766679731,1
2016-12-12,0.0006033954283984896,-0.024564108540683693,0.06030000000000024,601332000.0,12.640000343322754,0.007507703151972078,1
2016-12-13,0.0003056134052404278,0.017481802116498968,0.05600000000000005,387796000.0,12.720000267028809,0.005174733251893973,0
2016-12-14,0.003169424593007144,0.056297642872567444,0.13859999999999983,983980000.0,13.1899995803833,0.007136790980702793,1
2016-12-15,0.0005364339743067858,0.023161044326773905,0.08349999999999991,746548000.0,12.789999961853027,0.006176624422062108,0
2016-12-16,0.0002902036866421388,0.017035365761912447,0.07420000000000027,1089528000.0,12.199999809265137,0.006918044693083508,1
2016-12-19,0.0001468110462615649,0.012116560826470724,0.08630000000000004,744656000.0,11.710000038146973,0.003936451478467359,0
2016-12-20,0.0011722857698716331,0.03423865899639811,0.0501999999999998,848056000.0,11.449999809265137,0.004662462344461413,1
2016-12-21,3.913535868034511e-05,0.006255825979065044,0.05600000000000005,576136000.0,11.270000457763672,0.005049145079995853,1
2016-12-22,0.00014453052377992368,0.012022084834999447,0.05860000000000021,718612000.0,11.430000305175781,0.00457779416034309,0
2016-12-23,0.000605324689835159,0.024603347126664676,0.08919999999999995,647692000.0,11.4399995803833,0.005132188241151178,1
2016-12-27,0.004412530517728425,0.06642688098750704,0.1535000000000002,1194272000.0,11.989999771118164,0.008732800266387265,1
2016-12-28,0.00508151086882739,-0.07128471693727478,0.2810999999999999,2295764000.0,12.949999809265137,0.01497087862362801,1
2016-12-29,0.00039180291951828157,0.019794012213754986,0.21730000000000027,2175368000.0,13.369999885559082,0.014865406412921514,0
2016-12-30,0.0018505972340625624,-0.043018568479931574,0.14049999999999985,1212932000.0,14.039999961853027,0.011344686250235124,0
2017-01-03,0.002056144477517432,-0.04534472932455802,0.17469999999999963,1501996000.0,12.850000381469727,0.010919356550455422,0
2017-01-04,0.00053369328238546,0.023101802578704977,0.09930000000000039,1199220000.0,11.850000381469727,0.006019430998031795,0
2017-01-05,0.0006621618014975689,-0.025732504765326847,0.1193000000000004,984296000.0,11.670000076293945,0.00946841723843098,1
2017-01-06,0.00017632790056628476,0.013278851628295452,0.07620000000000005,822856000.0,11.319999694824219,0.0040389955455369456,0
2017-01-09,0.0015794939632172579,0.03974284795050875,0.11250000000000027,916248000.0,11.5600004196167,0.009927823462342186,1
2017-01-10,5.715661177989739e-05,-0.00756019918916806,0.08899999999999997,880920000.0,11.489999771118164,0.00419512945426306,0
2017-01-11,0.0001537361910015967,-0.012399039922574517,0.05119999999999969,525664000.0,11.260000228881836,0.004071968266032799,0
2017-01-12,0.0002719618344298628,-0.016491265398078547,0.07699999999999996,625616000.0,11.539999961853027,0.006026638176620482,1
2017-01-13,5.981864061898832e-09,-7.734251134983161e-05,0.04850000000000021,457820000.0,11.229999542236328,0.003496404862190476,0
2017-01-17,0.0005146354767537512,-0.022685578607427037,0.06579999999999986,580612000.0,11.869999885559082,0.0030636924469368927,0
2017-01-18,0.00032522684566314635,0.018034046846538532,0.1030000000000002,654424000.0,12.479999542236328,0.007521244572668445,1
2017-01-19,0.00045029432762775637,0.021220139670316884,0.08700000000000019,644872000.0,12.779999732971191,0.00523056362997985,0
2017-01-20,0.00012048844257659682,-0.010976722761215973,0.09200000000000008,492024000.0,11.539999961853027,0.003774912205306476,0
2017-01-23,0.00010592150311929512,0.010291817289443839,0.05500000000000016,369904000.0,11.770000457763672,0.004302270165240169,1
2017-01-24,0.0004448501831472584,0.02109147181083526,0.06699999999999973,428052000.0,11.069999694824219,0.005021968020499478,1
2017-01-25,1.860954355039029e-05,0.004313878017560335,0.07419999999999982,522760000.0,10.8100004196167,0.004207920848287998,0
2017-01-26,0.00029269291379830547,0.017108270333330178,0.08130000000000015,458800000.0,10.630000114440918,0.00452959048329325,1
2017-01-27,0.00036532893263914527,0.019113579796551594,0.07600000000000007,471996000.0,10.579999923706055,0.00300375492085434,0
2017-01-30,0.00024847616969304366,-0.01576312690087356,0.07750000000000012,496004000.0,11.880000114440918,0.006780842377445722,1
2017-01-31,5.874105139773634e-05,-0.007664271093700714,0.04630000000000001,362756000.0,11.989999771118164,0.0034336842755794085,0
2017-02-01,0.001830077983411855,0.04277941074175584,0.10650000000000004,590004000.0,11.8100004196167,0.0038871545595380243,1
2017-02-02,0.00015769634379156355,0.012557720485484758,0.09200000000000008,483240000.0,11.930000305175781,0.003903529411085419,1
2017-02-03,7.759476529696883e-05,-0.008808789093681879,0.04999999999999982,372744000.0,10.970000267028809,0.0032245975816000785,0
2017-02-06,0.0006406372916782743,0.025310813730069492,0.08319999999999972,506768000.0,11.369999885559082,0.005949591864369091,1
2017-02-07,0.00023597546936006595,0.015361493070664256,0.07550000000000034,746224000.0,11.289999961853027,0.0059188458391605065,0
2017-02-08,1.91371896726306e-05,-0.004374607373540007,0.07330000000000014,449580000.0,11.449999809265137,0.005085065258343071,0
2017-02-09,0.00035960442145614046,-0.018963238685840045,0.08650000000000002,842568000.0,10.880000114440918,0.010286204791194931,1
2017-02-10,0.0005760553021054032,-0.02400115209954312,0.20250000000000012,1651092000.0,10.850000381469727,0.013971473614592854,1
2017-02-13,0.002229348483215836,-0.047215976991012654,0.14449999999999985,1180724000.0,11.069999694824219,0.007528345974589211,0
2017-02-14,1.3571294983043318e-05,0.0036839238568465715,0.09649999999999981,850632000.0,10.739999771118164,0.0054514184716289785,0
2017-02-15,4.0819686174152164e-06,0.0020203882343290402,0.051000000000000156,373020000.0,11.970000267028809,0.0019484744996841423,0
2017-02-16,0.00026136143152079885,-0.0161666765762416,0.09450000000000003,647176000.0,11.760000228881836,0.003788517235399735,1
2017-02-17,3.478004858965379e-08,-0.00018649409800219896,0.0653999999999999,563740000.0,11.489999771118164,0.003721283633217786,0
2017-02-21,0.0012379087982682788,0.035183928124475794,0.07530000000000037,551952000.0,11.569999694824219,0.0048960256478243714,1
2017-02-22,7.912639188269738e-06,-0.002812941376614475,0.04519999999999991,433772000.0,11.739999771118164,0.0062136878962506525,1
2017-02-23,0.00947261907632036,-0.09732738091780935,0.16780000000000017,1592888000.0,11.710000038146973,0.011209371650294644,1
2017-02-24,9.266593573522498e-05,0.009626314753592102,0.15749999999999975,1029904000.0,11.470000267028809,0.007946668667832243,0
2017-02-27,0.0008203451874490224,0.0286416687266825,0.08650000000000002,715400000.0,12.09000015258789,0.005753802757134597,0
2017-02-28,0.0008090933425597695,-0.028444566134145366,0.11050000000000004,625360000.0,12.920000076293945,0.005099957607988075,0
2017-03-01,0.00016501442991585989,0.012845794250098352,0.08150000000000013,504804000.0,12.539999961853027,0.005583384339514986,1
2017-03-02,0.0014128336010743544,-0.037587678846589534,0.09870000000000001,754332000.0,11.8100004196167,0.005801392482344752,1
2017-03-03,3.310731562826977e-05,-0.005753895691465893,0.06369999999999987,864692000.0,10.960000038146973,0.008262457374466224,1
2017-03-06,6.00784362437716e-05,-0.007751028076569688,0.07319999999999993,883568000.0,11.239999771118164,0.004858365277837856,0
2017-03-07,0.0001182701156381621,0.010875206464162512,0.05950000000000033,603400000.0,11.449999809265137,0.004643110405505917,0
2017-03-08,3.3292857507571884e-06,-0.0018246330455072846,0.07069999999999999,638712000.0,11.859999656677246,0.004839842720109081,1
2017-03-09,4.118572706023135e-08,-0.00020294266939269168,0.051200000000000134,478060000.0,12.300000190734863,0.006352922572869673,1
2017-03-10,3.444140734938213e-05,0.0058686802050701425,0.042700000000000404,499740000.0,11.65999984741211,0.003414028457703085,0
2017-03-13,0.0007371370762802817,0.027150268438457137,0.06849999999999978,774136000.0,11.350000381469727,0.010446250493628389,1
2017-03-14,4.460698371239165e-07,-0.0006678845986575199,0.05699999999999994,522016000.0,12.300000190734863,0.004745704115290203,0
2017-03-15,5.709866484615315e-05,0.007556365849146873,0.06680000000000019,615036000.0,11.630000114440918,0.0036516156933012298,0
2017-03-16,0.0001481831960430355,0.012173052043059518,0.035600000000000076,523100000.0,11.210000038146973,0.0033886522886839615,0
2017-03-17,0.0004654836351283534,0.021575069759524612,0.05779999999999985,1119688000.0,11.279999732971191,0.003628970257147501,1
2017-03-20,0.0009816592456048702,0.031331441805395266,0.08700000000000019,748568000.0,11.34000015258789,0.004521570770383805,1
2017-03-21,0.0010785306230278477,-0.0328409899824571,0.10919999999999996,913484000.0,12.470000267028809,0.004396368221183763,0
2017-03-22,0.00040760020426340793,0.020189111032024365,0.07400000000000029,616764000.0,12.8100004196167,0.003900873713615383,0
2017-03-23,8.298105082851949e-05,-0.009109393548887845,0.046499999999999986,533940000.0,13.119999885559082,0.004033025883938636,1
2017-03-24,1.2546262761176366e-05,0.0035420704060162844,0.07180000000000009,439500000.0,12.960000038146973,0.00492640431702714,1
2017-03-27,5.2294504575235046e-05,0.007231493937993383,0.12080000000000002,506644000.0,12.5,0.004621179045439648,0
2017-03-28,2.728688624032737e-05,-0.005223685120710031,0.0405000000000002,432444000.0,11.529999732971191,0.0020017148116971296,0
2017-03-29,1.0476813343640321e-05,-0.003236790593109218,0.03090000000000037,349992000.0,11.420000076293945,0.0018140687063670387,0
2017-03-30,0.00036136197378160547,0.019009523239197912,0.06499999999999995,525532000.0,11.539999961853027,0.003994899147867198,1
2017-03-31,1.869504302328796e-05,-0.004323776477026531,0.03730000000000011,440808000.0,12.369999885559082,0.003344563710866104,0
2017-04-03,2.5437329754182684e-05,-0.005043543372886039,0.05579999999999963,445232000.0,12.380000114440918,0.0036516906995874674,1
2017-04-04,0.005285820270453817,-0.07270364688551612,0.10199999999999987,1271280000.0,11.789999961853027,0.009506918016034526,1
2017-04-05,5.5499348001016525e-05,-0.007449788453440576,0.07180000000000009,747048000.0,12.890000343322754,0.004980060722334173,0
2017-04-06,5.258159367193178e-05,0.007251316685398024,0.07089999999999996,635120000.0,12.390000343322754,0.004580778361094907,0
2017-04-07,1.812004425099555e-05,-0.004256764528488222,0.05030000000000001,429068000.0,12.869999885559082,0.007520264912080097,1
2017-04-10,0.0006680389504593793,-0.025846449474915878,0.07580000000000009,756332000.0,14.050000190734863,0.005636207315765398,0
2017-04-11,1.2623680447693011e-05,0.003552981909283104,0.06370000000000031,618148000.0,15.069999694824219,0.004963190561852274,0
2017-04-12,6.837483778152374e-05,-0.00826890789533441,0.03999999999999959,414092000.0,15.770000457763672,0.0037209021208602696,0
2017-04-13,0.00035803172820479825,-0.01892172635371303,0.04300000000000015,506892000.0,15.960000038146973,0.004838572283546372,1
2017-04-17,0.001479168352193034,0.03845995777679734,0.08599999999999985,497292000.0,14.65999984741211,0.005197246179522249,1
2017-04-18,3.65373027992926e-07,0.0006044609400059908,0.04850000000000021,370116000.0,14.420000076293945,0.0026845729627258514,0
2017-04-19,1.521039921518942e-05,0.003900051181098707,0.039300000000000335,380828000.0,14.930000305175781,0.0050588503129260255,1
2017-04-20,0.00024732001874973856,0.015726411502619997,0.05110000000000037,404016000.0,14.149999618530273,0.0027017407740572083,0
2017-04-21,1.7132648315555888e-05,0.00413916033943551,0.035800000000000054,341896000.0,14.630000114440918,0.001955526316976272,0
2017-04-24,0.00015456042507837805,0.012432233310165075,0.03420000000000023,371820000.0,10.84000015258789,0.003949635008555878,1
2017-04-25,0.00029646739818728845,0.01721822865997802,0.0665,388440000.0,10.760000228881836,0.004419861773746805,1
2017-04-26,4.758103139640384e-05,-0.006897900506415255,0.03629999999999978,327004000.0,10.850000381469727,0.0031902593619862656,0
2017-04-27,0.00023882299689861287,0.015453899084005074,0.05970000000000031,319700000.0,10.359999656677246,0.005545636315306059,1
2017-04-28,0.00016296374555512533,-0.012765725422204777,0.039200000000000124,348248000.0,10.819999694824219,0.0024928928995897916,0
2017-05-01,0.0004922768964875111,0.02218731386372652,0.05999999999999961,307732000.0,10.109999656677246,0.0051984331935377775,1
2017-05-02,0.0009048255642273788,-0.03008031855262472,0.07600000000000007,629972000.0,10.59000015258789,0.006459494301250513,1
2017-05-03,5.4675946445850613e-05,0.007394318524776344,0.051000000000000156,336904000.0,10.680000305175781,0.0032241664497629275,0
2017-05-04,1.4779290276344914e-05,-0.00384438425191147,0.03550000000000031,209788000.0,10.460000038146973,0.0019865481383663764,0
2017-05-05,1.3351068878373613e-08,0.00011554682547942896,0.03500000000000014,228428000.0,10.569999694824219,0.003229459406400021,1
2017-05-08,0.00011089977132891351,-0.010530896036373805,0.052200000000000024,365240000.0,9.770000457763672,0.004608457131370274,1
2017-05-09,2.667838248942614e-06,0.0016333518448095052,0.05679999999999996,847672000.0,9.960000038146973,0.0356964250031345,1
2017-05-10,0.02691390107357622,0.16405456736578905,0.19500000000000028,2129096000.0,10.210000038146973,0.006096988029985642,0
2017-05-11,0.001767483230301666,0.042041446577177455,0.26300000000000034,1939792000.0,10.600000381469727,0.011272229692095171,1
2017-05-12,0.00011976784395050325,0.010943849594658328,0.09550000000000036,962620000.0,10.399999618530273,0.004177834801658488,0
2017-05-15,0.0023989712379822365,0.048979293971863624,0.1256999999999997,1087540000.0,10.420000076293945,0.008151710623001204,1
2017-05-16,0.00033903972079510185,0.018413031276655722,0.10199999999999987,1120700000.0,10.649999618530273,0.003996301392744999,0
2017-05-17,0.004724928476322873,-0.06873811516417128,0.18270000000000008,1271368000.0,15.59000015258789,0.00892185993749022,1
2017-05-18,0.0016850998136685611,0.04104996727975019,0.15959999999999974,1156032000.0,14.65999984741211,0.008550247073306672,0
2017-05-19,0.0004736956632430797,0.02176455060972038,0.07499999999999973,1018372000.0,12.039999961853027,0.0036712043791688916,0
2017-05-22,0.00044518316222764883,0.02109936402424606,0.05370000000000008,836608000.0,10.930000305175781,0.005679634260961813,1
2017-05-23,0.00018332549526057346,-0.013539774564614193,0.10200000000000031,681248000.0,10.720000267028809,0.005983161338089536,1
2017-05-24,0.00012424902505136452,0.01114670467229506,0.0748000000000002,815996000.0,10.020000457763672,0.006758452408511031,1
2017-05-25,4.951556655154348e-06,-0.0022252093508599025,0.08979999999999988,608228000.0,9.989999771118164,0.00545228266534337,0
2017-05-26,0.0006535023102656869,0.02556369124883351,0.20420000000000016,779140000.0,9.8100004196167,0.0038798851089597145,0
2017-05-30,0.00044736193179059956,0.02115093217308872,0.0809000000000002,989652000.0,10.380000114440918,0.003941900847800567,1
2017-05-31,1.293001290028265e-05,-0.0035958327130558576,0.12369999999999992,887316000.0,10.40999984741211,0.00750612816760673,1
2017-06-01,3.071215529192083e-09,5.541854860235951e-05,0.06279999999999974,503340000.0,9.890000343322754,0.003845652018752779,0
2017-06-02,2.5000104167164645e-05,-0.005000010416705614,0.047499999999999876,487456000.0,9.75,0.0025664060381513916,0
2017-06-05,0.0008973713421738601,0.029956156999419337,0.15049999999999963,817376000.0,10.069999694824219,0.006507280832427082,1
2017-06-06,2.046191747375078e-05,-0.004523485102633895,0.07220000000000004,758728000.0,10.449999809265137,0.0043119076644005366,0
2017-06-07,0.00014420430479742137,0.012008509682613466,0.05449999999999999,612612000.0,10.390000343322754,0.002307770691825683,0
2017-06-08,0.004906637401492843,0.07004739396646276,0.20520000000000005,1161744000.0,10.15999984741211,0.00871060008700412,1
2017-06-09,0.004466740697245323,-0.06683367936336682,0.6437000000000004,3692928000.0,10.699999809265137,0.02038980516035457,1
2017-06-12,6.036222303147907e-06,0.002456872463753035,0.23970000000000002,1697532000.0,11.460000038146973,0.010569796278062808,0
2017-06-13,9.03146685655548e-05,0.00950340299921848,0.22809999999999997,1672504000.0,10.420000076293945,0.014258927650661515,1
2017-06-14,4.45790784208894e-06,0.002111375817349659,0.13900000000000023,1184640000.0,10.640000343322754,0.008308621232677971,0
2017-06-15,1.838850930637735e-05,0.004288182517848016,0.17749999999999977,963824000.0,10.899999618530273,0.008277722342012399,0
2017-06-16,2.447784243936803e-05,-0.004947508710388293,0.11150000000000038,924960000.0,10.380000114440918,0.00636332312349561,0
2017-06-19,0.0013619463226019384,0.036904556935450916,0.10670000000000002,778176000.0,10.369999885559082,0.0074782592402030355,1
2017-06-20,2.1779552031088166e-06,-0.0014757896879666887,0.12049999999999983,1095444000.0,10.859999656677246,0.0050402428327048785,0
2017-06-21,0.0002268698793672207,0.015062200349458266,0.09799999999999986,682652000.0,10.75,0.005173908177476753,1
2017-06-22,4.790940687430275e-05,-0.006921662146789798,0.07349999999999968,469132000.0,10.479999542236328,0.0032905485749851796,0
2017-06-23,0.0008459720243984005,-0.029085598230024434,0.1525000000000003,1088588000.0,10.020000457763672,0.005323098500330362,1
2017-06-26,0.0001205840448088359,-0.010981076668926226,0.2067000000000001,1063960000.0,9.899999618530273,0.008838880378329996,1
2017-06-27,0.001391936609562892,-0.03730866668165578,0.13600000000000012,999492000.0,11.0600004196167,0.005897406999560786,0
2017-06-28,0.0012024426557427112,0.034676254926717665,0.15470000000000006,994948000.0,10.029999732971191,0.009251066980078809,1
2017-06-29,0.0011556101359243899,-0.03399426622129664,0.16599999999999993,1064424000.0,11.4399995803833,0.006340862915058138,0
2017-06-30,0.00021195565598372635,-0.014558696919152014,0.11070000000000002,731060000.0,11.180000305175781,0.00644796408743908,1
2017-07-03,0.0013568225182759711,-0.036835071851103685,0.17669999999999986,709072000.0,11.220000267028809,0.008286882066785331,1
2017-07-05,0.0006942500968830787,0.02634862609099531,0.07730000000000015,820188000.0,11.069999694824219,0.00436545609393748,0
2017-07-06,8.924870290087835e-06,0.0029874521402171172,0.14049999999999985,746284000.0,12.539999961853027,0.005941091116916935,1
2017-07-07,0.0005108932050833363,0.022602946822999348,0.06630000000000003,654972000.0,11.1899995803833,0.004714075302108334,0
2017-07-10,0.0021348143341211865,0.04620405105746883,0.133,958492000.0,11.109999656677246,0.005241750152582174,1
2017-07-11,0.00019835426538332331,0.014083829925958469,0.10099999999999998,757956000.0,10.890000343322754,0.0024016429162795816,0
2017-07-12,0.001736002617803683,0.041665364726636955,0.16100000000000003,1145208000.0,10.300000190734863,0.005996249812262141,1
2017-07-13,0.0001353920913605537,-0.011635810730694862,0.18869999999999987,1369132000.0,9.899999618530273,0.007037908960496198,1
2017-07-14,0.0007042913464388044,0.026538488020963147,0.10000000000000053,941948000.0,9.510000228881836,0.003686792993544137,0
2017-07-17,1.8293086190697607e-05,-0.004277041756950428,0.14369999999999994,930792000.0,9.819999694824219,0.0051417082327567636,1
2017-07-18,0.00010752268805697774,0.010369314734203883,0.13130000000000042,776640000.0,9.890000343322754,0.0052389435519595035,1
2017-07-19,2.699264395350928e-05,-0.00519544453858467,0.06969999999999921,687044000.0,9.789999961853027,0.003573399935865174,0
2017-07-20,0.00020828263378600955,0.014432000339038575,0.08999999999999986,699596000.0,9.579999923706055,0.003170321179430651,0
2017-07-21,1.278555289348534e-05,0.003575689149448724,0.0801999999999996,648332000.0,9.359999656677246,0.0034769221874529693,1
2017-07-24,0.00013586253113866237,-0.011656008370735771,0.07650000000000023,652524000.0,9.430000305175781,0.0044662211030011174,1
2017-07-25,2.3295074587399153e-05,-0.004826497134299279,0.058699999999999974,496556000.0,9.430000305175781,0.0029147037714852666,0
2017-07-26,0.0001316286515462695,0.01147295304384488,0.10210000000000008,640404000.0,9.600000381469727,0.004589978945848693,1
2017-07-27,0.0011262320051604788,-0.03355938028570371,0.27949999999999964,782856000.0,10.109999656677246,0.0072973769305752605,1
2017-07-28,0.0002645083270396467,0.01626371196989318,0.15249999999999986,513348000.0,10.289999961853027,0.005988651168539288,0
2017-07-31,0.00013229541602815934,-0.011501974440423668,0.14449999999999985,559672000.0,10.260000228881836,0.005857375569640655,0
2017-08-01,0.00014665431872633522,0.012110091606851503,0.08899999999999952,431384000.0,10.09000015258789,0.004019234566470512,0
2017-08-02,3.6980648810421927e-07,-0.0006081171664278351,0.11600000000000055,478444000.0,10.279999732971191,0.004679519978004575,1
2017-08-03,0.00015929879003898233,0.012621362447809759,0.07380000000000031,442420000.0,10.4399995803833,0.001959367875583106,0
2017-08-04,1.903894810656849e-05,0.004363364310548512,0.08980000000000032,589096000.0,10.029999732971191,0.0034504953904983347,1
2017-08-07,0.0009181112581913549,0.030300350793206254,0.10930000000000017,717412000.0,9.930000305175781,0.004273965366609922,1
2017-08-08,0.00014345594334964242,-0.01197730952049092,0.14619999999999944,755336000.0,10.960000038146973,0.0046127515989899445,1
2017-08-09,0.00011201766959026913,0.010583840021006985,0.11340000000000039,530784000.0,11.109999656677246,0.0032369273360328,0
2017-08-10,0.0019164217169754891,-0.04377695417654692,0.20819999999999972,1328088000.0,16.040000915527344,0.01686260902798591,1
2017-08-11,0.0029996334367236956,-0.05476890939870627,0.1522000000000001,1497196000.0,15.510000228881836,0.006858756993367321,0
2017-08-14,0.005889417091688883,0.07674253769382977,0.2338,1279020000.0,12.329999923706055,0.00859777954002062,1
2017-08-15,7.17079900728636e-05,-0.008468057042371857,0.10199999999999942,764532000.0,12.039999961853027,0.004073267018147694,0
2017-08-16,0.00012117128216180127,-0.011007782799537846,0.11749999999999972,596632000.0,11.739999771118164,0.003949360663747012,0
2017-08-17,0.0005078040935150539,-0.02253450894772402,0.10299999999999976,525444000.0,15.550000190734863,0.004294133219170239,1
2017-08-18,3.006396868754166e-08,0.00017338964411850455,0.11799999999999988,601204000.0,14.260000228881836,0.007717562416480065,1
2017-08-21,0.00021448839295849963,-0.014645422252652862,0.13939999999999975,623672000.0,13.1899995803833,0.005363946165754646,0
2017-08-22,0.0004468247747475458,0.02113823017065397,0.07699999999999996,450456000.0,11.350000381469727,0.003105316893476614,0
2017-08-23,0.0003914182147085769,0.019784292120482272,0.1349999999999998,579520000.0,12.25,0.005173306599446441,1
2017-08-24,1.3496872105739981e-05,-0.0036738089370216276,0.07900000000000063,469700000.0,12.229999542236328,0.004077614081106916,0
2017-08-25,7.078569480525851e-05,-0.008413423489000094,0.07570000000000032,357200000.0,11.279999732971191,0.0033116292165689797,0
2017-08-28,4.979426878189937e-05,0.007056505422792458,0.06930000000000014,389496000.0,11.319999694824219,0.005329718245188892,1
2017-08-29,2.6434809434918557e-06,-0.0016258785143705712,0.08300000000000018,324096000.0,11.699999809265137,0.004042971353431426,0
2017-08-30,3.5195504314190795e-05,0.005932579903734192,0.04640000000000022,384400000.0,11.220000267028809,0.0017590215759063419,0
2017-08-31,0.0005035834351295616,0.02244066476576756,0.08499999999999996,612684000.0,10.59000015258789,0.003254750771338762,1
2017-09-01,3.602140207260923e-05,0.006001783241055048,0.05750000000000011,445432000.0,10.130000114440918,0.001654724851443454,0
2017-09-05,0.0007313313011545282,-0.027043137783077764,0.12549999999999972,695364000.0,12.229999542236328,0.004004293980591504,1
2017-09-06,3.931727272078573e-07,-0.0006270348692121175,0.08499999999999996,397672000.0,11.630000114440918,0.0030770054535178455,0
2017-09-07,2.157771642009175e-05,0.004645182065333042,0.07339999999999947,352868000.0,11.550000190734863,0.003774284850613756,1
2017-09-08,0.0003067225996891433,-0.017513497642936526,0.09999999999999964,498856000.0,12.119999885559082,0.002830622979768283,0
2017-09-11,0.0010199424631821546,0.031936538058815245,0.10280000000000022,567444000.0,10.729999542236328,0.005117710827324547,1
2017-09-12,1.306649454748981e-05,0.0036147606487137995,0.07580000000000009,411488000.0,10.579999923706055,0.0037576852717981354,0
2017-09-13,1.9988106939825273e-05,0.0044708060727149945,0.1064999999999996,580960000.0,10.5,0.0039240086834824986,1
2017-09-14,3.2735555687988894e-05,-0.005721499426547982,0.11899999999999977,513712000.0,10.4399995803833,0.004836939384115405,1
2017-09-15,0.003759663799691068,0.06131609739449395,0.18659999999999943,1364792000.0,10.170000076293945,0.008069732306270574,1
2017-09-18,0.0016384086322838252,0.04047726068157065,0.15850000000000009,1684460000.0,10.149999618530273,0.007057464524563764,0
2017-09-19,1.1383607597500714e-06,-0.0010669399044698213,0.13070000000000004,874280000.0,10.180000305175781,0.0037543215086180957,0
2017-09-20,6.566042290789636e-05,-0.008103111927395323,0.13020000000000032,724920000.0,9.779999732971191,0.007255319788608448,1
2017-09-21,0.0007681713300513767,-0.027715903919074636,0.1272000000000002,1075600000.0,9.670000076293945,0.006866219977000741,0
2017-09-22,9.573406659049068e-05,-0.00978437870232396,0.09280000000000044,491232000.0,9.59000015258789,0.0038374830343652043,0
2017-09-25,0.002090524084534938,-0.0457222493380951,0.19100000000000072,874580000.0,10.210000038146973,0.0064318497354170215,1
2017-09-26,3.134135617652213e-05,0.005598335125420961,0.20819999999999972,1125620000.0,10.170000076293945,0.005922889514484679,0
2017-09-27,0.00046982528087195725,0.02167545341790933,0.08799999999999919,713720000.0,9.869999885559082,0.002977527439455468,0
2017-09-28,7.463098662019339e-08,-0.000273186724824237,0.06049999999999933,435244000.0,9.550000190734863,0.0024842160318735247,0
2017-09-29,0.00030440104028666017,0.017447092602684844,0.06200000000000028,619092000.0,9.510000228881836,0.004105289537040196,1
2017-10-02,1.6244902362046785e-06,0.0012745549169042025,0.12450000000000028,503480000.0,9.449999809265137,0.004422523107519412,1
2017-10-03,4.217911741744703e-06,0.0020537555214155123,0.07500000000000018,390332000.0,9.510000228881836,0.003363638098372213,0
2017-10-04,6.972312477920431e-05,0.00835003741184459,0.09079999999999977,427848000.0,9.630000114440918,0.0027358687477237608,0
2017-10-05,3.058422536211454e-07,-0.000553030065747917,0.06099999999999994,437364000.0,9.1899995803833,0.0029120955615396693,1
2017-10-06,8.506258375861718e-06,0.002916549052538242,0.07100000000000062,318800000.0,9.649999618530273,0.0021922905282923196,0
2017-10-09,0.0004971922575302924,0.022297808357107485,0.11739999999999995,563492000.0,10.329999923706055,0.0037875938832824087,1
2017-10-10,0.0003577796453669299,0.018915063979985103,0.14230000000000054,974876000.0,10.079999923706055,0.0065061117434940495,1
2017-10-11,0.00011221699793530461,0.010593252471989167,0.08150000000000013,529508000.0,9.850000381469727,0.004113767343943021,0
2017-10-12,2.3204520872867613e-07,0.0004817107106227514,0.07889999999999997,528292000.0,9.90999984741211,0.002605188422228247,0
2017-10-13,0.0003409231977198483,0.018464105657189256,0.08370000000000033,628728000.0,9.609999656677246,0.005361989652083106,1
2017-10-16,0.00028962860794717535,0.017018478426321648,0.12029999999999941,576640000.0,9.90999984741211,0.0042822772818944576,0
2017-10-17,8.277669505179806e-07,-0.000909816987376022,0.06369999999999987,478596000.0,10.3100004196167,0.0023907176035607076,0
2017-10-18,7.571693069022181e-07,-0.0008701547603169324,0.12049999999999983,567316000.0,10.069999694824219,0.004354493790289721,1
2017-10-19,1.238443073345187e-06,0.0011128535722839672,0.1387999999999998,570772000.0,10.050000190734863,0.006067396010844807,1
2017-10-20,2.0797554104970567e-05,-0.004560433543531861,0.07629999999999981,451620000.0,9.970000267028809,0.003166092003335181,0
2017-10-23,2.025081851019296e-06,-0.0014230537063018023,0.0763000000000007,428696000.0,11.069999694824219,0.00475614197360662,1
2017-10-24,0.0001086297215246412,0.01042255830037142,0.07029999999999959,407244000.0,11.15999984741211,0.0028205887298980306,0
2017-10-25,0.0006549221112251026,-0.025591446055764466,0.2012999999999998,828160000.0,11.229999542236328,0.005898184950634288,1
2017-10-26,0.00010895081036511008,0.010437950486810621,0.05879999999999974,322744000.0,11.300000190734863,0.0021941269750977398,0
2017-10-27,0.0009630094240276466,0.031032393140517645,0.1280000000000001,572192000.0,9.800000190734863,0.004745123240130207,1
2017-10-30,9.527681983600437e-05,0.009760984573085052,0.12180000000000035,504056000.0,10.5,0.004877485202698156,1
2017-10-31,0.00020896015675788947,0.014455454221776964,0.07480000000000064,411908000.0,10.180000305175781,0.0025873880680489496,0
2017-11-01,3.5860382576977894e-06,0.0018936837797525197,0.13419999999999987,502576000.0,10.199999809265137,0.0038710446821135615,1
2017-11-02,3.72056832372268e-05,-0.006099646156723093,0.1039999999999992,342308000.0,9.930000305175781,0.0026832859870068006,0
2017-11-03,0.00017570693877799761,0.013255449399322439,0.08370000000000033,353640000.0,9.140000343322754,0.004228808635642257,1
2017-11-06,2.036986715516169e-05,0.004513298921538622,0.08199999999999985,389944000.0,9.399999618530273,0.00528543445767973,1
2017-11-07,0.00012958621527023347,0.011383594127964747,0.07099999999999973,427700000.0,9.890000343322754,0.0023473064399133162,0
2017-11-08,0.0001859867892147831,-0.013637697357500755,0.11899999999999977,522988000.0,9.779999732971191,0.0054054001684746755,1
2017-11-09,0.0003433524365794384,-0.01852977162782743,0.14900000000000002,978564000.0,10.5,0.006335309056638193,1
2017-11-10,0.002637501204053667,0.051356608182917096,0.17600000000000016,1253256000.0,11.289999961853027,0.007209560438072252,1
2017-11-13,0.0002677600050706402,-0.016363373890204924,0.12899999999999956,582376000.0,11.5,0.0027970687330674347,0
2017-11-14,5.261777384838671e-05,0.007253810987914333,0.08919999999999995,529292000.0,11.59000015258789,0.003791982550614596,1
2017-11-15,0.00039221801768697494,-0.01980449488593372,0.10499999999999954,501948000.0,13.130000114440918,0.005298658839546955,1
2017-11-16,5.964810192954198e-05,0.007723218366040285,0.07380000000000031,441768000.0,11.760000228881836,0.0026275126784686942,0
2017-11-17,1.3751447942834537e-06,-0.0011726656788204615,0.11500000000000021,515664000.0,11.430000305175781,0.003503575657239147,1
2017-11-20,0.00016350573650948647,0.012786936165848584,0.10170000000000012,396100000.0,10.649999618530273,0.0027583228217836265,0
2017-11-21,8.407684209576711e-05,0.009169342511639922,0.052999999999999936,399176000.0,9.729999542236328,0.0019034263477290805,0
2017-11-22,2.7013179026201077e-05,-0.005197420420381738,0.08469999999999978,356640000.0,9.880000114440918,0.003139493858697553,1
2017-11-24,8.819662314357737e-05,0.00939130572090896,0.05999999999999961,180752000.0,9.670000076293945,0.0017950041622115537,0
2017-11-27,0.0001711648372412149,-0.013082998021906711,0.0838000000000001,422896000.0,9.869999885559082,0.0026000857709922894,1
2017-11-28,0.0002604264756955026,-0.016137734527978287,0.16219999999999946,512752000.0,10.029999732971191,0.005056297607345236,1
2017-11-29,0.004933242978130795,-0.07023704847251766,0.47219999999999995,1396788000.0,10.699999809265137,0.013925477189469517,1
2017-11-30,0.0004672437182695093,0.021615821017706205,0.1507000000000005,823768000.0,11.279999732971191,0.0049192845893600585,0
2017-12-01,0.00023169354675834912,-0.01522148306697968,0.19150000000000045,811548000.0,11.430000305175781,0.005360826753502721,1
2017-12-04,0.0032902592591955394,-0.057360781542753925,0.39500000000000046,1240844000.0,11.680000305175781,0.015339085592524077,1
2017-12-05,3.328420830752234e-05,0.005769246771245129,0.30299999999999994,981488000.0,11.329999923706055,0.008677491301040365,0
2017-12-06,6.502332496128277e-05,0.008063704171240582,0.1324999999999994,467032000.0,11.020000457763672,0.00509853787075525,0
2017-12-07,0.00020540546190947083,0.014331973412948784,0.08699999999999974,542600000.0,10.15999984741211,0.003619307778874796,0
2017-12-08,6.909333041817204e-06,-0.002628561021132514,0.0907,466876000.0,9.579999923706055,0.002892863752403244,0
2017-12-11,0.0002699220143640546,0.016429303526444894,0.08400000000000052,372748000.0,9.34000015258789,0.0030473118423179563,1
2017-12-12,0.0003927953910031984,-0.019819066350441394,0.09879999999999978,455016000.0,9.920000076293945,0.00333098592942286,1
2017-12-13,0.000611149247574139,-0.024721432959562417,0.1667999999999994,554280000.0,10.180000305175781,0.004365981721827896,1
2017-12-14,2.455946823599633e-06,0.0015671460760247058,0.11850000000000005,438164000.0,10.489999771118164,0.002301221437593934,0
2017-12-15,0.0007246854152688915,0.026919981710040064,0.1689999999999996,670036000.0,9.420000076293945,0.005916795574422579,1
2017-12-18,0.0010602042075772736,0.03256077713411143,0.15050000000000008,477704000.0,9.529999732971191,0.004091017673640723,0
2017-12-19,8.237246923744899e-05,-0.009075928009710577,0.06920000000000037,373100000.0,10.029999732971191,0.002736475591875769,0
2017-12-20,1.2264424379084975e-05,0.0035020600193436113,0.08800000000000008,288820000.0,9.720000267028809,0.003809220123159721,1
2017-12-21,2.1575256599294583e-05,-0.004644917286593442,0.0600000000000005,300904000.0,9.619999885559082,0.0031895233110226253,0
2017-12-22,9.920036241202832e-06,-0.0031496089028961727,0.11000000000000032,466276000.0,9.899999618530273,0.00534305189595337,1
2017-12-26,0.00012190991457124463,0.011041282288359655,0.14830000000000076,355080000.0,10.25,0.005158966573861274,0
2017-12-27,1.9004925250782078e-06,-0.0013785835212558606,0.09140000000000015,329488000.0,10.470000267028809,0.004809360637596741,0
2017-12-28,1.3829049790119676e-06,0.0011759698036140076,0.05569999999999986,240248000.0,10.180000305175781,0.0022184310469063155,0
2017-12-29,0.00039818664102271296,-0.019954614529544612,0.12399999999999967,279964000.0,11.039999961853027,0.003213108167596566,1
2018-01-02,0.0008877178264507378,0.02979459391317052,0.125,355616000.0,9.770000457763672,0.00523465825269561,1
2018-01-03,0.00406254648712147,0.06373810859385043,0.24870000000000037,914704000.0,9.149999618530273,0.006169863038289339,1
2018-01-04,2.7640656682053173e-05,0.005257438224273603,0.13399999999999945,583268000.0,9.220000267028809,0.004798205533175943,0
2018-01-05,7.10499210361016e-05,0.008429111521156996,0.14579999999999949,580124000.0,9.220000267028809,0.0038581845264084626,0
2018-01-08,0.0009108696515543434,0.030180617149991207,0.16049999999999986,881216000.0,9.520000457763672,0.004698769150008894,1
2018-01-09,7.306576605148954e-08,-0.00027030679986173034,0.12950000000000017,497000000.0,10.079999923706055,0.005134409059289203,1
2018-01-10,6.0986478038183035e-05,0.0078093839730277725,0.1955,582664000.0,9.819999694824219,0.005792114886522616,1
2018-01-11,3.192196501146484e-06,0.0017866719064076886,0.07649999999999935,406032000.0,9.880000114440918,0.002021512804134922,0
2018-01-12,2.4216729287974567e-05,-0.004921049612427675,0.09129999999999949,359916000.0,10.15999984741211,0.0038513014999826166,1
2018-01-16,0.00016758787637118373,-0.012945573620785744,0.27059999999999995,702348000.0,11.65999984741211,0.007704532119838503,1
2018-01-17,0.00042926349696075026,0.020718675077348703,0.2054999999999998,538408000.0,11.90999984741211,0.006409554880452017,0
2018-01-18,1.554440203587287e-06,-0.001246771913217204,0.0990000000000002,408632000.0,12.220000267028809,0.0032830472729856743,0
2018-01-19,0.0006228885881081585,0.024957736037312328,0.1023000000000005,609380000.0,11.270000457763672,0.005763419988217136,1
2018-01-22,0.00023779938944665913,0.015420745424481241,0.14150000000000063,550944000.0,11.029999732971191,0.004373696783256121,0
2018-01-23,0.0004887809502898833,0.022108390947553902,0.11829999999999963,475228000.0,11.100000381469727,0.003133490686756371,0
2018-01-24,0.00017190606152911204,-0.013111295188848127,0.17349999999999977,579972000.0,11.470000267028809,0.004378272506759018,1
2018-01-25,5.467324802465599e-06,0.002338231126827628,0.10000000000000053,409884000.0,11.579999923706055,0.0039966882710493245,0
2018-01-26,0.0008470746431040115,0.02910454677716201,0.14349999999999952,516356000.0,11.079999923706055,0.003890545023068947,0
2018-01-29,0.00020627281041423907,0.014362200751077081,0.1875,455116000.0,13.84000015258789,0.004439947782944093,1
2018-01-30,0.0002849496313015093,-0.016880451158115095,0.20029999999999948,570832000.0,14.789999961853027,0.007043357778618061,1
2018-01-31,0.00015900406833120546,0.012609681531712269,0.1205999999999996,478576000.0,13.539999961853027,0.004266266556580153,0
2018-02-01,0.00047515749433599437,-0.021798107586118443,0.22100000000000009,519224000.0,13.470000267028809,0.00808984274112572,1
2018-02-02,0.0008674416862812108,-0.02945236299995657,0.16999999999999993,718464000.0,17.309999465942383,0.007349676359932104,0
2018-02-05,0.007866725722310076,-0.0886945642207575,0.7058,1165204000.0,37.31999969482422,0.013008979518652809,1
2018-02-06,0.002926994038830588,0.05410170088666888,0.5425000000000004,1114800000.0,29.979999542236328,0.01803761037347665,1
2018-02-07,0.0002008851625031426,0.014173396293871932,0.20669999999999966,802932000.0,27.729999542236328,0.008688769550572234,0
2018-02-08,0.002556056678881709,-0.05055745918142751,0.4426999999999994,1144000000.0,33.459999084472656,0.029326963561047262,1
2018-02-09,0.004197917672770199,0.06479133948893323,0.5342000000000002,1674604000.0,29.059999465942383,0.016361940745642733,0
2018-02-12,0.0003096251926783726,-0.01759616982977752,0.26119999999999965,1093172000.0,25.610000610351562,0.008551185273801016,0
2018-02-13,0.00039887422821975783,0.019971835875045585,0.2311999999999994,625524000.0,24.969999313354492,0.006534039011933123,0
2018-02-14,0.0013749523127062025,0.03708034941456462,0.30100000000000016,744988000.0,19.260000228881836,0.006684570981243607,1
2018-02-15,0.0004336322377864119,0.020823838209763634,0.17129999999999956,698900000.0,19.1299991607666,0.008743856951300701,1
2018-02-16,0.00011771644544070439,-0.010849720984463351,0.1631999999999998,637656000.0,19.459999084472656,0.00338841575050381,0
2018-02-20,0.00045206658460417214,0.021261857505969983,0.18179999999999996,686240000.0,20.600000381469727,0.005730073446902834,1
2018-02-21,0.0009520290937932941,-0.03085496870510962,0.26529999999999987,892292000.0,20.020000457763672,0.006826602885446698,1
2018-02-22,7.003786837745946e-06,0.002646466859370422,0.15329999999999977,534364000.0,18.719999313354492,0.003922155415971833,0
2018-02-23,0.00023992296210215044,0.015489446797808837,0.08530000000000015,415300000.0,16.489999771118164,0.0022343475221469856,0
2018-02-26,6.924315872936698e-06,0.0026314094840858004,0.09799999999999986,469312000.0,15.800000190734863,0.0027245078641451544,1
2018-02-27,4.456641068743174e-06,-0.0021110758083837666,0.09450000000000003,455436000.0,18.59000015258789,0.00290796673806054,1
2018-02-28,0.00027681247815012597,-0.0166376824753367,0.16420000000000012,523116000.0,19.850000381469727,0.004709827193906207,1
2018-03-01,0.0017046146053581982,-0.04128697864167585,0.3992999999999993,1040120000.0,22.469999313354492,0.009476641910287608,1
2018-03-02,0.0003410145513371898,0.018466579307960362,0.37370000000000037,913428000.0,19.59000015258789,0.0069165140131557295,0
2018-03-05,1.4274497915440052e-05,-0.0037781606524127653,0.19319999999999915,620776000.0,18.729999542236328,0.006041439101984843,0
2018-03-06,0.0007430802608106455,0.027259498542905103,0.13949999999999996,636808000.0,18.360000610351562,0.0071734234791063865,1
2018-03-07,1.7485149552849089e-06,-0.0013223142422604806,0.14999999999999947,581208000.0,17.760000228881836,0.005333045747224337,0
2018-03-08,7.468238448546093e-06,-0.0027328077957562424,0.08900000000000041,411912000.0,16.540000915527344,0.0034470379347917917,0
2018-03-09,0.00029078939392621615,0.01705254801858702,0.08499999999999996,505524000.0,14.640000343322754,0.0031301148460985266,0
2018-03-12,0.00032056632447915995,0.01790436607308843,0.1581999999999999,605060000.0,15.779999732971191,0.004861962601801129,1
2018-03-13,6.779341627081947e-05,-0.008233675744818925,0.21150000000000002,619772000.0,16.350000381469727,0.0038411060030149055,0
2018-03-14,1.7151137664272152e-05,0.0041413932032918765,0.10829999999999984,505496000.0,17.229999542236328,0.006141583869125608,1
2018-03-15,5.804498530218478e-06,0.002409252691234043,0.12450000000000028,401952000.0,16.59000015258789,0.0037804734328584,0
2018-03-16,2.0808651646884238e-05,0.004561650101321257,0.06920000000000037,399456000.0,15.800000190734863,0.0027761933924722103,0
2018-03-19,0.0014885817991762333,-0.038582143527495116,0.30879999999999974,713772000.0,19.020000457763672,0.007164929501548266,1
2018-03-20,0.0012237803149832214,0.034982571589053046,0.2508000000000008,554696000.0,18.200000762939453,0.005120158702201801,0
2018-03-21,1.67709906159606e-05,-0.004095239994916122,0.1166999999999998,438688000.0,17.860000610351562,0.002434779736923487,0
2018-03-22,0.0007484763743267923,-0.027358296261404735,0.18850000000000033,551196000.0,23.34000015258789,0.006455853522492556,1
2018-03-23,0.0014006204263581816,-0.037424863745352255,0.24950000000000028,735620000.0,24.8700008392334,0.011856460295998943,1
2018-03-26,0.002326364496589965,0.04823240090012071,0.21579999999999977,611424000.0,21.030000686645508,0.00747806842231673,0
2018-03-27,0.006516470598483763,-0.08072465917229854,0.7538,1409000000.0,22.5,0.013876673308014472,1
2018-03-28,0.0003479960488644993,-0.018654652204329603,0.3098000000000001,945904000.0,22.8700008392334,0.010818312368404547,0
2018-03-29,0.0020451204694252145,0.04522300818637803,0.3700000000000001,916628000.0,19.969999313354492,0.0100568192950139,0
2018-04-02,0.0021696251173319884,-0.04657923482982507,0.42879999999999985,922092000.0,23.6200008392334,0.010764604667957966,1
2018-04-03,0.0003711655096795996,0.019265656222397398,0.22499999999999964,667432000.0,21.100000381469727,0.007210557807382499,0
2018-04-04,1.546658963743309e-05,0.003932758527730007,0.31650000000000045,789168000.0,20.059999465942383,0.01019245414953529,1
2018-04-05,0.00047157165909525716,-0.021715700750730038,0.26590000000000025,701240000.0,18.940000534057617,0.008097582521905402,0
2018-04-06,0.001072330604041886,-0.03274645941230725,0.2131999999999996,662988000.0,21.489999771118164,0.007600949442266349,0
2018-04-09,2.9156562371770313e-05,0.005399681691708347,0.18429999999999946,499524000.0,21.770000457763672,0.00984906989825856,1
2018-04-10,0.0031838579617611963,0.05642568530165315,0.1647999999999996,761676000.0,20.469999313354492,0.006778667594545925,0
2018-04-11,5.421681482613309e-05,-0.007363206830324209,0.1014999999999997,460244000.0,20.239999771118164,0.0033227713976424766,0
2018-04-12,0.0013166413936117815,0.036285553511167246,0.17769999999999975,593920000.0,18.489999771118164,0.004362143787395084,1
2018-04-13,0.00017694487189080167,-0.013302062693086425,0.19899999999999984,503036000.0,17.40999984741211,0.007007308220160561,1
2018-04-16,2.6870949571552872e-09,-5.183719665602382e-05,0.12899999999999956,350792000.0,16.559999465942383,0.006200080517789654,0
2018-04-17,0.0006660525551537126,0.0258079940164615,0.1761999999999997,447224000.0,15.25,0.004895393316632831,0
2018-04-18,2.4464080963469607e-05,-0.004946117766841951,0.16199999999999992,391364000.0,15.600000381469727,0.0040428446062591265,0
2018-04-19,0.000991824908270084,-0.03149325178939266,0.15749999999999975,471996000.0,15.960000038146973,0.007255576684456089,1
2018-04-20,2.0537488177093713e-06,-0.0014330906522999065,0.11629999999999985,386200000.0,16.8799991607666,0.004399771701359467,0
2018-04-23,0.00045596667148305794,-0.02135337611440069,0.21669999999999945,427508000.0,16.34000015258789,0.004474179506200546,1
2018-04-24,0.0001450320275014714,-0.012042924374979336,0.25599999999999934,414596000.0,18.020000457763672,0.006558087089246947,1
2018-04-25,0.00043006319776454325,-0.020737965130758207,0.28200000000000003,588492000.0,17.84000015258789,0.011112697400777666,1
2018-04-26,0.0015014383283051952,0.038748397751458,0.1255999999999995,375824000.0,16.239999771118164,0.005566897890087679,0
2018-04-27,2.4258044103635837e-05,0.004925245588154548,0.14200000000000035,400848000.0,15.40999984741211,0.004231383301093975,0
2018-04-30,4.0285537399954626e-05,-0.006347088891764052,0.12199999999999989,327844000.0,15.930000305175781,0.004284673844469443,1
2018-05-01,9.82221429368917e-05,0.00991070849823017,0.12619999999999987,253788000.0,15.489999771118164,0.003475372957134045,0
2018-05-02,1.3337025661200488e-05,-0.0036519892745188187,0.08869999999999933,268248000.0,15.970000267028809,0.0025818844637019622,0
2018-05-03,0.0008462013387682964,0.029089540023319316,0.20690000000000008,443144000.0,15.899999618530273,0.007418906918719532,1
2018-05-04,0.0006610271485749318,0.025710448237534322,0.2016,400660000.0,14.770000457763672,0.0035095248989218753,0
2018-05-07,0.0015564889424412448,0.03945236295130172,0.20249999999999968,687616000.0,14.75,0.005738245966606504,1
2018-05-08,4.7509448728988614e-05,0.006892709824806831,0.09500000000000064,506616000.0,14.710000038146973,0.0050036233450911445,0
2018-05-09,0.0004519051480934596,0.021258060779230536,0.14400000000000013,596760000.0,13.420000076293945,0.0027985106874044534,0
2018-05-10,0.00028464732618806415,0.01687149448590919,0.08250000000000046,994080000.0,13.229999542236328,0.006065340551358676,1
2018-05-11,0.0004736120499796208,-0.02176262966600362,0.23130000000000006,1214456000.0,12.649999618530273,0.0060661764787437325,1
2018-05-14,1.0547876401404628e-05,0.0032477494363643,0.10229999999999961,523140000.0,12.930000305175781,0.0024900594399020317,0
2018-05-15,0.0015313915091563345,-0.039132997702148176,0.28500000000000014,963528000.0,14.630000114440918,0.006855963675589257,1
2018-05-16,3.3223780800151355e-06,0.001822739169496046,0.1501999999999999,553828000.0,13.420000076293945,0.004744327249132424,0
2018-05-17,4.764761647767947e-05,0.006902725293511214,0.15169999999999995,519784000.0,13.430000305175781,0.006010617311027855,1
2018-05-18,5.15405863889753e-05,-0.007179177278001658,0.16579999999999995,483716000.0,13.420000076293945,0.003009750616732576,0
2018-05-21,4.8111637832030926e-05,-0.006936255317679052,0.23850000000000016,640624000.0,13.079999923706055,0.0065482912418223915,1
2018-05-22,4.000860658549446e-05,-0.006325235694066622,0.13869999999999916,518264000.0,13.220000267028809,0.004649127350311964,0
2018-05-23,0.00038990737440936705,0.01974607237932058,0.18349999999999955,442956000.0,12.579999923706055,0.006220606945901183,1
2018-05-24,3.768163996799669e-07,0.0006138537282447398,0.10400000000000009,437372000.0,12.529999732971191,0.003214109567045038,0
2018-05-25,4.084135122806197e-05,0.006390723842262469,0.07950000000000035,292112000.0,13.220000267028809,0.0026898566463246,0
2018-05-29,7.63839328691506e-06,-0.002763764332738061,0.11599999999999966,352684000.0,17.020000457763672,0.004651178092434905,1
2018-05-30,0.0003078224396164127,0.017544869324574996,0.10970000000000013,390996000.0,14.9399995803833,0.0027332749564055103,0
2018-05-31,1.0030937323274409e-05,-0.0031671655029812396,0.09820000000000029,493868000.0,15.430000305175781,0.0030352414673314354,1
2018-06-01,0.0004534739924566424,0.021294928796702806,0.10549999999999926,421968000.0,13.460000038146973,0.0022700123873594714,0
2018-06-04,0.0007664895923292011,0.027685548438295404,0.2010000000000005,642024000.0,12.739999771118164,0.0031254402181873013,1
2018-06-05,6.894110260421991e-07,0.0008303077899443068,0.08549999999999969,391712000.0,12.399999618530273,0.002201465739149992,0
2018-06-06,9.105865024428462e-08,0.0003017592587548634,0.11280000000000001,371356000.0,11.640000343322754,0.0032153706957934493,1
2018-06-07,7.275262134336279e-05,-0.008529514719101128,0.15579999999999927,369448000.0,12.130000114440918,0.003798663081850356,1
2018-06-08,5.574775928728617e-06,-0.0023610963404165908,0.11999999999999922,360456000.0,12.180000305175781,0.004374235645418542,1
2018-06-11,4.031269211544642e-05,-0.006349227678658753,0.08369999999999944,265372000.0,12.350000381469727,0.002018290673258382,0
2018-06-12,5.613590475337287e-05,0.007492389789204301,0.08530000000000015,319160000.0,12.34000015258789,0.003433532313024759,1
2018-06-13,4.702399456073486e-07,-0.0006857404360305352,0.09100000000000019,338208000.0,12.9399995803833,0.002618831887230652,0
2018-06-14,0.00029066700261772525,0.017048958989267504,0.13950000000000085,430016000.0,12.119999885559082,0.004330760584029192,1
2018-06-15,3.854595642753254e-05,-0.00620853899299445,0.10320000000000018,432260000.0,11.979999542236328,0.002237165106271975,0
2018-06-18,4.2072182797708806e-07,-0.0006486307331425856,0.08549999999999969,356268000.0,12.3100004196167,0.002895774143147744,1
2018-06-19,0.0003503970515893253,-0.018718895576110395,0.21550000000000047,594932000.0,13.350000381469727,0.004674527540502315,1
2018-06-20,6.71036902228658e-05,0.008191684211617645,0.10420000000000051,369780000.0,12.789999961853027,0.0033795285093980664,0
2018-06-21,0.0004009144156091494,-0.020022847340204875,0.18850000000000033,359516000.0,14.640000343322754,0.004296961517986152,1
2018-06-22,0.000588067439449197,-0.02425010184409948,0.2040999999999995,434160000.0,13.770000457763672,0.006687130224592438,1
2018-06-25,0.0023325198249949733,-0.0482961678085847,0.2815000000000003,665816000.0,17.329999923706055,0.00791523978854075,1
2018-06-26,0.0001425432975490617,0.01193914978334143,0.14340000000000064,478884000.0,15.920000076293945,0.0046205824893602,0
2018-06-27,0.0006895880090946937,-0.026260007789311368,0.2732999999999999,453892000.0,17.90999984741211,0.007266541461446417,1
2018-06-28,0.00046531631837401206,0.02157119186262113,0.15829999999999966,338012000.0,16.850000381469727,0.007570515161869213,1
2018-06-29,0.0002748214856419922,-0.016577740667593766,0.17870000000000008,392300000.0,16.09000015258789,0.005360069671945045,0
2018-07-02,0.0004968823987180827,0.022290859084344028,0.22829999999999995,357572000.0,15.600000381469727,0.006267127383110234,1
2018-07-03,0.0005082392666818417,-0.02254416258550851,0.18450000000000077,222732000.0,16.139999389648438,0.005111622073241383,0
2018-07-05,0.0006030299031141413,0.024556667182542125,0.1357999999999997,306216000.0,14.970000267028809,0.003503998375742384,0
2018-07-06,0.00035306743722624207,0.018790088803043004,0.1697999999999995,296352000.0,13.369999885559082,0.004419291363657632,1
2018-07-09,5.954932771002875e-05,0.007716821088377568,0.11620000000000008,303880000.0,12.6899995803833,0.0033938053112908956,0
2018-07-10,0.00025397699473206635,0.01593665569472047,0.15050000000000008,360016000.0,12.640000343322754,0.0036552617118593726,1
2018-07-11,0.0005226405698210053,-0.022861333509246684,0.09499999999999975,367508000.0,13.630000114440918,0.002254405307861609,0
2018-07-12,0.00022061482001738513,0.014853108092833134,0.10519999999999996,345508000.0,12.579999923706055,0.0036926059655518206,1
2018-07-13,5.836353514653332e-05,-0.007639603075195289,0.10899999999999999,246988000.0,12.180000305175781,0.004170655679899701,1
2018-07-16,2.0271058003002754e-05,-0.004502339170142866,0.06599999999999984,197036000.0,12.829999923706055,0.004178671401833788,1
2018-07-17,0.00047830970520985335,0.02187029275546748,0.22799999999999976,362136000.0,12.0600004196167,0.004485114267116688,1
2018-07-18,6.189383316430605e-05,-0.007867263384704115,0.10780000000000012,277640000.0,12.100000381469727,0.003106199670768742,0
2018-07-19,1.7375495696050922e-06,0.0013181614353352522,0.0766,235752000.0,12.869999885559082,0.0030596964555005273,0
2018-07-20,2.0697396742097005e-05,-0.004549439167864211,0.07620000000000005,222352000.0,12.859999656677246,0.002073463489292437,0
2018-07-23,3.481562697681514e-05,-0.00590047684317252,0.16520000000000046,301584000.0,12.619999885559082,0.00709840585019837,1
2018-07-24,7.899174526575524e-06,-0.0028105470155426193,0.1711999999999998,354620000.0,12.40999984741211,0.0038241397567390376,0
2018-07-25,0.0001594012657804257,0.012625421410013438,0.14069999999999983,319112000.0,12.289999961853027,0.006168139247506323,1
2018-07-26,0.00013723830301920093,0.011714875288247883,0.14869999999999983,325124000.0,12.140000343322754,0.004581342236698841,0
2018-07-27,0.00012382009469172824,-0.011127447806740243,0.1689999999999996,295420000.0,13.029999732971191,0.005945879803219877,1
2018-07-30,0.0010122433182864015,-0.03181577153372839,0.2528000000000006,340340000.0,14.260000228881836,0.006476306225379603,1
2018-07-31,8.963681142359293e-06,0.0029939407379504512,0.1435000000000004,283988000.0,12.829999923706055,0.004767535201434177,0
2018-08-01,4.305693211476371e-05,0.0065617781214213355,0.11179999999999968,283556000.0,13.149999618530273,0.004012798640137585,0
2018-08-02,0.00027853777367831323,0.01668945096994845,0.2391999999999994,269668000.0,12.1899995803833,0.004929451692818452,1
2018-08-03,3.466838451469668e-05,0.005887986456735161,0.05320000000000036,214288000.0,11.640000343322754,0.0017440910144779494,0
2018-08-06,5.828420293648161e-05,0.00763440914128144,0.11150000000000038,207508000.0,11.270000457763672,0.002294986150115895,1
2018-08-07,0.00013062326820959073,0.011429053688280177,0.06949999999999967,258132000.0,10.930000305175781,0.002267220736240225,0
2018-08-08,3.24543422742232e-05,0.005696871270638226,0.11620000000000008,262100000.0,10.850000381469727,0.003197964085633418,1
2018-08-09,5.7964792404788944e-05,-0.007613461263104249,0.07750000000000057,204280000.0,11.270000457763672,0.002066933618137276,0
2018-08-10,4.25779870842938e-05,-0.006525181000117453,0.08499999999999996,256396000.0,13.15999984741211,0.003572650488083015,1
2018-08-13,2.702501172296599e-05,0.005198558619748939,0.1482000000000001,375208000.0,14.779999732971191,0.006639956726500396,1
2018-08-14,0.00042140398982050696,0.0205281267976527,0.12449999999999939,466220000.0,13.3100004196167,0.0036710758653117253,0
2018-08-15,8.167310097213253e-05,-0.009037317133537615,0.19350000000000023,591136000.0,14.640000343322754,0.005460570887087318,1
2018-08-16,4.032518064172026e-05,-0.0063502110706432635,0.1747999999999994,801260000.0,13.449999809265137,0.013411197577772274,1
2018-08-17,0.0025264130585111576,-0.050263436596706734,0.23099999999999987,1143188000.0,12.640000343322754,0.0077603060923878125,0
2018-08-20,0.0001503107881365327,0.012260130021191973,0.3620000000000001,854388000.0,12.489999771118164,0.008202367223349848,1
2018-08-21,0.00047830280402904105,0.021870134979671274,0.14500000000000046,673988000.0,12.859999656677246,0.003998662586081425,0
2018-08-22,0.0013554086937841404,0.03681587556726229,0.2789999999999999,749856000.0,12.25,0.006315174875057797,1
2018-08-23,0.0002304275614253798,0.015179840625822782,0.21950000000000003,720684000.0,12.40999984741211,0.005543693484910954,0
2018-08-24,0.0003984548974818985,0.019961335062612884,0.1452,531512000.0,11.989999771118164,0.0027070528463116568,0
2018-08-27,0.00018030899039013282,0.01342791831931267,0.1687000000000003,505776000.0,12.15999984741211,0.003581978310632933,1
2018-08-28,3.0519816570030516e-05,-0.005524474325221407,0.17630000000000035,475384000.0,12.5,0.004591046323838989,1
2018-08-29,0.00022127534569783093,0.014875326742556982,0.16049999999999986,420108000.0,12.25,0.0029074034804837585,0
2018-08-30,6.047202510032905e-06,-0.0024591060387939567,0.1349999999999998,346608000.0,13.529999732971191,0.0028620655344181005,0
2018-08-31,0.000105781282232043,0.01028500278230604,0.11500000000000021,306592000.0,12.859999656677246,0.0025580211113894785,0
2018-09-04,0.0001145351890754996,0.010702111430717753,0.15549999999999997,391720000.0,13.15999984741211,0.005636739217071967,1
2018-09-05,0.0003529354699056936,-0.01878657685438445,0.23170000000000002,393156000.0,13.90999984741211,0.004375132303130544,0
2018-09-06,0.0004278748981189124,-0.02068513713077369,0.16170000000000062,322796000.0,14.649999618530273,0.00498788372251784,1
2018-09-07,9.975490070736938e-06,-0.0031583999225457404,0.2433999999999994,295420000.0,14.880000114440918,0.006057713406046509,1
2018-09-10,0.00011013010953205823,0.010494289377183108,0.12329999999999952,220140000.0,14.15999984741211,0.003912177850871602,0
2018-09-11,4.959809242980164e-05,-0.007042591314977864,0.10949999999999971,243112000.0,13.220000267028809,0.005157599585937699,1
2018-09-12,0.00028920250960226004,-0.017005955121728977,0.25150000000000006,419092000.0,13.140000343322754,0.007490936825306702,1
2018-09-13,0.0001354820622639675,0.011639676209584504,0.12100000000000044,305536000.0,12.369999885559082,0.005744649129476057,0
2018-09-14,0.00034567036100691096,0.01859221237526376,0.13999999999999968,386936000.0,12.069999694824219,0.004498751325470736,0
2018-09-17,8.280201581692913e-05,-0.009099561298047787,0.10569999999999968,205528000.0,13.680000305175781,0.003514679809090491,0
2018-09-18,0.00011390608215588964,-0.010672679239810856,0.1872000000000007,299520000.0,12.789999961853027,0.0047161653917728264,1
2018-09-19,1.2502696911503222e-05,0.003535915286245306,0.11129999999999995,224860000.0,11.75,0.0030324500887640763,0
2018-09-20,0.0004485986459321613,-0.021180147448310205,0.11650000000000027,430584000.0,11.800000190734863,0.0039715518617014205,1
2018-09-21,0.00011432702597749413,-0.010692381679377805,0.16219999999999946,435128000.0,11.680000305175781,0.004197221446703328,1
2018-09-24,7.245155148322427e-05,0.008511847712642906,0.17900000000000027,293912000.0,12.199999809265137,0.002729281237348545,0
2018-09-25,0.00010312932031748878,0.010155260721295578,0.11270000000000024,280388000.0,12.420000076293945,0.005005140613664602,1
2018-09-26,3.107087455081812e-05,-0.005574125451657697,0.0990000000000002,268548000.0,12.890000343322754,0.002637695751369169,0
2018-09-27,3.2280469215447194e-06,0.0017966766324368777,0.07680000000000042,214428000.0,12.40999984741211,0.001450510719276845,0
2018-09-28,0.0024681199380996704,0.04968017651035139,0.258,709396000.0,12.119999885559082,0.007645888214234616,1
2018-10-01,0.0008553136863329842,0.02924574646564837,0.2364999999999995,622060000.0,12.0,0.004372036364199571,0
2018-10-02,0.0001000572472640823,-0.010002861953665176,0.1795,383964000.0,12.050000190734863,0.0045846064526311615,1
2018-10-03,7.487535959652568e-07,0.0008653054928551285,0.1772999999999998,320552000.0,11.609999656677246,0.005884323715044156,1
2018-10-04,0.000691191636901225,-0.026290523709147084,0.2517000000000005,391220000.0,14.220000267028809,0.004975835455480783,0
2018-10-05,0.001179249437085625,-0.03434020147124395,0.33149999999999924,426636000.0,14.819999694824219,0.005755413065893797,1
2018-10-08,0.0002334649000932862,-0.015279558242740077,0.27700000000000014,408612000.0,15.6899995803833,0.006870705415537942,1
2018-10-09,7.366090125538128e-07,-0.0008582592921453358,0.14900000000000002,273500000.0,15.949999809265137,0.0039724262473943795,0
2018-10-10,0.006035234155854499,-0.07768676950327191,0.4378000000000002,684940000.0,22.959999084472656,0.012157650242007895,1
2018-10-11,0.0019299907844690827,-0.043931660388256244,0.33250000000000046,725436000.0,24.979999542236328,0.01182712619843492,0
2018-10-12,0.002244598468403699,0.047377193547145646,0.2472000000000003,608236000.0,21.309999465942383,0.006177232326330147,0
2018-10-15,0.0021458224296426816,-0.04632302267385713,0.2665000000000006,449760000.0,21.299999237060547,0.007237559080612147,1
2018-10-16,0.001887654526203967,0.04344714635282698,0.2084999999999999,408712000.0,17.6200008392334,0.005566548199051199,0
2018-10-17,0.00012859671948018585,-0.01134004935968913,0.21999999999999975,329668000.0,17.399999618530273,0.004328963440798603,0
2018-10-18,0.00021378261329735063,-0.014621306825908231,0.25790000000000024,524020000.0,20.059999465942383,0.005604001940183766,1
2018-10-19,0.001954896037647953,-0.04421420628766226,0.37129999999999974,613608000.0,19.889999389648438,0.006865017125227823,1
2018-10-22,7.915349362318006e-05,0.00889682491809185,0.20619999999999994,368844000.0,19.639999389648438,0.01035456762783538,1
2018-10-23,0.0020191973955763234,-0.04493548036436601,0.18700000000000028,626436000.0,20.709999084472656,0.009881354453781141,0
2018-10-24,0.010621594790442883,-0.10306112162422298,0.5634999999999994,884288000.0,25.229999542236328,0.015758635580095083,1
2018-10-25,0.0017135887998548946,0.04139551666370278,0.4018000000000006,951720000.0,24.219999313354492,0.016204782229126614,1
2018-10-26,0.0022135174656051546,-0.04704803359977072,0.29300000000000015,664784000.0,24.15999984741211,0.01564515458198902,0
2018-10-29,0.00435850125145268,-0.06601894615527182,0.7030000000000003,758016000.0,24.700000762939453,0.011904872543697419,0
2018-10-30,0.00801103867095451,0.08950440587454067,0.4444999999999997,807192000.0,23.350000381469727,0.017940914519782247,1
2018-10-31,0.0014330486288989142,0.03785562876110915,0.2145999999999999,745772000.0,21.229999542236328,0.0074294341276199905,0
2018-11-01,0.0011524045476690454,0.03394708452384454,0.28249999999999975,566528000.0,19.34000015258789,0.009684459797371045,1
2018-11-02,0.00021735093221014195,-0.014742826466120462,0.2947999999999995,452960000.0,19.510000228881836,0.011046084414340771,1
2018-11-05,0.00021772895965881445,-0.014755641621387205,0.25120000000000076,379332000.0,19.959999084472656,0.009232488564428846,0
2018-11-06,1.1341881483446444e-05,-0.0033677709962891544,0.1322000000000001,299012000.0,19.90999984741211,0.005113806450424167,0
2018-11-07,0.00016540857485215606,0.01286112650012261,0.1557000000000004,483812000.0,16.360000610351562,0.006997328146156686,1
2018-11-08,0.0013813298907204784,-0.03716624665903834,0.1900000000000004,511352000.0,16.719999313354492,0.005454496262729744,0
2018-11-09,2.416987162228148e-06,-0.0015546662542900158,0.20699999999999985,413240000.0,17.360000610351562,0.008200520592580373,1
2018-11-12,0.0066720443308677805,-0.0816825827876897,0.3552999999999997,617116000.0,20.450000762939453,0.012153486273198847,1
2018-11-13,0.002527208842131889,0.05027135210168798,0.2742999999999993,644712000.0,20.020000457763672,0.009000706275348968,0
2018-11-14,0.00011435228427582135,-0.010693562749421792,0.3511999999999995,526580000.0,21.25,0.011334458320178658,1
2018-11-15,0.0006774847667905646,0.0260285375461351,0.2450000000000001,840708000.0,19.979999542236328,0.047642029691745795,1
2018-11-16,0.04314315333047328,-0.2077093000577328,0.22630000000000017,1963520000.0,18.139999389648438,0.00832126348982945,0
2018-11-19,0.016341653572573774,-0.12783447724527908,0.4296999999999995,1697820000.0,20.100000381469727,0.017469002741127393,1
2018-11-20,0.0008892586998611161,0.029820440973619355,0.5236999999999998,1692032000.0,22.479999542236328,0.024895905038003863,1
2018-11-21,0.0008843197514924732,-0.02973751421172377,0.2921999999999998,1025496000.0,20.799999237060547,0.011863974231382336,0
2018-11-23,3.952867749584458e-06,0.0019881820212406254,0.16999999999999993,411968000.0,21.520000457763672,0.011847617578862766,0
2018-11-26,0.0029207529102909637,0.05404399051042552,0.17280000000000006,814832000.0,18.899999618530273,0.012256722464008786,1
2018-11-27,1.9422302003579684e-05,0.00440707408646368,0.1614,738060000.0,19.020000457763672,0.008640727248435398,0
2018-11-28,0.0016353051990900282,0.04043890699672814,0.17879999999999985,804524000.0,18.489999771118164,0.00865999424570087,1
2018-11-29,0.00029198402097513213,-0.017087539933388074,0.13399999999999945,549172000.0,18.790000915527344,0.007514463119546217,0
2018-11-30,0.001433442266901355,0.037860827604548675,0.20350000000000001,729564000.0,18.06999969482422,0.0052560090207719855,0
2018-12-03,0.0015710681299972813,0.03963670180523704,0.18349999999999955,890804000.0,16.440000534057617,0.014505603158080554,1
2018-12-04,0.006252820306623004,-0.0790747766776676,0.2985000000000002,812112000.0,20.739999771118164,0.010061618542519957,0
2018-12-06,5.561030564084636e-05,0.007457231767944883,0.19209999999999994,692308000.0,21.190000534057617,0.013220468673299575,1
2018-12-07,0.004876082105347273,-0.06982894890621849,0.33130000000000015,681676000.0,23.229999542236328,0.013309567840358692,1
2018-12-10,0.0008049609707903001,0.02837183411043953,0.1802999999999999,629472000.0,22.639999389648438,0.006972479984982553,0
2018-12-11,0.0005978178296001631,-0.0244503134867462,0.2722000000000002,671912000.0,21.760000228881836,0.011268934655597761,1
2018-12-12,2.271675196478449e-05,0.004766209391621867,0.1990000000000003,654136000.0,21.459999084472656,0.006772680030231579,0
2018-12-13,6.495432859182167e-09,-8.059424830086925e-05,0.14849999999999985,471384000.0,20.649999618530273,0.005279352285275366,0
2018-12-14,0.00027304022296232466,-0.01652392879923914,0.12729999999999997,471820000.0,21.6299991607666,0.006042045263895789,1
2018-12-17,0.00039117108356614933,-0.01977804549408635,0.17280000000000006,662868000.0,24.520000457763672,0.009120335102810606,1
2018-12-18,0.0005350879918430592,0.02313196904379433,0.15200000000000014,564372000.0,25.579999923706055,0.010855463731126516,1
2018-12-19,0.00348895487429566,-0.059067375718713455,0.28269999999999973,745364000.0,25.579999923706055,0.00947552889913826,0
2018-12-20,0.0006220893719790714,-0.02494171950726476,0.22779999999999978,749588000.0,28.3799991607666,0.0106035962812994,1
2018-12-21,0.001745445884198705,-0.04177853377272478,0.22599999999999998,863740000.0,30.110000610351562,0.00740382537890472,0
2018-12-24,0.000377132585615316,-0.01941990179211306,0.137,463840000.0,36.06999969482422,0.010723066080608723,1
2018-12-26,0.002142200880271967,0.04628391599975057,0.21700000000000008,695100000.0,30.40999984741211,0.011564035561899387,1
2018-12-27,0.00021379648192626486,-0.014621781079138918,0.17999999999999972,637044000.0,29.959999084472656,0.014133750119255956,1
2018-12-28,0.0003519549573578446,0.018760462610443396,0.17700000000000005,628728000.0,28.34000015258789,0.010378727387524569,0
2018-12-31,1.2948826185704116e-06,-0.0011379290920661145,0.11129999999999995,465140000.0,25.420000076293945,0.0064844772867750245,0
2019-01-02,0.0004068187332890115,0.02016974797286797,0.2107000000000001,508752000.0,23.219999313354492,0.013354733821722524,1
2019-01-03,0.00388172160730471,-0.06230346384676144,0.18679999999999986,705552000.0,25.450000762939453,0.007031370648671315,0
2019-01-04,0.003856148299224232,0.06209789287265899,0.20069999999999988,585620000.0,21.3799991607666,0.009380100512229183,1
2019-01-07,0.0026596993760580755,0.05157227332645009,0.2113999999999998,709160000.0,21.399999618530273,0.007708763321975386,0
2019-01-08,0.0006348498113318946,-0.025196226132734534,0.24700000000000033,786016000.0,20.469999313354492,0.012988285557765699,1
2019-01-09,0.0003787516815015211,0.019461543656696945,0.11579999999999968,617260000.0,19.979999542236328,0.008314630096693074,0
2019-01-10,0.00033963607958530366,0.018429218094789146,0.15549999999999997,523156000.0,19.5,0.006494576336390497,0
2019-01-11,0.0005995489784106888,0.02448568925741501,0.16349999999999998,874764000.0,18.190000534057617,0.007617023653729015,1
2019-01-14,0.00011548039663777587,0.010746180560449181,0.14220000000000033,730168000.0,19.06999969482422,0.005063352914903428,0
2019-01-15,1.4309100235238578e-05,-0.003782737135360925,0.10559999999999992,617012000.0,18.600000381469727,0.0033123180936962394,0
2019-01-16,4.7743857193294305e-05,-0.006909692988352978,0.09200000000000008,470104000.0,19.040000915527344,0.0034085366017483016,1
2019-01-17,0.00036729007044429465,0.019164813342276377,0.1730999999999998,493436000.0,18.059999465942383,0.004475733992505788,1
2019-01-18,0.0011390884615212946,0.03375038461293878,0.1583000000000001,651336000.0,17.799999237060547,0.006708914903183049,1
2019-01-22,0.002848588400733012,-0.05337216878423634,0.2157,661552000.0,20.799999237060547,0.007332354358496585,1
2019-01-23,1.1988169315081523e-05,0.003462393581769918,0.16369999999999996,591020000.0,19.520000457763672,0.009082939356190863,1
2019-01-24,0.003102995273397923,0.05570453548318954,0.1509999999999998,708972000.0,18.889999389648438,0.011964715053365237,1
2019-01-25,0.0002114552965586723,0.014541502555055041,0.23950000000000005,1154572000.0,17.420000076293945,0.009716179753232142,0
2019-01-28,0.022144924967043362,-0.14881170977797198,0.266,2511528000.0,18.8700008392334,0.040975105223263704,1
2019-01-29,0.0022604923743583024,-0.04754463560022626,0.17730000000000024,1153932000.0,19.1299991607666,0.007219471965759903,0
2019-01-30,0.0018551226735402046,0.043071135038912134,0.16269999999999962,974228000.0,17.65999984741211,0.007510397030389356,1
2019-01-31,0.0020476927038789857,0.045251438694023705,0.22029999999999994,842852000.0,16.56999969482422,0.008056614906835124,1
2019-02-01,4.578587539170845e-05,0.006766526094807324,0.10530000000000017,625048000.0,16.139999389648438,0.006727727735698622,0
2019-02-04,0.0009179392217593573,0.030297511808057065,0.1549999999999998,528592000.0,15.729999542236328,0.005258395359352986,0
2019-02-05,2.6642242137493216e-05,0.005161612358313361,0.07830000000000004,542424000.0,15.569999694824219,0.003852000980370824,0
2019-02-06,0.00040492219030031115,0.02012267850710514,0.11319999999999997,702464000.0,15.380000114440918,0.007007168709329381,1
2019-02-07,0.0013802908415381412,-0.03715226563129281,0.1383000000000001,637120000.0,16.3700008392334,0.006535714459653072,0
2019-02-08,2.5614827947378855e-05,0.005061109359357774,0.11179999999999968,461604000.0,15.720000267028809,0.004035140538412063,0
2019-02-11,0.00013633711378149295,-0.011676348478077081,0.10200000000000031,495180000.0,15.970000267028809,0.004648731550967495,1
2019-02-12,0.0010062462341158744,0.0317213844924189,0.10949999999999971,591060000.0,15.430000305175781,0.006141656855547749,1
2019-02-13,0.00012682135515878088,0.011261498797175307,0.10060000000000002,605372000.0,15.649999618530273,0.006022158324438555,0
2019-02-14,0.00011496149327452809,0.010722009759113638,0.11430000000000007,827264000.0,16.219999313354492,0.01920633657429837,1
2019-02-15,0.0003252164712430005,0.018033759209965083,0.18630000000000013,1516748000.0,14.90999984741211,0.008904693627820644,0
2019-02-19,1.988170109239034e-05,-0.004458890118896219,0.09369999999999967,551892000.0,14.880000114440918,0.0054459730674085985,0
2019-02-20,0.00014719601396691561,0.012132436439846517,0.0972000000000004,540988000.0,14.020000457763672,0.0046163588921617265,0
2019-02-21,0.00031290834582582775,-0.017689215523188917,0.12179999999999946,448548000.0,14.460000038146973,0.005164640907924578,1
2019-02-22,0.0004716550702612184,0.021717621192506753,0.06600000000000028,401740000.0,13.510000228881836,0.004812922699784578,0
2019-02-25,1.0055308127906515e-05,-0.0031710105846411984,0.17349999999999977,656020000.0,14.850000381469727,0.00462791632765348,0
2019-02-26,0.00010115260313436795,-0.010057465045147707,0.12519999999999998,488464000.0,15.170000076293945,0.0060420544905115114,1
2019-02-27,0.00011725919739140758,-0.010828628601600832,0.1120000000000001,500256000.0,14.699999809265137,0.005158824801125962,0
2019-02-28,5.49737151949221e-05,-0.007414426154121578,0.06349999999999989,324944000.0,14.779999732971191,0.0028304957793537085,0
2019-03-01,0.00019836457387865044,0.014084195890381901,0.10580000000000034,357188000.0,13.569999694824219,0.005722863126426487,1
2019-03-04,4.493816443749541e-06,0.0021198623643410297,0.11050000000000004,409992000.0,14.630000114440918,0.0062327716314497265,1
2019-03-05,2.754774770762959e-06,-0.0016597514183644968,0.10249999999999959,362924000.0,14.739999771118164,0.004810396423999648,0
2019-03-06,0.0008387528279047904,-0.028961229737440197,0.11399999999999988,403524000.0,15.739999771118164,0.004935484498083425,1
2019-03-07,0.00034346526524000725,-0.01853281590153011,0.10219999999999985,450104000.0,16.59000015258789,0.005811798693401221,1
2019-03-08,8.469765049353263e-05,0.009203132645655643,0.15680000000000005,422416000.0,16.049999237060547,0.005835686290440717,1
2019-03-11,0.004540154420146838,0.06738066800015297,0.3092999999999999,859728000.0,14.329999923706055,0.010837058651433812,1
2019-03-12,7.271857638082194e-05,0.008527518770476084,0.1299999999999999,579576000.0,13.770000457763672,0.0037412470859470143,0
2019-03-13,0.0013576712959564874,0.03684659137500357,0.1517999999999997,768900000.0,13.40999984741211,0.006148078470391246,1
2019-03-14,0.0003354024353495356,-0.018313995613997935,0.10549999999999926,519384000.0,13.5,0.0055601475845621345,0
2019-03-15,0.0006430421554896998,0.025358275877703118,0.10929999999999929,661484000.0,12.880000114440918,0.005540058486531717,0
2019-03-18,2.5778892491097627e-05,-0.005077291846161458,0.1346999999999996,486992000.0,13.100000381469727,0.005868280863539634,1
2019-03-19,0.001539121591557354,0.03923164018438885,0.1355000000000004,854972000.0,13.5600004196167,0.004305588509439413,0
2019-03-20,5.617172157609187e-05,-0.007494779621582737,0.15079999999999938,719148000.0,13.90999984741211,0.005641302944190959,1
2019-03-21,0.002836425854672294,0.053258105999671956,0.2466999999999997,824312000.0,13.630000114440918,0.00678910309081886,1
2019-03-22,0.001270138931074247,-0.035639008559080976,0.19650000000000034,747644000.0,16.479999542236328,0.006890691340838103,1
2019-03-25,0.0004486126273148364,-0.021180477504410433,0.18339999999999979,525212000.0,16.329999923706055,0.007845042233936839,1
2019-03-26,0.00031103469373955134,0.017636175711858604,0.17879999999999985,703508000.0,14.680000305175781,0.006886777731972792,0
2019-03-27,4.43283864122289e-06,-0.00210543074956715,0.15169999999999995,474372000.0,15.149999618530273,0.005549051847164434,0
2019-03-28,1.7884487327388228e-05,0.004229005477341952,0.11969999999999992,480264000.0,14.430000305175781,0.004168552743990597,0
2019-03-29,0.00016794947129291035,0.012959532063038015,0.06569999999999965,456896000.0,13.710000038146973,0.002890032392129653,0
2019-04-01,0.000226037768332521,0.015034552481950403,0.07820000000000071,483824000.0,13.399999618530273,0.00512067214142148,1
2019-04-02,1.5540833972969723e-05,0.003942186445739182,0.08179999999999943,440920000.0,13.359999656677246,0.004639532918604315,0
2019-04-03,0.0009149570076367939,0.030248256274317598,0.15500000000000025,783504000.0,13.739999771118164,0.00555765649451152,1
2019-04-04,3.6497160261843405e-06,-0.0019104229966644404,0.10599999999999987,457376000.0,13.579999923706055,0.004196864035594396,0
2019-04-05,0.00020158608460442437,0.01419810144365874,0.0779999999999994,481744000.0,12.819999694824219,0.0031533377921948488,0
2019-04-08,1.9083860025315957e-05,0.004368507757268603,0.1012000000000004,424192000.0,13.180000305175781,0.004854623852715722,1
2019-04-09,0.0001760627582172957,-0.013268864239915024,0.08319999999999972,439972000.0,14.279999732971191,0.0036116216723537787,0
2019-04-10,0.00022184132514423,0.01489433869442447,0.10229999999999961,444772000.0,13.300000190734863,0.0040114570263929455,1
2019-04-11,8.522929530475593e-06,-0.0029194056810377678,0.09799999999999986,374600000.0,13.020000457763672,0.004432600416975299,1
2019-04-12,6.448873039077618e-05,-0.008030487556230703,0.08999999999999986,471708000.0,12.010000228881836,0.0032873705576648227,0
2019-04-15,0.0008027752843735598,-0.02833328933204826,0.16999999999999993,440092000.0,12.319999694824219,0.0052068370644743275,1
2019-04-16,0.00035479865826532346,0.018836099868744682,0.10030000000000072,394964000.0,12.180000305175781,0.0029697362992857413,0
2019-04-17,2.422065057342131e-05,-0.00492144801592187,0.10170000000000012,351004000.0,12.600000381469727,0.0027575599824714277,0
2019-04-18,2.7976286691473056e-05,-0.0052892614504742586,0.09370000000000012,380988000.0,12.09000015258789,0.0035226921055398304,1
2019-04-22,0.00013435538733183938,0.011591177133140507,0.12549999999999972,279936000.0,12.420000076293945,0.0032844252335613223,0
2019-04-23,0.00013468112214450357,0.01160521960776717,0.0829999999999993,346856000.0,12.279999732971191,0.003020846028694143,0
2019-04-24,6.749335084708277e-06,0.002597948245194326,0.1042999999999994,318204000.0,13.140000343322754,0.0050790905299803605,1
2019-04-25,0.0005069119293378191,-0.022514704735745905,0.1686999999999994,499296000.0,13.25,0.009686668655940594,1
2019-04-26,0.002338700017710301,-0.04836010770987076,0.1897000000000002,868988000.0,12.729999542236328,0.010609044981292342,1
2019-04-29,4.845588817631296e-05,0.006961026373769386,0.12369999999999948,391920000.0,13.109999656677246,0.005337102710336523,0
2019-04-30,8.571416991835597e-05,0.009258194744028447,0.11929999999999996,362920000.0,13.119999885559082,0.004569894181536854,0
2019-05-01,8.534520582067388e-06,-0.002921390179703387,0.10880000000000045,354280000.0,14.800000190734863,0.005502698759022416,1
2019-05-02,0.00022377593171446624,0.014959142078156296,0.1438000000000006,394684000.0,14.420000076293945,0.0047679919064624425,0
2019-05-03,1.0098550242118933e-06,-0.0010049154313731545,0.08499999999999996,336824000.0,12.869999885559082,0.004143783437199173,0
2019-05-06,0.00030338038496790745,-0.017417818031197463,0.15850000000000009,422176000.0,15.4399995803833,0.015092228898603724,1
2019-05-07,0.0014571982242978794,-0.03817326583222713,0.16829999999999945,555220000.0,19.31999969482422,0.005803134798526723,0
2019-05-08,2.168429146479503e-05,0.004656639503418214,0.1407999999999996,419168000.0,19.399999618530273,0.00731828092842591,1
2019-05-09,0.0004695114053654235,-0.021668211863590026,0.15329999999999977,660248000.0,19.100000381469727,0.008492160805592903,1
2019-05-10,6.551531203846153e-05,-0.008094152953735279,0.18979999999999997,569500000.0,16.040000915527344,0.008799873381996504,1
2019-05-13,0.004020396261167399,-0.06340659477662713,0.1656000000000004,656912000.0,20.549999237060547,0.00884938223699883,1
2019-05-14,0.0005025108848034546,0.022416754555542928,0.12420000000000009,524880000.0,18.059999465942383,0.006427272334276452,0
2019-05-15,0.00023402435090662734,-0.015297854454354942,0.09100000000000019,502320000.0,16.440000534057617,0.0034619837727811586,0
2019-05-16,1.4651531721619513e-05,0.003827731929174183,0.1065999999999998,781088000.0,15.289999961853027,0.019720346236475263,1
2019-05-17,0.0005353757482842477,-0.023138188094236067,0.2193000000000005,1022068000.0,15.960000038146973,0.009507130823972348,0
2019-05-20,0.0009602126553537927,-0.030987298290651166,0.10049999999999981,572064000.0,16.309999465942383,0.005262195958096074,0
2019-05-21,0.000465028926793953,0.021564529366391305,0.07650000000000023,361848000.0,14.949999809265137,0.004500689912917384,0
2019-05-22,0.00034658127178043756,-0.018616693363227466,0.06979999999999986,325868000.0,14.75,0.004683645971585722,1
2019-05-23,0.0010620008066998027,-0.03258835385072101,0.11940000000000017,591844000.0,16.920000076293945,0.007646236108639697,1
2019-05-24,0.00021979907811484599,-0.014825622351687162,0.11549999999999994,357584000.0,15.850000381469727,0.005220395223564133,0
2019-05-28,0.00015921017835680457,-0.012617851574527439,0.09830000000000005,428356000.0,17.5,0.003811440370986907,0
2019-05-29,0.0004450229819227671,-0.021095567826507233,0.09699999999999998,559800000.0,17.899999618530273,0.005106158488422344,1
2019-05-30,7.724099711338176e-05,-0.00878868574437508,0.10460000000000003,394300000.0,17.299999237060547,0.005013696945808186,0
2019-05-31,0.0007077180284107818,-0.026602970293010175,0.11140000000000017,389720000.0,18.709999084472656,0.004672981870637863,0
2019-06-03,0.00015574376311923232,-0.012479734096495498,0.12179999999999991,478644000.0,18.860000610351562,0.005602668503815053,1
2019-06-04,0.004441951981052295,0.06664797056964522,0.19349999999999978,641836000.0,16.969999313354492,0.008258016283862435,1
2019-06-05,0.0001464316211811964,-0.01210089340425724,0.1593,511616000.0,16.09000015258789,0.008429517492215238,1
2019-06-06,0.0003076732342189697,0.017540616700075562,0.08550000000000013,408140000.0,15.930000305175781,0.003412237861964196,0
2019-06-07,0.0001414133150709224,0.011891733055821696,0.09080000000000021,348856000.0,16.299999237060547,0.005428373244395503,1
2019-06-10,0.00039803658727463023,0.019950854299368492,0.08579999999999988,402780000.0,15.9399995803833,0.005839439450204112,1
2019-06-11,0.0002405340937431993,0.015509161606714894,0.08000000000000007,383872000.0,15.989999771118164,0.005238823283835806,0
2019-06-12,0.0009400696452919792,-0.030660555201952544,0.0913999999999997,358892000.0,15.90999984741211,0.005124174533522753,0
2019-06-13,0.00019577443849384303,0.013991941912895545,0.06550000000000011,308080000.0,15.819999694824219,0.006490227814546047,1
2019-06-14,0.0006110582575539131,-0.02471959258470724,0.06619999999999981,394428000.0,15.279999732971191,0.004391663039424884,0
2019-06-17,7.32520224511229e-06,0.002706511083500729,0.07169999999999987,276040000.0,15.350000381469727,0.003453794467692635,0
2019-06-18,0.002777173239597375,0.052698892204650516,0.20130000000000026,581920000.0,15.149999618530273,0.009552689279586779,1
2019-06-19,2.4605930890546756e-06,0.001568627772626341,0.06720000000000015,331644000.0,14.329999923706055,0.0040531756464916215,0
2019-06-20,4.070203460376104e-05,0.006379814621426005,0.09529999999999994,350168000.0,14.75,0.0046362854540336965,1
2019-06-21,0.00023413335300596235,-0.015301416699311288,0.09949999999999992,434428000.0,15.399999618530273,0.0042500495101536785,0
2019-06-24,3.4962395203259246e-05,0.005912900743565652,0.07820000000000027,282948000.0,15.260000228881836,0.004743856563115253,1
2019-06-25,6.021175432792953e-05,-0.007759623336730304,0.11280000000000001,311868000.0,16.280000686645508,0.005440441807121299,1
2019-06-26,0.0025084555170822214,0.05008448379570485,0.14070000000000027,584072000.0,16.209999084472656,0.010243259276479854,1
2019-06-27,0.0006068543980180006,0.024634414911217206,0.06849999999999934,445440000.0,15.819999694824219,0.004206364215763479,0
2019-06-28,3.700537688920156e-05,0.006083204491811989,0.0754999999999999,397668000.0,15.079999923706055,0.0036078166880389347,0
2019-07-01,0.0001379125764477742,0.011743618541479206,0.2322999999999995,709756000.0,14.0600004196167,0.010466429317088265,1
2019-07-02,0.0005746527208224528,-0.02397191525144482,0.11629999999999985,400228000.0,12.930000305175781,0.0030424329549659243,0
2019-07-03,1.0241025800357448e-05,0.0032001602772919746,0.07650000000000023,246636000.0,12.569999694824219,0.005135542728272087,1
2019-07-05,0.00024350993286867154,-0.015604804800723127,0.07249999999999979,396552000.0,13.279999732971191,0.0042148651055302746,0
2019-07-08,0.0003620477366119774,-0.019027552039397433,0.06479999999999997,329788000.0,13.960000038146973,0.0032785071854746113,0
2019-07-09,4.0434533797577133e-07,0.0006358815439810872,0.08599999999999985,342860000.0,14.09000015258789,0.0032497573820176083,0
2019-07-10,0.0002999010166021949,0.017317650435385135,0.09680000000000044,452076000.0,13.029999732971191,0.006471546661699848,1
2019-07-11,0.001453467545619769,0.038124369445536654,0.16050000000000075,682560000.0,12.930000305175781,0.005514530222958427,0
2019-07-12,6.365917729552278e-05,0.007978670145802669,0.07680000000000042,506392000.0,12.390000343322754,0.005296946767098864,0
2019-07-15,4.123151825674872e-06,-0.002030554561117448,0.07460000000000022,289840000.0,12.680000305175781,0.003992957010907178,0
2019-07-16,1.3190300614121737e-06,-0.0011484903401475233,0.08319999999999972,341444000.0,12.859999656677246,0.004652786030113038,1
2019-07-17,0.0002443013743937009,0.015630143134139907,0.10059999999999913,348204000.0,13.970000267028809,0.003985296582427932,0
2019-07-18,7.583511695147564e-06,0.002753817658296853,0.12159999999999993,442192000.0,13.529999732971191,0.0051062444926264355,1
2019-07-19,0.00010561872537185502,-0.01027709712768421,0.09450000000000003,344896000.0,14.449999809265137,0.003792621686355574,0
2019-07-22,0.0002874228390703437,0.016953549453443184,0.07100000000000062,315940000.0,13.529999732971191,0.004309175859222057,1
2019-07-23,0.0006258580814095307,0.025017155741801078,0.08670000000000044,428176000.0,12.609999656677246,0.0038518883651830916,0
2019-07-24,0.00028676881577135034,0.0169342497847218,0.11369999999999969,366236000.0,12.069999694824219,0.004743565346065308,1
2019-07-25,0.0008999304513355832,-0.029998840833198592,0.12650000000000006,392700000.0,12.739999771118164,0.00431420577747216,0
2019-07-26,9.431518312409714e-05,0.009711600440921009,0.06200000000000028,274160000.0,12.15999984741211,0.0030291418619924015,0
2019-07-29,2.0748810175161343e-06,-0.0014404447290736755,0.10500000000000043,248160000.0,12.829999923706055,0.003978843995674626,1
2019-07-30,1.285817358217783e-05,0.0035858295528619077,0.08919999999999995,197772000.0,13.9399995803833,0.00393729300139776,0
2019-07-31,0.0015289794277062144,-0.03910216653468468,0.17999999999999972,359416000.0,16.1200008392334,0.0059071952224665734,1
2019-08-01,0.0005189296907985128,-0.0227800283318198,0.24899999999999967,421212000.0,17.8700008392334,0.010556534973723504,1
2019-08-02,0.0005227765249522227,-0.022864306789234234,0.11749999999999972,428348000.0,17.610000610351562,0.006179167344909233,0
2019-08-05,0.004448195984314933,-0.06669479728070948,0.12369999999999992,589156000.0,24.59000015258789,0.011532057274304291,1
2019-08-06,0.00010592998279772476,0.010292229243352713,0.1299999999999999,361272000.0,20.170000076293945,0.011606757504743744,1
2019-08-07,0.0001006296296387274,0.010031432083143832,0.12919999999999998,372560000.0,19.489999771118164,0.00704579504140295,0
2019-08-08,0.000784794566021198,0.02801418508579534,0.11030000000000006,309300000.0,16.90999984741211,0.0035052536546284967,0
2019-08-09,0.0006821759978449595,-0.02611849914993125,0.11500000000000021,341816000.0,17.969999313354492,0.005558603617935038,1
2019-08-12,0.0003196378775071596,-0.01787841932350731,0.0902999999999996,279200000.0,21.09000015258789,0.004033519935113574,0
2019-08-13,0.0008968200138719006,0.029946953332048665,0.20199999999999996,351956000.0,17.520000457763672,0.011207682461610758,1
2019-08-14,0.0015267857680260181,-0.039074106106551154,0.11599999999999966,419880000.0,22.100000381469727,0.006144652309244428,0
2019-08-15,7.569428539713665e-05,-0.008700246283705804,0.10599999999999987,477200000.0,21.18000030517578,0.017366493199257274,1
2019-08-16,0.004900713240245518,0.07000509438780522,0.11649999999999983,1007960000.0,18.469999313354492,0.005759509147887715,0
2019-08-19,0.0046180385188425875,0.0679561514422542,0.19869999999999965,815112000.0,16.8799991607666,0.00728378343114179,1
2019-08-20,0.00029495981734097075,-0.017174394235051516,0.08899999999999952,463188000.0,17.5,0.00546783831815657,0
2019-08-21,0.0003927363932076604,0.019817577884485793,0.09469999999999956,427244000.0,15.800000190734863,0.005109936095152015,0
2019-08-22,2.0946182431290997e-06,0.0014472796008819788,0.08580000000000076,303488000.0,16.68000030517578,0.005243903020625386,1
2019-08-23,0.0029330823471611874,-0.054157938911679304,0.22379999999999978,568056000.0,19.8700008392334,0.012384126592479401,1
2019-08-26,0.0003366580297108401,0.018348243232278127,0.06669999999999998,318208000.0,19.31999969482422,0.009137460802047657,0
2019-08-27,0.0004971090040709001,-0.02229594142598379,0.16199999999999992,290968000.0,20.309999465942383,0.005187149045095752,0
2019-08-28,1.2896090919219012e-05,-0.003591112768936533,0.10849999999999982,255612000.0,19.350000381469727,0.004014178793168691,0
2019-08-29,0.0012407245797087943,0.035223920561300304,0.0884999999999998,357976000.0,17.8799991607666,0.005231346489970071,1
2019-08-30,9.370811196209887e-06,0.00306117807326034,0.10199999999999942,290616000.0,18.979999542236328,0.004422525666371165,0
2019-09-03,0.00040661499508206397,-0.020164696751552302,0.06660000000000021,296140000.0,19.65999984741211,0.004192399950694698,0
2019-09-04,0.0007610587636303454,0.02758729351767486,0.06130000000000013,227728000.0,17.329999923706055,0.007096058803163988,1
2019-09-05,0.003973256787484147,0.06303377497408946,0.1797999999999993,695676000.0,16.270000457763672,0.0073500769198675455,1
2019-09-06,3.68641170816658e-05,-0.006071582749305637,0.09930000000000039,376976000.0,15.0,0.005083226095663277,0
2019-09-09,0.00010590464584623204,0.010290998292013853,0.10349999999999948,417524000.0,15.270000457763672,0.005163731474780527,1
2019-09-10,0.00021722332924758254,0.01473849820190587,0.13640000000000008,352812000.0,15.199999809265137,0.0041739328565830085,0
2019-09-11,3.9302913529581846e-05,0.0062692035801672485,0.09179999999999922,361512000.0,14.609999656677246,0.004808314601868453,1
2019-09-12,1.0598451389534379e-07,-0.0003255526284571264,0.11120000000000019,327840000.0,14.220000267028809,0.003493364615137711,0
2019-09-13,0.00016220479257656018,-0.012735964532635924,0.07249999999999979,324592000.0,13.739999771118164,0.004506056345193091,1
2019-09-16,9.149349273420812e-05,-0.009565223088574992,0.07749999999999968,231832000.0,14.670000076293945,0.0050621962740748285,1
2019-09-17,2.287711691593981e-05,0.004783002918244961,0.06579999999999941,223048000.0,14.4399995803833,0.003138264012337657,0
2019-09-18,3.659050525801451e-05,-0.006049008617783125,0.12300000000000022,258152000.0,13.949999809265137,0.00534717647957589,1
2019-09-19,0.00029019264062939696,-0.01703504155056268,0.11120000000000019,245476000.0,14.050000190734863,0.003766200290879077,0
2019-09-20,0.000590540111512385,-0.024301031079202895,0.13919999999999977,350244000.0,15.319999694824219,0.004320330184652332,1
2019-09-23,0.00015280937754052617,0.012361609019077013,0.10289999999999999,249712000.0,14.90999984741211,0.004305885351262356,0
2019-09-24,0.000177202098496162,-0.01331172785539736,0.15470000000000006,317268000.0,17.049999237060547,0.004363442054019233,1
2019-09-25,0.001057975172609087,0.03252653028850583,0.2077,308432000.0,15.960000038146973,0.005805842300052148,1
2019-09-26,2.51730833093589e-05,-0.005017278476361353,0.07259999999999955,234564000.0,16.06999969482422,0.004402202551629089,0
2019-09-27,0.0010221218463926844,-0.03197064038133557,0.20950000000000024,362056000.0,17.219999313354492,0.008344232388578295,1
2019-09-30,0.00017877971419139342,0.01337085315869535,0.07350000000000012,186184000.0,16.239999771118164,0.0036094093300299865,0
2019-10-01,1.7115390771258267e-07,-0.0004137075146919411,0.17980000000000018,366008000.0,18.559999465942383,0.010686528262412245,1
2019-10-02,3.060875065932262e-05,-0.005532517569725615,0.08669999999999956,293372000.0,20.559999465942383,0.004821642751577197,0
2019-10-03,0.0021805652194999367,0.04669652256324808,0.23899999999999988,450588000.0,19.1200008392334,0.006937416578106225,1
2019-10-04,1.3043244531320889e-05,0.00361154323403734,0.10930000000000017,265524000.0,17.040000915527344,0.0035987576601494743,0
2019-10-07,0.00016660696676248387,0.012907632112920009,0.10280000000000022,480984000.0,17.860000610351562,0.006465656641419882,1
2019-10-08,0.0015428296897858674,-0.03927887078043191,0.10350000000000037,444436000.0,20.280000686645508,0.005523799330443102,0
2019-10-09,0.000378107831732172,0.019444995030397205,0.0884999999999998,292412000.0,18.639999389648438,0.007283126028340548,1
2019-10-10,0.0001627256679322917,0.012756397137604791,0.11679999999999957,309124000.0,17.56999969482422,0.006849210517215773,0
2019-10-11,0.0002573669749431037,0.016042661092945387,0.09229999999999983,446404000.0,15.579999923706055,0.0047529665119356145,0
2019-10-14,8.405036508591172e-06,0.0028991440993146878,0.07450000000000045,200040000.0,14.569999694824219,0.002049346055557122,0
2019-10-15,0.0026406899271258825,0.05138764372031357,0.24230000000000018,664124000.0,13.539999961853027,0.006834796235929283,1
2019-10-16,0.00012188389500442705,-0.011040103939928603,0.13670000000000027,428944000.0,13.680000305175781,0.004145552189834215,0
2019-10-17,1.696090370087999e-07,0.00041183617739193323,0.14279999999999937,263436000.0,13.789999961853027,0.003568187910025685,0
2019-10-18,0.00039014083868658093,-0.019751983158320607,0.2030000000000003,307440000.0,14.25,0.005890802136687542,1
2019-10-21,0.0008148327699151168,0.02854527578978905,0.10880000000000045,261868000.0,14.0,0.0039949639608558105,0
2019-10-22,4.0899776338411845e-06,-0.002022369311931227,0.18069999999999986,328720000.0,14.460000038146973,0.008168244160367365,1
2019-10-23,7.195090545916936e-06,-0.0026823665942441455,0.11569999999999947,279916000.0,14.010000228881836,0.004998941505063058,0
2019-10-24,8.175916340298708e-05,0.009042077383156322,0.0708000000000002,232020000.0,13.710000038146973,0.0030339514635736907,0
2019-10-25,0.0014646494771387746,0.03827073917680157,0.13970000000000038,423092000.0,12.649999618530273,0.00482307056730308,1
2019-10-28,0.00011990034917995393,0.01094990178859856,0.09450000000000003,330792000.0,13.109999656677246,0.004172793046078021,0
2019-10-29,0.0003572721635937651,-0.01890164446797593,0.10870000000000068,211236000.0,13.199999809265137,0.003877623560194459,0
2019-10-30,1.5536710618894063e-07,0.00039416634329803024,0.09930000000000039,205960000.0,12.329999923706055,0.0037509510570696157,0
2019-10-31,9.607084200152675e-05,-0.009801573445193723,0.1297000000000006,209732000.0,13.220000267028809,0.006537621850027338,1
2019-11-01,6.067940685134718e-05,0.007789698765122255,0.13239999999999963,283640000.0,12.300000190734863,0.004067361072361391,0
2019-11-04,0.0014662427064946182,0.03829154876072027,0.15200000000000014,376716000.0,12.829999923706055,0.004900397818484421,1
2019-11-05,1.787133693502088e-05,-0.004227450405980049,0.09649999999999981,300868000.0,13.100000381469727,0.003278067075709814,0
2019-11-06,9.007757614334358e-05,-0.00949092072158142,0.13899999999999935,269012000.0,12.619999885559082,0.003858338123511574,1
2019-11-07,1.1587750852373669e-05,0.0034040785614279923,0.12900000000000045,280340000.0,12.729999542236328,0.005447497537088262,1
2019-11-08,7.244349426699701e-06,-0.002691532913917216,0.07240000000000002,189100000.0,12.069999694824219,0.003411390057005085,0
2019-11-11,3.698938432104242e-06,0.0019232624449367908,0.12080000000000002,243436000.0,12.6899995803833,0.005321870520771189,1
2019-11-12,4.699256915811044e-05,0.006855112629133853,0.08870000000000022,283504000.0,12.680000305175781,0.004430941842407069,0
2019-11-13,2.493080355449098e-05,-0.004993075560663085,0.08900000000000041,300188000.0,13.0,0.0046449557464212695,1
2019-11-14,3.423930941215064e-05,0.005851436525516673,0.08399999999999963,518080000.0,13.050000190734863,0.0036761156781297865,0
2019-11-15,0.0007320182614085442,-0.027055835995373423,0.2785000000000002,1053628000.0,12.050000190734863,0.008431215489989527,1
2019-11-18,0.0015089674531533926,0.038845430273757975,0.2395000000000005,574588000.0,12.460000038146973,0.007498966187782042,0
2019-11-19,0.00041642689666789636,-0.020406540536501927,0.15829999999999966,414564000.0,12.859999656677246,0.006394391652966288,0
2019-11-20,0.0002313816080166294,0.015211232955175902,0.19980000000000064,472588000.0,12.779999732971191,0.006928332277974221,1
2019-11-21,2.252967938306329e-05,-0.00474654394091778,0.09820000000000029,288388000.0,13.130000114440918,0.00229482990191482,0
2019-11-22,1.1308964747475554e-05,0.0033628804242011867,0.0754999999999999,224100000.0,12.34000015258789,0.0036373750894915574,1
2019-11-25,0.0022842980626414473,0.047794330862995116,0.14730000000000043,506476000.0,11.869999885559082,0.007514819148605518,1
2019-11-26,0.0003695684885805884,-0.019224164184187265,0.09879999999999978,385244000.0,11.539999961853027,0.0034242161738807777,0
2019-11-27,3.2467444622858163e-05,0.005698021114637797,0.07179999999999964,215784000.0,11.75,0.0023817697078295256,0
2019-11-29,4.756717664524698e-05,-0.006896896160248245,0.05900000000000016,141556000.0,12.619999885559082,0.0016008647900172862,0
2019-12-02,0.0012375146986791446,-0.035178327115983565,0.20899999999999963,372036000.0,14.90999984741211,0.006934808033661993,1
2019-12-03,5.8034297336806334e-05,-0.007618024503557752,0.18620000000000037,465232000.0,15.960000038146973,0.007049402599468165,1
2019-12-04,7.122816447375156e-05,0.008439677984008132,0.09119999999999973,273424000.0,14.800000190734863,0.0034250797619832423,0
2019-12-05,1.057775754407658e-05,-0.0032523464674103497,0.08549999999999969,184884000.0,14.520000457763672,0.0025652067659029526,0
2019-12-06,0.0002653300642876403,0.016288955285334916,0.05930000000000035,232236000.0,13.619999885559082,0.0029816894194831982,1
2019-12-09,0.0,0.0,0.08670000000000044,211880000.0,15.859999656677246,0.0037436142034816123,1
2019-12-10,7.232038069633417e-05,0.008504139033219893,0.1200000000000001,256388000.0,15.680000305175781,0.004983987198068208,1
2019-12-11,0.00024274870599544663,0.015580394924245233,0.08150000000000013,233796000.0,14.989999771118164,0.0017639291165514332,0
2019-12-12,0.000930523369905309,0.030504481144666418,0.22449999999999992,404348000.0,13.9399995803833,0.006467265177298531,1
2019-12-13,1.275145877770926e-07,-0.0003570918478166263,0.17900000000000027,454704000.0,12.630000114440918,0.004181542002381516,0
2019-12-16,2.668128219442614e-05,0.005165392743482933,0.08220000000000027,320976000.0,12.140000343322754,0.0030786485833202175,0
2019-12-17,0.00019133141840587084,0.013832260061388046,0.09200000000000053,321196000.0,12.289999961853027,0.0025015121284056568,0
2019-12-18,2.859389512488573e-05,0.005347325978924955,0.0647000000000002,343548000.0,12.579999923706055,0.0030148306268536146,1
2019-12-19,0.0006546296786343011,0.025585731934699485,0.13250000000000028,445360000.0,12.5,0.0032621813446160825,1
2019-12-20,0.0002709667938552577,0.016461069037436715,0.07580000000000009,603044000.0,12.510000228881836,0.002800011271298404,0
2019-12-23,5.253202493208665e-06,-0.0022919865822488283,0.08539999999999992,355060000.0,12.609999656677246,0.0033831954683369216,1
2019-12-24,7.019116174513588e-07,-0.0008378016575845137,0.062300000000000466,138864000.0,12.670000076293945,0.0020343643467946597,0
2019-12-26,5.732424699285663e-06,0.00239424825347867,0.05799999999999983,182852000.0,12.649999618530273,0.0018088040332983845,0
2019-12-27,9.49974952362826e-05,-0.009746665852294445,0.11319999999999997,254644000.0,13.430000305175781,0.003522662500515952,1
2019-12-30,0.00037652217090721233,-0.019404179212407113,0.12849999999999984,258056000.0,14.819999694824219,0.0036093505579388955,1
2019-12-31,0.00016244940414781493,0.012745564096885431,0.13870000000000005,231004000.0,13.779999732971191,0.00576819356311066,1
2020-01-02,0.000376782794362715,0.01941089370334903,0.07979999999999965,237536000.0,12.470000267028809,0.003650336911260664,0
2020-01-03,0.00026034939680606766,-0.01613534619418089,0.09330000000000016,205384000.0,14.020000457763672,0.007343709961631989,1
2020-01-06,1.744257096012895e-05,0.0041764304088693915,0.15000000000000036,262636000.0,13.850000381469727,0.0058968513882585805,0
2020-01-07,0.0001450164163379565,0.012042276210831426,0.13450000000000006,314856000.0,13.789999961853027,0.006957182494387178,1
2020-01-08,3.479921097682643e-06,0.0018654546624570223,0.09719999999999995,277108000.0,13.449999809265137,0.007645483242492245,1
2020-01-09,0.00011930624814253083,0.010922739955822935,0.12680000000000025,255112000.0,12.539999961853027,0.0033371948281766765,0
2020-01-10,2.846325989117781e-05,0.00533509698985668,0.1200000000000001,316296000.0,12.5600004196167,0.003758730515580652,1
2020-01-13,0.0009530110968933963,0.030870877812161357,0.1559999999999997,319840000.0,12.319999694824219,0.003924800262446958,1
2020-01-14,0.00035450945462352505,-0.018828421458622735,0.11319999999999997,359088000.0,12.390000343322754,0.0049845421956604425,1
2020-01-15,4.8040349109941e-05,-0.006931114564768137,0.10390000000000033,263104000.0,12.420000076293945,0.002486436728983275,0
2020-01-16,0.0001842403030830214,0.013573514765270689,0.059800000000000075,284192000.0,12.319999694824219,0.0032222754948467475,1
2020-01-17,1.996751727744998e-06,0.0014130646580199357,0.06569999999999965,253792000.0,12.100000381469727,0.0023257128961597217,0
2020-01-21,2.9051898116634604e-05,-0.005389981272382549,0.06810000000000027,217916000.0,12.850000381469727,0.0032782324737685286,1
2020-01-22,7.607391425663921e-05,0.008722036130207167,0.11480000000000068,239240000.0,12.90999984741211,0.003969436847323601,1
2020-01-23,0.00011940278946487275,0.01092715834354352,0.12619999999999987,244516000.0,12.979999542236328,0.004854620189507073,1
2020-01-24,8.943293615421333e-05,-0.009456898865601415,0.28000000000000025,373512000.0,14.5600004196167,0.0032714445999529477,0
2020-01-27,0.001756210677167206,-0.04190716737226707,0.25039999999999996,470536000.0,18.229999542236328,0.009782467655247639,1
2020-01-28,0.0010130085941217953,0.031827795935656544,0.21399999999999952,310976000.0,16.280000686645508,0.004565304708927412,0
2020-01-29,9.682242817766287e-05,-0.00983983882884587,0.1225000000000005,258848000.0,16.389999389648438,0.0023814368191634704,0
2020-01-30,1.2257797199223456e-06,0.001107149366581739,0.17379999999999995,290504000.0,15.489999771118164,0.008191104771070865,1
2020-01-31,0.0015137060901850466,-0.03890637595799751,0.24239999999999995,370420000.0,18.84000015258789,0.006299938930298016,0
2020-02-03,0.0002671268854364164,0.01634401680849651,0.14149999999999974,255564000.0,17.969999313354492,0.003970503080669145,0
2020-02-04,0.0007785084372572849,0.027901764052784994,0.09699999999999953,271544000.0,16.049999237060547,0.0059316091519596775,1
2020-02-05,0.00021286475549515426,0.014589885383208268,0.12479999999999958,208220000.0,15.149999618530273,0.0069657482075905575,1
2020-02-06,0.00019082278939472013,0.013813862218609252,0.13419999999999987,218284000.0,14.960000038146973,0.0029878117727510866,0
2020-02-07,0.00011028025900183369,-0.010501440805995799,0.07399999999999984,189752000.0,15.470000267028809,0.003619346515910449,1
2020-02-10,0.001957074505645108,0.044238834813375316,0.26750000000000007,529608000.0,15.039999961853027,0.005797175089853646,1
2020-02-11,0.0003430430018698728,0.01852142008243085,0.19169999999999998,638556000.0,15.180000305175781,0.004694479309950171,0
2020-02-12,0.0002964047597727838,0.017216409607487382,0.10880000000000045,374644000.0,13.739999771118164,0.004023110478580014,0
2020-02-13,4.197367360706575e-05,-0.006478709254710058,0.10919999999999952,528016000.0,14.149999618530273,0.014750406645611398,1
2020-02-14,0.0046045373254137,0.06785674119358887,0.2242999999999995,1041924000.0,13.680000305175781,0.006138729465482744,0
2020-02-18,0.0005342158635539742,0.02311311020944551,0.31130000000000013,620164000.0,14.829999923706055,0.01043021255695906,1
2020-02-19,0.00352162364686127,0.05934326960036218,0.34809999999999963,694332000.0,14.380000114440918,0.00770210496484232,0
2020-02-20,0.00037055759366277447,-0.01924987256224764,0.4992000000000001,810052000.0,15.5600004196167,0.007160150646226098,0
2020-02-21,0.0023566457824523643,-0.04854529619285852,0.36350000000000016,768180000.0,17.079999923706055,0.006891596843906748,0
2020-02-24,0.005376955211886171,-0.07332772471505011,0.3468,856916000.0,25.030000686645508,0.01573896163050189,1
2020-02-25,0.0017601341932932512,-0.041953953249881604,0.5208000000000004,1055496000.0,27.850000381469727,0.011754575736665959,0
2020-02-26,0.0004464653637618232,0.02112972701579041,0.33619999999999983,747732000.0,27.559999465942383,0.011179343120465798,0
2020-02-27,0.0033484131332915334,-0.0578654744497229,0.45279999999999987,906416000.0,39.15999984741211,0.01275143257747004,1
2020-02-28,0.004473119017378675,0.06688138019941481,0.7666999999999993,1133252000.0,40.11000061035156,0.01991703324971463,1
2020-03-02,0.0005417847132998552,0.023276269316620635,0.4147999999999996,890744000.0,33.41999816894531,0.0169244632302982,0
2020-03-03,0.0015124081399546625,-0.03888969194985559,0.46530000000000005,652792000.0,36.81999969482422,0.011441127528723291,0
2020-03-04,0.004583325807433694,0.06770026445615773,0.4422000000000006,597408000.0,31.989999771118164,0.009934818045493728,0
2020-03-05,0.0016188239461046299,-0.04023461129555783,0.2925000000000004,540328000.0,39.619998931884766,0.009228661686046148,0
2020-03-06,0.0007232951550648829,-0.026894147226950382,0.25980000000000025,515412000.0,41.939998626708984,0.013863743328155305,1
2020-03-09,0.006495417858418657,-0.08059415523732882,0.5305,614160000.0,54.459999084472656,0.028684156715598045,1
2020-03-10,0.0038160710083281306,0.06177435558812516,0.3772000000000002,580648000.0,47.29999923706055,0.010828072898086568,0
2020-03-11,0.0033152810136194903,-0.05757847699982599,0.35080000000000044,499964000.0,53.900001525878906,0.006278543159550017,0
2020-03-12,0.017037189873398098,-0.13052658684497231,0.508,816540000.0,75.47000122070312,0.027238005778617305,1
2020-03-13,0.0115371234954402,0.1074110026740287,0.5351999999999997,634836000.0,57.83000183105469,0.027056062452513827,0
2020-03-16,0.04160760242743288,-0.2039794166758815,0.8025000000000002,726972000.0,82.69000244140625,0.03402100829944006,1
2020-03-17,0.010200319053382633,0.10099662892088346,0.7464999999999993,833632000.0,75.91000366210938,0.026439863319994768,0
2020-03-18,0.004737725648874054,-0.06883113865739876,0.7314999999999996,874268000.0,76.44999694824219,0.027088137235688037,1
2020-03-19,0.002383688599890348,0.048823033497421564,0.5834999999999999,765512000.0,72.0,0.019725238500588896,0
2020-03-20,0.00118820569348394,-0.034470359636707304,0.6296999999999997,804636000.0,66.04000091552734,0.02737752848581086,1
2020-03-23,0.0011004844059798713,0.03317354979467635,0.44899999999999984,643876000.0,61.59000015258789,0.021014696956120373,0
2020-03-24,0.025068520957361208,0.15833041703147632,0.6151999999999997,1101644000.0,61.66999816894531,0.022302448604837464,1
2020-03-25,0.00020706924182429178,-0.014389900688479118,0.45399999999999974,793432000.0,63.95000076293945,0.02289491016838108,1
2020-03-26,0.002136646627820469,0.04622387508442438,0.3055000000000003,696108000.0,61.0,0.01097642300852321,0
2020-03-27,0.00031313743348618077,-0.01769568968664914,0.36100000000000065,638828000.0,65.54000091552734,0.011319717841293528,1
2020-03-30,0.002464872775434796,0.04964748508670702,0.3091999999999997,602252000.0,57.08000183105469,0.006181724671707027,0
2020-03-31,5.667822248574544e-05,-0.007528494038368194,0.44119999999999937,949960000.0,53.540000915527344,0.00824939831346553,1
2020-04-01,0.006573172955374141,-0.08107510687858599,0.5061999999999998,656912000.0,57.060001373291016,0.010048167411162226,1
2020-04-02,0.0024755718515367437,0.04975511884757933,0.34220000000000006,675764000.0,50.90999984741211,0.01027987397572625,1
2020-04-03,0.0021441817428802423,-0.04630531009377048,0.43099999999999916,663212000.0,46.79999923706055,0.010090872686254769,0
2020-04-06,0.009152921220457803,0.09567090059395178,0.4237000000000002,727884000.0,45.2400016784668,0.015610751724708957,1
2020-04-07,0.0012621534405337872,-0.03552679890637189,0.5236999999999998,784520000.0,46.70000076293945,0.013953975616566427,0
2020-04-08,0.0009070493960883882,0.030117260766683085,0.18380000000000063,542444000.0,43.349998474121094,0.006609203620018441,0
2020-04-09,0.00022793030743305316,-0.01509736094266323,0.3125,525564000.0,41.66999816894531,0.008266743379924084,1
2020-04-13,0.0006709216101732082,0.02590215454693312,0.33000000000000007,398408000.0,41.16999816894531,0.007576345614483673,0
2020-04-14,0.002594022706978226,0.050931549230101236,0.28580000000000005,530948000.0,37.7599983215332,0.007143039580242017,0
2020-04-15,0.00012144255206480086,-0.01102009764316092,0.21969999999999956,366148000.0,40.84000015258789,0.007059088316050933,0
2020-04-16,0.002320616501178874,0.04817277759460081,0.3111999999999995,745620000.0,40.11000061035156,0.010807473477118619,1
2020-04-17,6.575259063524284e-05,-0.008108797113952404,0.29800000000000004,539120000.0,38.150001525878906,0.006519450959474737,0
2020-04-20,0.00033122702234778575,-0.018199643467600835,0.20570000000000022,449388000.0,43.83000183105469,0.006748748533679464,1
2020-04-21,0.003973604480389044,-0.0630365329026672,0.4413999999999998,735160000.0,45.40999984741211,0.013523804846053226,1
2020-04-22,0.0035892346896064394,0.05991022191251205,0.31179999999999986,483356000.0,41.97999954223633,0.008615368387992161,0
2020-04-23,5.656140069150922e-05,-0.007520731393389157,0.25349999999999984,424160000.0,41.380001068115234,0.006423065393562703,0
2020-04-24,0.00037910539529348807,0.01947062904205943,0.2267999999999999,352328000.0,35.93000030517578,0.005419035057384439,0
2020-04-27,0.0006517005840979527,0.025528426980484964,0.2375000000000007,479388000.0,33.290000915527344,0.009893591419463825,1
2020-04-28,0.00037798540784225927,-0.01944184682179806,0.32650000000000023,442904000.0,33.56999969482422,0.009525714057950191,0
2020-04-29,0.0005796684395335484,0.024076304524024206,0.17070000000000007,379160000.0,31.229999542236328,0.0052274126205851075,0
2020-04-30,0.0004378001160951489,-0.02092367358030489,0.16849999999999987,375916000.0,34.150001525878906,0.004527994124940494,0
2020-05-01,0.0010918422782779467,-0.03304303675932263,0.20150000000000023,342096000.0,37.189998626708984,0.005285052576393121,1
2020-05-04,0.0008795370753217733,0.029656990328112753,0.274,317556000.0,35.970001220703125,0.007216050922887199,1
2020-05-05,7.003717888771332e-05,0.00836882183390908,0.22449999999999992,368896000.0,33.61000061035156,0.006269288260079511,0
2020-05-06,0.00018769640881790688,0.013700233896467129,0.16469999999999985,323464000.0,34.119998931884766,0.004466260200121378,0
2020-05-07,0.0005520977383495549,0.023496760167085906,0.15229999999999944,373732000.0,31.440000534057617,0.005453455953708954,1
2020-05-08,0.0006107053227589427,0.024712452787186923,0.1590000000000007,339216000.0,27.979999542236328,0.0039576831521550395,0
2020-05-11,0.0010157409367341427,0.03187069087318539,0.33370000000000033,469060000.0,27.56999969482422,0.008078118913713796,1
2020-05-12,0.0010990226665262138,-0.03315151077290768,0.3796999999999997,493060000.0,33.040000915527344,0.01053635978305058,1
2020-05-13,8.339717893601107e-06,-0.0028878569724972714,0.4836999999999998,625852000.0,35.279998779296875,0.009082940907437713,0
2020-05-14,0.0010042848956744136,0.03169045433051432,0.3484999999999996,602312000.0,32.61000061035156,0.0070135624327310655,0
2020-05-15,0.0031065498373023005,0.05573643186733701,0.626500000000001,987660000.0,31.889999389648438,0.011943426333708993,1
2020-05-18,0.0009056086828037822,0.03009333286300775,0.23599999999999888,774460000.0,29.299999237060547,0.0059872597773079385,0
2020-05-19,3.968960942418881e-05,0.006299969001843486,0.3247,717320000.0,30.530000686645508,0.008170172836625323,1
2020-05-20,0.0003425886269741264,0.018509149817701687,0.15419999999999945,587536000.0,27.989999771118164,0.0036890620538120385,0
2020-05-21,0.0004820709839486709,-0.021956114955717254,0.3149999999999995,761068000.0,29.530000686645508,0.006430515256762012,1
2020-05-22,0.000795972074131021,0.028212977051899735,0.37979999999999947,1038764000.0,28.15999984741211,0.007799193154264396,1
2020-05-26,0.0012093441397216839,-0.0347756256553593,0.5096999999999987,770780000.0,28.010000228881836,0.011236822663242125,1
2020-05-27,0.000499094777134266,-0.02234042920658119,0.6359999999999992,1175892000.0,27.6200008392334,0.015679603134383463,1
2020-05-28,2.0168203624488646e-05,-0.004490902317406675,0.38119999999999976,734896000.0,28.59000015258789,0.011033875536272164,0
2020-05-29,0.002003376210601673,0.04475909081518159,0.3905000000000012,745256000.0,27.510000228881836,0.007484266007813553,0
2020-06-01,6.144447990828922e-05,-0.007838652939650359,0.1512999999999991,389876000.0,28.229999542236328,0.0034016970954573434,0
2020-06-02,4.64508785943257e-06,0.0021552465890084527,0.17930000000000135,391320000.0,26.84000015258789,0.005695955037368813,1
2020-06-03,4.008755333848835e-05,-0.00633147323602401,0.1661999999999999,365440000.0,25.65999984741211,0.0030922092991955753,0
2020-06-04,1.1706887249583734e-07,-0.00034215328800968337,0.2658000000000005,424280000.0,25.809999465942383,0.005947948062505846,1
2020-06-05,0.0003013108449536346,0.01735830766387192,0.2889999999999997,481748000.0,24.520000457763672,0.004499887622058736,0
2020-06-08,0.0001683818869564341,-0.012976204643748268,0.20399999999999885,387736000.0,25.809999465942383,0.004748162772602938,1
2020-06-09,0.0007291581803836764,0.027002929107481588,0.35859999999999914,468488000.0,27.56999969482422,0.008112914526167136,1
2020-06-10,0.0012144424432071366,0.034848851390069324,0.3465000000000007,632180000.0,27.56999969482422,0.007219939326672529,0
2020-06-11,0.003950337752077112,-0.06285171240369758,0.47520000000000095,583652000.0,40.790000915527344,0.008557756987588525,1
2020-06-12,0.0002364367791098188,0.015376500873404808,0.484,570908000.0,36.09000015258789,0.01165305431863181,1
2020-06-15,0.0007105041800842796,0.026655284280687752,0.43849999999999945,400004000.0,34.400001525878906,0.009623742324310373,0
2020-06-16,0.00013328067811423748,-0.011544725120774313,0.42799999999999905,535716000.0,33.66999816894531,0.008371520967859824,0
2020-06-17,0.0003349639879449452,0.01830202141690762,0.22879999999999967,408304000.0,33.470001220703125,0.003087334062908344,0
2020-06-18,3.8056096918533426e-06,-0.0019507971939320967,0.16800000000000104,254408000.0,32.939998626708984,0.004584493076356315,1
2020-06-19,2.186063311497561e-05,0.0046755355965895085,0.21780000000000044,524160000.0,35.119998931884766,0.004195173547594779,0
2020-06-22,0.0007994897423188156,0.028275249642024658,0.25789999999999935,398468000.0,31.770000457763672,0.003956303386151537,0
2020-06-23,6.55150704694062e-05,-0.008094138031279563,0.23499999999999943,375108000.0,31.3700008392334,0.003665043487320032,0
2020-06-24,0.0005271610245497223,-0.02295998746841388,0.41199999999999903,449372000.0,33.84000015258789,0.006743320104207301,1
2020-06-25,0.000738962167547473,0.02718385858459893,0.3227000000000011,376072000.0,32.220001220703125,0.004877672438541718,0
2020-06-26,0.0012915710739774368,-0.03593843449536216,0.375,592084000.0,34.72999954223633,0.007477584515929227,1
2020-06-29,2.4042409028663263e-05,0.004903305928520396,0.3044999999999991,342248000.0,31.780000686645508,0.00714808960494666,0
2020-06-30,0.001014849894649724,0.03185670878558744,0.25980000000000025,367892000.0,30.43000030517578,0.005867498360306691,0
2020-07-01,1.145500829462121e-05,0.0033845248255288674,0.16279999999999895,326648000.0,28.6200008392334,0.0030248702549982654,0
2020-07-02,7.39395455804212e-05,0.008598810707325821,0.1593,364056000.0,27.68000030517578,0.0041893360829042825,1
2020-07-06,0.0005443298949706735,0.023330878572627167,0.19629999999999903,315892000.0,27.940000534057617,0.005104573734216312,1
2020-07-07,1.0941545421028977e-05,0.003307800692458507,0.21920000000000073,357800000.0,29.43000030517578,0.004768124810043293,0
2020-07-08,0.001174632434700665,0.03427291109171593,0.2594999999999992,365480000.0,28.079999923706055,0.004182312235283578,0
2020-07-09,0.0007995838740286351,0.02827691415322109,0.3365000000000009,494548000.0,29.260000228881836,0.005905866126017772,1
2020-07-10,8.063855097035884e-06,-0.0028396927821572326,0.27640000000000065,497676000.0,27.290000915527344,0.0047435750636681,0
2020-07-13,0.0017298009712969024,-0.04159087605830036,0.7672999999999988,457076000.0,32.189998626708984,0.010500085666058794,1
2020-07-14,0.0010106266443309937,0.03179035458013946,0.6172999999999984,542676000.0,29.520000457763672,0.008628215370504119,0
2020-07-15,0.0002114401259247947,-0.014540980913432033,0.3772000000000002,403984000.0,27.760000228881836,0.007301594788483807,0
2020-07-16,8.236999311042869e-05,-0.009075791596903748,0.31129999999999924,344964000.0,28.0,0.005786430467793481,0
2020-07-17,4.302995519502843e-05,0.006559722188860473,0.1607000000000003,266284000.0,25.68000030517578,0.0034077860657642086,0
2020-07-20,0.0008921291843153739,0.02986853167324055,0.3743999999999996,284852000.0,24.459999084472656,0.004627583582625042,1
2020-07-21,0.0003061182573270801,-0.017496235518736025,0.273200000000001,277036000.0,24.84000015258789,0.006352995904075977,1
2020-07-22,0.00011283896925316691,0.010622568863187798,0.31099999999999994,367292000.0,24.31999969482422,0.006799049490700224,1
2020-07-23,0.0009028858250456491,-0.03004805859029247,0.5158000000000005,411660000.0,26.079999923706055,0.006851148208613745,1
2020-07-24,4.0535944179611195e-05,0.006366784445825946,0.5878000000000014,473292000.0,25.84000015258789,0.00978013426098727,1
2020-07-27,0.00048499582358384235,0.02202262072469674,0.2240000000000002,292132000.0,24.739999771118164,0.0044385227035733206,0
2020-07-28,0.0003985934467481697,-0.019964805201858837,0.17269999999999897,271636000.0,25.440000534057617,0.005526708707583301,1
2020-07-29,0.0005845736708222129,0.024177958367534114,0.16920000000000002,284508000.0,24.100000381469727,0.002251023594074171,0
2020-07-30,0.00019852109283541495,0.014089751340439438,0.3277000000000001,308880000.0,24.760000228881836,0.005422539305458799,1
2020-07-31,5.680532837555664e-09,7.536930965290622e-05,0.3335000000000008,386080000.0,24.459999084472656,0.007086430578762808,1
2020-08-03,0.0013382386710406255,0.03658194460441688,0.3835000000000015,412720000.0,24.280000686645508,0.005049634431561968,0
2020-08-04,0.00038265804938877244,0.01956164740988786,0.32179999999999964,310336000.0,23.760000228881836,0.0038914322202002216,0
2020-08-05,2.7468663661054113e-05,0.005241055586525878,0.20560000000000045,249924000.0,22.989999771118164,0.003705386253500611,0
2020-08-06,1.85372685140067e-05,0.004305492830560365,0.1791999999999998,244316000.0,22.649999618530273,0.0036265789411123166,0
2020-08-07,0.00014569116921006486,-0.012070259699362929,0.4672999999999998,342516000.0,22.209999084472656,0.0073511499235163055,1
2020-08-10,9.518762350051624e-06,-0.0030852491552630923,0.5517000000000003,427796000.0,22.1299991607666,0.010325712824424906,1
2020-08-11,0.0008190360171228516,-0.02861880530565264,0.3409999999999993,354512000.0,24.030000686645508,0.005379704059356381,0
2020-08-12,0.002805650162261644,0.052968388329848626,0.5088000000000008,464412000.0,22.280000686645508,0.006755523855942352,1
2020-08-13,5.988837726797238e-08,0.00024472101926065193,0.36599999999999966,374460000.0,22.1299991607666,0.0034910087397594584,0
2020-08-14,0.00011064167844542334,0.010518634818521999,0.2643000000000004,366436000.0,22.049999237060547,0.004414762937689239,1
2020-08-17,0.004186873286456516,0.06470605293522791,0.5925000000000011,621300000.0,21.350000381469727,0.007646173042309433,1
2020-08-18,3.838664713168974e-05,-0.0061956958553248676,0.4098000000000006,503448000.0,21.510000228881836,0.0062011718192285376,0
2020-08-19,0.00010049985750707415,-0.010024961720977998,0.21699999999999875,622624000.0,22.540000915527344,0.006327803686869158,1
2020-08-20,4.2409244329726856e-08,0.00020593504881327718,0.4962,921388000.0,22.719999313354492,0.007745865648515702,1
2020-08-21,0.0019108947014121337,0.04371378159587813,0.6135000000000002,999868000.0,22.540000915527344,0.00800230892019276,1
2020-08-24,8.348313957460214e-06,0.00288934490109094,0.40499999999999936,490564000.0,22.3700008392334,0.006793259086353426,0
2020-08-25,5.475555753627652e-06,0.0023399905456278347,0.18740000000000023,289076000.0,22.030000686645508,0.0024842324123687124,0
2020-08-26,3.248272516049099e-06,0.0018022964562049992,0.19069999999999965,321244000.0,23.270000457763672,0.003497306175961718,1
2020-08-27,0.0001298059385701891,-0.011393240916007574,0.2835000000000001,317604000.0,24.469999313354492,0.004293750395149935,1
2020-08-28,0.0016252280377656565,0.04031411710264354,0.5054999999999996,537160000.0,22.959999084472656,0.007358958542337261,1
2020-08-31,0.00029225491188851867,0.017095464658456017,0.5371999999999986,500840000.0,26.40999984741211,0.008065418145657269,1
2020-09-01,0.001078417372776403,0.032839265716157584,0.5572999999999997,511316000.0,26.1200008392334,0.0052778196949365645,0
2020-09-02,0.0013925462039481998,0.03731683539567898,0.8268000000000004,874012000.0,26.56999969482422,0.01326487030923526,1
2020-09-03,0.00947995395424658,-0.09736505509805138,1.0056999999999992,945128000.0,33.599998474121094,0.013928681832276505,1
2020-09-04,0.0009400367754178951,-0.030660019168583297,1.4702000000000002,1463684000.0,30.75,0.0158537529956663,1
2020-09-08,0.0033467029043131647,-0.05785069493370987,0.8457000000000008,795728000.0,31.459999084472656,0.014164187892453191,0
2020-09-09,0.004244803699465941,0.06515215805685903,0.5774000000000008,736200000.0,28.809999465942383,0.011616846457519571,0
2020-09-10,0.0010384020807919657,-0.03222424678393532,0.898200000000001,698684000.0,29.709999084472656,0.009438844254062401,0
2020-09-11,0.00014487199339185687,-0.012036278220108443,0.7567000000000004,636928000.0,26.8700008392334,0.008051471276467043,0
2020-09-14,0.003198563258667084,0.05655584194994434,0.6837,1201744000.0,25.850000381469727,0.01508747878832389,1
2020-09-15,8.425577021520281e-05,0.00917909419361207,0.4710000000000001,727556000.0,25.59000015258789,0.005968629673311974,0
2020-09-16,0.0013964300523860791,-0.03736883798549373,0.5790000000000006,556384000.0,26.040000915527344,0.006804523577216414,1
2020-09-17,1.6675782729189293e-05,-0.004083599237093338,0.5549999999999997,792512000.0,26.459999084472656,0.009480547487083522,1
2020-09-18,0.000494878067563462,-0.022245855064785935,0.6437000000000008,698460000.0,25.829999923706055,0.006405274877639901,0
2020-09-21,0.0007046466216642243,0.0265451807615662,0.6180000000000003,721044000.0,27.780000686645508,0.010288843763725785,1
2020-09-22,9.194171883243427e-05,0.009588624449441863,0.4924999999999997,646452000.0,26.860000610351562,0.007944726861919285,0
2020-09-23,0.0017240648648029248,-0.04152186008361047,0.6477000000000004,647012000.0,28.579999923706055,0.007243312475435812,0
2020-09-24,0.0003357559216069471,0.01832364378629281,0.5555000000000003,731240000.0,28.510000228881836,0.009526885745737098,1
2020-09-25,0.001738900982349514,0.041700131682639974,0.6377000000000006,588016000.0,26.3799991607666,0.0069562023640757165,0
2020-09-28,0.00015484838399421036,0.012443809062911981,0.30180000000000007,573808000.0,26.190000534057617,0.007406835258197789,1
2020-09-29,0.00021116216787744367,0.014531420022745323,0.509500000000001,621460000.0,26.270000457763672,0.00499324624043185,0
2020-09-30,0.0005187884949750749,0.022776929006674163,0.4723000000000006,689184000.0,26.3700008392334,0.00671215928590029,1
2020-10-01,3.830378085062118e-05,0.006189004835239764,0.3019999999999996,525004000.0,26.700000762939453,0.003982197269815533,0
2020-10-02,0.0017150231757311187,-0.04141283829600573,0.4685000000000006,552496000.0,27.6299991607666,0.010082625228745848,1
2020-10-05,0.001889411135356768,0.0434673571241313,0.4214000000000002,479820000.0,27.959999084472656,0.007738591905987736,0
2020-10-06,4.7150244358586155e-05,0.006866603553328687,0.4770000000000003,784420000.0,29.479999542236328,0.008736861148784457,1
2020-10-07,0.0002698156314638146,0.016426065611211182,0.25569999999999915,418084000.0,28.059999465942383,0.003680979990153828,0
2020-10-08,8.111430456173894e-05,-0.009006348014691579,0.3265000000000011,378900000.0,26.360000610351562,0.005455288697599706,1
2020-10-09,3.0326399747536e-05,-0.005506941051757863,0.16339999999999932,346892000.0,25.0,0.0025792637125656645,0
2020-10-12,0.0010957408240410062,0.033101976134983335,0.4344999999999999,434744000.0,25.06999969482422,0.004477030660816428,1
2020-10-13,2.431437183050276e-06,0.0015593066353511986,0.329699999999999,344604000.0,26.06999969482422,0.0048272968922743725,1
2020-10-14,0.00011655942545164575,-0.010796269052392393,0.3827999999999996,276100000.0,26.399999618530273,0.004329688693553857,0
2020-10-15,7.960459333962467e-05,-0.008922140625411856,0.23800000000000132,267224000.0,26.969999313354492,0.007993164007597768,1
2020-10-16,0.0001302016737313101,-0.011410594801819496,0.32899999999999885,242392000.0,27.40999984741211,0.003799483409219542,0
2020-10-19,0.0005278446177684932,-0.02297486926553649,0.5766999999999989,298068000.0,29.18000030517578,0.005584807691512512,1
2020-10-20,0.00011844159889964327,0.010883087746574649,0.2927999999999997,229212000.0,29.350000381469727,0.004447159201088458,0
2020-10-21,7.893895591407227e-05,-0.008884759755563021,0.31400000000000006,219596000.0,28.649999618530273,0.005901552829542327,1
2020-10-22,0.0001484747510456634,-0.012185021585769285,0.3800000000000008,290480000.0,28.110000610351562,0.006020182434973615,1
2020-10-23,0.00028930367087953365,0.017008929151464347,0.3019999999999996,233484000.0,27.549999237060547,0.0031548524966091627,0
2020-10-26,0.0011287323157480888,-0.03359661167064454,0.6542999999999992,336896000.0,32.459999084472656,0.007895825995336133,1
2020-10-27,0.00037108394946228914,0.019263539380453665,0.2505000000000006,250520000.0,33.349998474121094,0.003646851971752079,0
2020-10-28,0.003502094153467603,-0.059178494011487004,0.6509999999999998,376520000.0,40.279998779296875,0.006820384458367961,1
2020-10-29,0.0009583006081006112,0.030956430803640966,0.4428000000000001,320080000.0,37.59000015258789,0.0067629965106407045,0
2020-10-30,0.0014706348683110272,-0.03834885745770045,0.6364999999999998,416820000.0,38.02000045776367,0.009426939111308654,1
2020-11-02,1.38897124459094e-05,0.003726890452630638,0.44180000000000064,299652000.0,37.130001068115234,0.006182958696868056,0
2020-11-03,0.0011748710026181477,0.03427639133015825,0.5022000000000002,272900000.0,35.54999923706055,0.005912839839511564,0
2020-11-04,0.0033408377314980814,0.05779998037627765,0.4905000000000008,410228000.0,29.56999969482422,0.010929006204461194,1
2020-11-05,0.0006850193493342013,0.026172874304023264,0.34800000000000075,319028000.0,27.579999923706055,0.008086599857570117,0
2020-11-06,0.0007836812639911636,0.027994307706945776,0.6938000000000013,383348000.0,24.860000610351562,0.007870721472682411,0
2020-11-09,0.004367023411890942,-0.06608345792928016,1.0807000000000002,582976000.0,25.75,0.013018041577016765,1
2020-11-10,0.0042553792538021235,-0.06523326799879126,0.9782000000000011,644068000.0,24.799999237060547,0.012533606417016382,0
2020-11-11,0.0024500934930278277,0.04949841909624819,0.48680000000000057,404744000.0,23.450000762939453,0.007939043050097369,0
2020-11-12,8.337456174818304e-06,0.0028874653547390494,0.4499999999999993,365812000.0,25.350000381469727,0.004716964003972121,0
2020-11-13,0.00014270951118154176,-0.011946108620866536,0.6095999999999986,346312000.0,23.100000381469727,0.008823749753881357,1
2020-11-16,0.0002651664142108371,0.016283931165748555,0.49349999999999916,413776000.0,22.450000762939453,0.007547924814735362,0
2020-11-17,4.778023008083565e-05,-0.006912324506331835,0.2923999999999989,312028000.0,22.709999084472656,0.007318009386687413,0
2020-11-18,2.416723419948508e-07,0.0004916018124405674,0.42079999999999984,510924000.0,23.84000015258789,0.011323337629901018,1
2020-11-19,7.200567724277061e-07,0.0008485615902382726,0.38750000000000107,565936000.0,23.110000610351562,0.004006634313448799,0
2020-11-20,0.0007059498809423607,-0.0265697173666255,0.4295000000000009,341088000.0,23.700000762939453,0.0046234434263751545,1
2020-11-23,1.5844495576645485e-05,0.003980514486425779,0.3670000000000009,361356000.0,22.65999984741211,0.004721525011354981,1
2020-11-24,0.00019518344872438342,-0.013970807017648745,0.277000000000001,346500000.0,21.639999389648438,0.004410147201792544,0
2020-11-25,0.0004477252053418267,0.021159518079148842,0.24950000000000117,259916000.0,21.25,0.004947669086387879,1
2020-11-27,4.001180286687588e-06,0.002000295049908285,0.2370000000000001,167276000.0,20.84000015258789,0.003762695860510675,0
2020-11-30,0.00011059933456068974,0.01051662182265245,0.4402999999999988,286952000.0,20.56999969482422,0.005131586730033318,1
2020-12-01,7.369901208917586e-07,-0.0008584812874441461,0.3006000000000011,296948000.0,20.770000457763672,0.005236062194871829,1
2020-12-02,0.00013161598842728974,0.01147240116223669,0.43930000000000113,283360000.0,21.170000076293945,0.005379560104577691,1
2020-12-03,0.0001215375261834974,-0.011024405933359738,0.3309999999999995,199520000.0,21.280000686645508,0.003193731863234576,0
2020-12-04,0.00014485026117007536,0.012035375406279414,0.17120000000000068,202244000.0,20.790000915527344,0.0035492013872455916,1
2020-12-07,1.2803067578313695e-05,0.0035781374454195713,0.2311999999999994,223244000.0,21.299999237060547,0.002890170071962191,0
2020-12-08,0.0003630275906925734,-0.01905328293739883,0.31730000000000125,271920000.0,20.68000030517578,0.0036068104256658674,1
2020-12-09,0.0010178857852549872,-0.031904322360065684,0.5457000000000001,401300000.0,22.270000457763672,0.005791059209544907,1
2020-12-10,1.0217891389649545e-05,0.0031965436630287947,0.21929999999999872,207764000.0,22.520000457763672,0.006313433713632294,1
2020-12-11,9.95794246571424e-06,0.0031556207734317887,0.19699999999999918,209264000.0,23.309999465942383,0.003076653285692401,0
2020-12-14,0.0005045074660262497,0.02246124364380231,0.31129999999999924,270156000.0,24.719999313354492,0.004426374331716356,1
2020-12-15,1.503207493651604e-05,0.0038771219914410793,0.27720000000000056,193016000.0,22.889999389648438,0.0035316174747903914,0
2020-12-16,7.869886580572972e-05,-0.008871238121352043,0.22470000000000034,223116000.0,22.5,0.004348115811471905,1
2020-12-17,5.5140085267319854e-05,0.007425637027711485,0.2010000000000005,231384000.0,21.93000030517578,0.0019564189166084234,0
2020-12-18,2.7044561383920375e-05,-0.0052004385761126315,0.33450000000000024,342064000.0,21.56999969482422,0.0026670879304859993,1
2020-12-21,2.0481136322869903e-05,0.004525608944978554,0.40249999999999986,302332000.0,25.15999984741211,0.006147607963952943,1
2020-12-22,1.6471983465610533e-05,-0.004058569140178658,0.283199999999999,185580000.0,24.229999542236328,0.0037894658212159166,0
2020-12-23,0.0004185750339345608,-0.02045910638162285,0.2699999999999996,179144000.0,23.309999465942383,0.004183821630273663,1
2020-12-24,1.421259034058696e-06,-0.001192165690690139,0.19379999999999953,97884000.0,21.530000686645508,0.0033738665271884198,0
2020-12-28,5.249015907611162e-05,-0.0072450092530038646,0.29930000000000057,212564000.0,21.700000762939453,0.002317094207687958,0
2020-12-29,1.1228989058086157e-05,0.0033509683761692166,0.23019999999999996,170372000.0,23.079999923706055,0.0019015845094356575,0
2020-12-30,0.00024099570082767785,0.015524036228625526,0.31700000000000017,225396000.0,22.770000457763672,0.0035538892181697468,1
2020-12-31,4.8040338804218575e-05,-0.006931113821329049,0.23600000000000065,192424000.0,22.75,0.004100498756209539,1
2021-01-04,1.999012509874233e-05,0.004471031771162259,0.6899999999999995,560640000.0,26.969999313354492,0.007219161911123509,1
2021-01-05,0.00048270804863709765,0.021970617848324103,0.3565000000000005,322760000.0,25.34000015258789,0.007061997106201831,0
2021-01-06,0.0036924953098571803,-0.060765905817795396,0.6589999999999989,580424000.0,25.06999969482422,0.007944844772365471,1
2021-01-07,0.0031606771181861095,0.05621989966360763,0.49130000000000074,461480000.0,22.3700008392334,0.005799966284259398,0
2021-01-08,2.5489315750225085e-05,-0.005048694459979242,0.37899999999999956,292528000.0,21.559999465942383,0.00436524862630382,0
2021-01-11,0.0006569622919304012,0.025631275659443897,0.5984999999999996,518344000.0,24.079999923706055,0.00941715011828197,1
2021-01-12,0.00010173348053457332,-0.010086301628177363,0.40949999999999953,291476000.0,23.329999923706055,0.005148522167874551,0
2021-01-13,1.21058474764312e-05,0.003479345840302628,0.2400000000000002,210028000.0,22.209999084472656,0.003354863490334567,0
2021-01-14,0.0006155604157910762,-0.024810490035287014,0.4192999999999998,283120000.0,23.25,0.0043558144686971795,1
2021-01-15,0.000683777689461829,-0.026149143187910173,0.476700000000001,277780000.0,24.34000015258789,0.0060477946647975196,1
2021-01-19,0.00016391949259996643,0.012803104803131404,0.25,226188000.0,23.239999771118164,0.0056833431009711746,0
2021-01-20,0.0006663245482143687,0.02581326302919429,0.3736999999999995,258572000.0,21.579999923706055,0.003365666424984753,0
2021-01-21,0.001357831652277094,0.036848767310143415,0.7462999999999997,337780000.0,21.31999969482422,0.005077127658178707,1
2021-01-22,0.00012634091235762913,-0.01124014734590384,0.21449999999999925,246820000.0,21.90999984741211,0.002425016955341825,0
2021-01-25,1.8782682370153947e-05,-0.004333899210890113,0.5920000000000005,251112000.0,23.190000534057617,0.008367289577237813,1
2021-01-26,0.0002590747114314356,-0.01609579794329674,0.25730000000000075,163980000.0,23.020000457763672,0.0026317824578905693,0
2021-01-27,0.0015422839541461323,-0.03927192322953044,0.43900000000000006,371272000.0,37.209999084472656,0.007541550650916613,1
2021-01-28,0.00010523792950942594,0.010258553967759099,0.37930000000000064,228316000.0,30.209999084472656,0.0063212767643842805,0
2021-01-29,2.2093055859776484e-05,-0.004700325080223333,0.42329999999999934,271552000.0,33.09000015258789,0.005631984698806321,0
2021-02-01,0.00035537922668169025,0.018851504626466564,0.3680000000000003,217204000.0,30.239999771118164,0.0060177129602381465,1
2021-02-02,0.0005698880312690051,0.02387232773042891,0.2864999999999984,220440000.0,25.559999465942383,0.002911591926475091,0
2021-02-03,3.77085928012815e-06,-0.0019418700471782735,0.4153000000000002,245408000.0,22.90999984741211,0.006884034240035281,1
2021-02-04,9.682945522882874e-05,0.0098401958938239,0.335700000000001,201340000.0,21.770000457763672,0.0034893104752087407,0
2021-02-05,2.893131017023236e-05,-0.005378783335498127,0.1913999999999998,169152000.0,20.8700008392334,0.0036227145415481214,1
2021-02-08,0.0036616075698239522,0.0605112185451917,0.746500000000001,434624000.0,21.239999771118164,0.008141231715765139,1
2021-02-09,0.00014972541711828993,-0.012236233779978622,0.3606999999999996,287560000.0,21.6299991607666,0.003167946599890287,0
2021-02-10,0.0011922733125717573,0.03452931091944578,0.5634999999999994,485352000.0,21.989999771118164,0.007977834096424958,1
2021-02-11,0.0010510470653961933,0.032419856036018935,0.34719999999999906,450828000.0,21.25,0.004886049809456154,0
2021-02-12,0.0003673008099094671,-0.019165093527282018,0.5161999999999995,374756000.0,19.969999313354492,0.0051247972392852665,1
2021-02-16,0.0005933059257586988,0.024357871946430354,0.4225000000000012,321960000.0,21.459999084472656,0.0049888149342218946,0
2021-02-17,0.0007874153801676421,-0.028060922653534437,0.4435000000000002,274756000.0,21.5,0.004462241927952482,0
2021-02-18,2.682300913546893e-05,-0.005179093466570084,0.29820000000000135,233868000.0,22.489999771118164,0.004943236496666991,1
2021-02-19,4.294749389280119e-05,0.006553433748257564,0.3301999999999996,271724000.0,22.049999237060547,0.004801714933458454,0
2021-02-22,0.001519761223120896,-0.03898411501010246,0.8083000000000009,325884000.0,23.450000762939453,0.009660627254390977,1
2021-02-23,0.0002251484809592709,-0.015004948549037778,0.8492999999999995,391780000.0,23.110000610351562,0.011707316032210292,1
2021-02-24,0.000621534235427675,0.024930588349007632,0.7507999999999999,448320000.0,21.34000015258789,0.017126393375105926,1
2021-02-25,0.007353387576060028,-0.08575189546628126,1.1585999999999999,824436000.0,28.889999389648438,0.008906552016739904,0
2021-02-26,0.000907568719623668,0.030125881225678164,0.49349999999999916,500932000.0,27.950000762939453,0.0059663354891428995,0
2021-03-01,8.536526034744638e-05,0.009239332245754905,0.37180000000000035,353184000.0,23.350000381469727,0.007625504607368887,1
2021-03-02,0.0010224462230480518,-0.031975713018602914,0.5244999999999997,264116000.0,24.100000381469727,0.005766515701437797,0
2021-03-03,0.002106551672342253,-0.04589718588696101,0.6526999999999994,377592000.0,26.670000076293945,0.006979667513466803,1
2021-03-04,0.0011923033732029887,-0.03452974620820415,0.8911999999999995,573344000.0,28.56999969482422,0.012928024737511796,1
2021-03-05,5.407450529102605e-05,0.0073535369238908466,0.8707000000000011,542840000.0,24.65999984741211,0.010627907132593291,0
2021-03-08,0.005215229560666895,-0.07221654630807883,0.9047999999999998,543112000.0,25.469999313354492,0.011975052493944363,1
2021-03-09,0.005917299007961863,0.07692398200796591,0.557599999999999,521824000.0,24.030000686645508,0.010122293845728398,0
2021-03-10,1.7321443514418092e-05,-0.004161903832913261,0.5225000000000009,384376000.0,22.559999465942383,0.007245066602741903,0
2021-03-11,0.0017023718557608286,0.041259809206549036,0.3117000000000001,299916000.0,21.90999984741211,0.0074126227414105916,1
2021-03-12,0.00011317989474205961,-0.010638603984642891,0.29879999999999995,243964000.0,20.690000534057617,0.010738940931061503,1
2021-03-15,0.0006625121909543406,0.025739312169410056,0.43959999999999866,221988000.0,20.030000686645508,0.005174563642112785,0
2021-03-16,5.703604955559038e-05,0.0075522214980487945,0.3956999999999997,272128000.0,19.790000915527344,0.003755926018800841,0
2021-03-17,1.4098743534627483e-05,0.0037548293615858874,0.4637000000000011,243864000.0,19.229999542236328,0.007380877466007328,1
2021-03-18,0.0022548168660717714,-0.04748491198340554,0.46699999999999875,293896000.0,21.579999923706055,0.0062738119993171,0
2021-03-19,9.302274929401901e-05,0.009644830184820208,0.3089999999999993,299208000.0,20.950000762939453,0.004798052750479855,0
2021-03-22,0.0006840274535538988,0.026153918512412222,0.48770000000000024,297804000.0,18.8799991607666,0.00689190519653009,1
2021-03-23,7.726574443935071e-05,-0.008790093539852162,0.32319999999999993,222048000.0,20.299999237060547,0.00427273059477635,0
2021-03-24,0.0011073608792589644,-0.03327703230847012,0.5224000000000011,245840000.0,21.200000762939453,0.007310377356278145,1
2021-03-25,7.318867549385057e-05,-0.008555038018258632,0.4428000000000001,295144000.0,19.809999465942383,0.008128687166393334,1
2021-03-26,0.0005741829710998961,0.023962115330243616,0.48279999999999923,363968000.0,18.860000610351562,0.006723228288870473,0
2021-03-29,7.133496167507287e-05,0.008446002703946576,0.3625000000000007,273520000.0,20.739999771118164,0.004396937673397231,0
2021-03-30,3.502166323392251e-05,-0.005917910377314151,0.27030000000000065,200204000.0,19.610000610351562,0.0035185100900575546,0
2021-03-31,0.001320789831840622,0.03634267232662758,0.48799999999999955,314776000.0,19.399999618530273,0.006503164196073873,1
2021-04-01,0.0011656594321395183,0.03414175496572369,0.3586999999999989,308276000.0,17.329999923706055,0.004909199290683598,0
2021-04-05,0.00015978917685817025,0.012640774377314479,0.2809999999999988,255672000.0,17.90999984741211,0.003555013271231125,0
2021-04-06,8.188187859214386e-05,-0.00904886062397603,0.2806999999999995,191744000.0,18.1200008392334,0.0032558242853607056,0
2021-04-07,0.00040561724675061765,0.020139941577636655,0.532,251284000.0,17.15999984741211,0.004303856426175052,1
2021-04-08,0.00014865675842361205,0.012192487786486073,0.22250000000000014,244416000.0,16.950000762939453,0.003700278401610236,0
2021-04-09,3.3414922513840866e-05,0.005780564203764271,0.23299999999999876,195172000.0,16.690000534057617,0.004261619208896371,1
2021-04-12,0.0029876228217411227,0.05465915130827703,1.2131999999999987,869324000.0,16.90999984741211,0.011611381520797066,1
2021-04-13,0.0009282239991934139,0.03046676876850274,0.5741999999999994,676212000.0,16.649999618530273,0.005625793058933331,0
2021-04-14,0.0006762962907666811,-0.026005697275148787,0.4930000000000003,385500000.0,16.989999771118164,0.0036607043971112457,0
2021-04-15,0.003001388907805815,0.054784933218959164,0.5828000000000007,598480000.0,16.56999969482422,0.006324885691159563,1
2021-04-16,0.00019679597061980687,-0.014028398719020174,0.3006000000000011,335208000.0,16.25,0.004682599499440008,0
2021-04-19,0.0012405227526415322,-0.0352210555299175,0.5744999999999987,404420000.0,17.290000915527344,0.007600110606081856,1
2021-04-20,0.000155875590259999,-0.012485014627944935,0.5340000000000007,334132000.0,18.68000030517578,0.0067024799154414005,0
2021-04-21,0.0001537695617239073,0.012400385547389536,0.2602000000000011,216776000.0,17.5,0.004481694687711446,0
2021-04-22,0.0011414901539780684,-0.033785946101568154,0.6549999999999994,277788000.0,18.709999084472656,0.007006378859357755,1
2021-04-23,0.0007600467627511214,0.027568945622767682,0.43480000000000096,227500000.0,17.329999923706055,0.003927130963208553,0
2021-04-26,0.00019147314210880622,0.013837382054016079,0.3539999999999992,197796000.0,17.639999389648438,0.002967046726294317,0
2021-04-27,3.887109140851941e-05,-0.006234668508310559,0.3160000000000007,164572000.0,17.559999465942383,0.0020162667055236166,0
2021-04-28,4.691776838092625e-05,-0.006849654617637757,0.3166999999999991,209416000.0,17.280000686645508,0.004887627975389755,1
2021-04-29,9.84135527534734e-06,0.0031370934438341713,0.3650000000000002,173196000.0,17.610000610351562,0.004301835359166241,0
2021-04-30,0.0004321865624545191,-0.020789097201526552,0.3680000000000003,201912000.0,18.610000610351562,0.004009444197245129,0
2021-05-03,0.0001339286097030277,-0.011572752900802286,0.4593000000000007,203912000.0,18.309999465942383,0.003885370668534915,0
2021-05-04,0.001107359970969912,-0.03327701866108068,0.6273,405324000.0,19.479999542236328,0.00794942901175231,1
2021-05-05,5.54863273363467e-05,0.007448914507251825,0.42600000000000016,292024000.0,19.149999618530273,0.004829022139078136,0
2021-05-06,1.9812493429965808e-05,0.004451122715671385,0.3531999999999993,193380000.0,18.389999389648438,0.006232730160005843,1
2021-05-07,0.0003887824050219356,0.01971756590002771,0.29900000000000126,229328000.0,16.690000534057617,0.005148123232151755,0
2021-05-10,0.0014127149970133875,-0.03758610111481886,0.5559999999999992,268904000.0,19.65999984741211,0.006101275656079398,1
2021-05-11,7.997274765624883e-06,0.0028279453257842313,0.6047999999999991,285584000.0,21.84000015258789,0.009330416424458341,1
2021-05-12,0.0015238245045860383,-0.039036194801568946,0.5510000000000002,303408000.0,27.59000015258789,0.005989110555523225,0
2021-05-13,4.629931134821255e-05,-0.006804359730952836,0.6218000000000004,285404000.0,23.1299991607666,0.006936435406856549,1
2021-05-14,0.0017150450792421368,0.04141310274831067,0.5794999999999995,258616000.0,18.809999465942383,0.005563205755962953,0
2021-05-17,2.9769322086238433e-05,-0.005456127022553492,0.31569999999999965,216980000.0,19.719999313354492,0.005425021773026095,0
2021-05-18,0.00011287290838145785,-0.010624166244061595,0.4001999999999999,186256000.0,21.34000015258789,0.00448254493363417,0
2021-05-19,1.2681108550550789e-05,0.0035610544155559865,0.5362999999999989,344000000.0,22.18000030517578,0.007777148072879005,1
2021-05-20,0.001453973747973184,0.03813100769679689,0.41329999999999956,321592000.0,20.670000076293945,0.0047833637955822525,0
2021-05-21,0.0006566948568533124,0.025626058160655774,0.35249999999999915,672992000.0,20.149999618530273,0.008333182184590015,1
2021-05-24,0.0016432049427711093,0.04053646435952585,0.5689999999999991,554816000.0,18.399999618530273,0.005403137038122892,0
2021-05-25,5.246311027945583e-06,0.0022904827063188193,0.3360000000000003,435408000.0,18.84000015258789,0.006199466301669154,1
2021-05-26,1.1091433139620087e-05,0.003330380329575,0.20749999999999957,370440000.0,17.360000610351562,0.0032937521003810976,0
2021-05-27,0.00018482896871998062,-0.013595181820041269,0.28999999999999915,581476000.0,16.739999771118164,0.004506686560004442,1
2021-05-28,0.0022742273120203564,0.04768885941202994,0.7765000000000004,644536000.0,16.760000228881836,0.007904000531514598,1
2021-06-01,1.5139546675602573e-06,0.0012304286519584373,0.4850000000000012,472804000.0,17.899999618530273,0.0056539870344757244,0
2021-06-02,0.0009669367203907038,0.031095606126761766,0.6833000000000027,594168000.0,17.479999542236328,0.006702771545918201,1
2021-06-03,0.00012893304882361425,0.011354868947883734,0.6760000000000019,580008000.0,18.040000915527344,0.00582328245323487,0
2021-06-04,0.001240744566000888,0.035224204263558434,0.5655000000000001,617120000.0,16.420000076293945,0.006591503948956764,1
2021-06-07,5.3748268082460584e-06,0.002318367272078792,0.6197000000000017,575756000.0,16.420000076293945,0.004340816360015221,0
2021-06-08,8.532495611846063e-05,-0.009237150865849308,0.37049999999999983,323848000.0,17.06999969482422,0.0035099730892402116,0
2021-06-09,3.214817620373525e-05,-0.005669936172809642,0.3191999999999986,381656000.0,17.889999389648438,0.004949365531819983,1
2021-06-10,1.4708593948559413e-05,0.0038351784767542973,0.3160000000000025,287772000.0,16.100000381469727,0.0032291545883869257,0
2021-06-11,0.0005156182846077738,0.02270722978717954,0.49540000000000006,416308000.0,15.649999618530273,0.004121621092486235,1
2021-06-14,0.00011669337655645566,0.010802470854228474,0.3766999999999996,321376000.0,16.389999389648438,0.003197415312147142,0
2021-06-15,0.0001654690198752388,-0.012863476197173096,0.2881999999999998,243032000.0,17.020000457763672,0.0018149940189797853,0
2021-06-16,1.4863164669354677e-06,0.0012191457939620953,0.3703000000000003,307124000.0,18.149999618530273,0.004375677114272821,1
2021-06-17,0.0021586062790262795,0.046460803684678975,1.078800000000001,809656000.0,17.75,0.009426523719338524,1
2021-06-18,9.841954114704862e-07,-0.0009920662334090835,0.7910000000000004,968856000.0,20.700000762939453,0.006907127597820378,0
2021-06-21,0.00013023900278368047,-0.011412230403548662,0.7136999999999993,672384000.0,17.889999389648438,0.0063172803015780505,0
2021-06-22,0.0006069044817872031,0.024635431430912735,0.5777999999999999,580144000.0,16.65999984741211,0.005413018715378616,0
2021-06-23,8.067125031047282e-05,0.008981717559045865,0.24499999999999744,332356000.0,16.31999969482422,0.0016419773086669691,0
2021-06-24,6.008906099620259e-05,0.007751713423250539,0.3318000000000012,320924000.0,15.970000267028809,0.003460457222015367,1
2021-06-25,8.331066863763976e-05,-0.00912746781082463,0.4510000000000005,278364000.0,15.619999885559082,0.004631663275974741,1
2021-06-28,0.0023924584457673957,0.04891276362839658,0.759800000000002,495436000.0,15.760000228881836,0.007287420128467306,1
2021-06-29,4.36552713725584e-06,0.002089384391933624,0.44180000000000064,367632000.0,16.020000457763672,0.003320199340267975,0
2021-06-30,1.4740650664336928e-06,-0.0012141108130783174,0.2987000000000002,326568000.0,15.829999923706055,0.0018908791842277256,0
2021-07-01,0.00010856018057368868,0.010419221687520075,0.43700000000000117,480136000.0,15.479999542236328,0.0031480081060921605,1
2021-07-02,0.0001826295803064958,0.013514051217399459,0.21749999999999758,342764000.0,15.069999694824219,0.003050237662630458,0
2021-07-06,0.00010548718051822717,0.010270695230520044,0.491699999999998,446708000.0,16.440000534057617,0.00279775951645255,0
2021-07-07,0.00025311671810889137,-0.015909642299841043,0.5429999999999993,418428000.0,16.200000762939453,0.004400122490109051,1
2021-07-08,0.0005424784242378508,-0.02329116622751748,0.43219999999999814,503300000.0,19.0,0.00717689028328867,1
2021-07-09,5.4518891069470084e-05,0.007383690883932648,0.3261000000000003,296624000.0,16.18000030517578,0.002739875576008433,0
2021-07-12,0.0005193996056137124,0.02279034018205328,0.3450000000000024,321984000.0,16.170000076293945,0.003165647630169897,1
2021-07-13,0.00016588571548156085,-0.012879662863660712,0.3473000000000006,290708000.0,17.1200008392334,0.003789191748555881,1
2021-07-14,0.00041530729761258075,-0.020379089715013787,0.6649999999999991,380100000.0,16.329999923706055,0.006058974828583044,1
2021-07-15,0.0020355668111199654,-0.045117256245476245,0.9885000000000019,550564000.0,17.010000228881836,0.006426638889095779,1
2021-07-16,0.0018819987791197494,-0.04338200985569651,1.0839999999999996,688224000.0,18.450000762939453,0.0069900914476901995,1
2021-07-19,0.0011226109151184335,0.033505386359784506,1.1765000000000008,749060000.0,22.5,0.011751113067511088,1
2021-07-20,8.055583262587248e-05,-0.008975290113744094,0.6739999999999995,434687000.0,19.729999542236328,0.007357516787630005,0
2021-07-21,0.0017624768376189532,0.04198186319851649,0.7850000000000001,371017000.0,17.90999984741211,0.009772429608888003,1
2021-07-22,8.90192201227079e-05,0.009434999741531946,0.6110000000000007,323826000.0,17.690000534057617,0.0030379407874246878,0
2021-07-23,3.3818733052146426e-06,-0.0018389870323671786,0.4499999999999993,195672000.0,17.200000762939453,0.005094399033693005,1
2021-07-26,0.00018469470865111197,-0.013590243141721636,0.5279999999999987,203943000.0,17.579999923706055,0.0037868389094810277,0
2021-07-27,1.995683924270754e-05,-0.004467307829409961,0.8810000000000002,248863000.0,19.360000610351562,0.006136695492951082,1
2021-07-28,0.00023230152288740202,0.015241440971489606,0.6509999999999998,202191000.0,18.309999465942383,0.003950443366831164,0
2021-07-29,6.59269144541599e-05,0.008119539054291192,0.5250000000000021,190781000.0,17.700000762939453,0.005433432709420812,1
2021-07-30,6.929990986019069e-05,-0.008324656741283132,0.36699999999999733,183497000.0,18.239999771118164,0.002258294936221327,0
2021-08-02,0.00016359200799093433,0.012790309143681178,0.5999999999999979,217444000.0,19.459999084472656,0.004007572937972504,1
2021-08-03,1.0796056430568356e-05,0.0032857352952677665,1.0020000000000024,301811000.0,18.040000915527344,0.00437877859526422,1
2021-08-04,0.0005244123045582022,0.022900050317809395,0.490000000000002,231309000.0,17.969999313354492,0.004641627854780012,1
2021-08-05,0.0003149313145967145,0.017746304251779144,0.3910000000000018,211435000.0,17.280000686645508,0.0032014626364190914,0
2021-08-06,0.00017473502010285658,-0.013218737462513452,0.35999999999999943,178497000.0,16.149999618530273,0.003083965803408664,0
2021-08-09,1.219611360106816e-05,-0.003492293458612572,0.36499999999999844,146443000.0,16.719999313354492,0.002694454575207538,0
2021-08-10,0.0003185299611038012,-0.017847407685818162,0.5949999999999989,179238000.0,16.790000915527344,0.005044094893023717,1
2021-08-11,0.00014302412866764601,-0.011959269570824382,0.6189999999999998,185925000.0,16.170000076293945,0.00521683060439283,1
2021-08-12,0.00010822414460315558,0.010403083418061954,0.4089999999999989,151652000.0,15.59000015258789,0.0035346331031332247,0
2021-08-13,0.00019930132230438032,0.014117412025735465,0.36299999999999955,183063000.0,15.449999809265137,0.003927444213993709,1
2021-08-16,0.00014064122097204703,-0.011859225142143437,0.8339999999999996,210876000.0,16.1200008392334,0.00614132350699521,1
2021-08-17,0.0006235431890419133,-0.024970846782636613,0.5030000000000001,204585000.0,17.90999984741211,0.005677373219724703,0
2021-08-18,0.0004715962606681829,-0.021716267190016403,0.6340000000000003,285913000.0,21.56999969482422,0.007422761262749178,1
2021-08-19,0.0015240351771588182,0.039038893134396346,1.7330000000000005,766555000.0,21.670000076293945,0.015135672391235472,1
2021-08-20,0.002514119808048201,0.05014099927253346,0.9319999999999986,675741000.0,18.559999465942383,0.008278978605858085,0
2021-08-23,0.0028525870857956923,0.05340961604239158,1.0470000000000006,575807000.0,17.149999618530273,0.006476284051203547,0
2021-08-24,5.689263252402435e-05,-0.0075427204988667285,0.4239999999999995,297299000.0,17.219999313354492,0.005703351108760285,0
2021-08-25,0.0003643855596274878,0.019088885761811447,0.7479999999999976,347701000.0,16.790000915527344,0.008908763666278333,1
2021-08-26,4.289081121170768e-05,-0.006549107665301257,0.5500000000000007,237940000.0,18.84000015258789,0.003797353779175573,0
2021-08-27,0.0006458187326626667,0.025412963870093286,0.5549999999999997,304722000.0,16.389999389648438,0.003732391886583595,0
2021-08-30,5.265148175950082e-06,0.002294591069439189,0.4920000000000009,262580000.0,16.190000534057617,0.0036542277219730737,0
2021-08-31,0.00018076960228446457,-0.0134450586567878,0.5749999999999993,259850000.0,16.479999542236328,0.005391157563160226,1
2021-09-01,6.242758341433406e-06,0.0024985512485105055,0.33999999999999986,201767000.0,16.110000610351562,0.002761568633067354,0
2021-09-02,4.029138693225748e-06,-0.002007271454792736,0.29799999999999827,187834000.0,16.40999984741211,0.0014223166110856169,0
2021-09-03,0.00039055060349112256,0.019762353187085857,0.7860000000000014,280532000.0,16.40999984741211,0.0034150995864947577,1
2021-09-07,6.32853934361632e-05,-0.007955211715357624,0.37700000000000244,198107000.0,18.139999389648438,0.003911677824479317,1
2021-09-08,0.00020607989436220972,-0.014355483076588182,0.6329999999999991,254434000.0,17.959999084472656,0.005444106961248358,1
2021-09-09,5.297385607850336e-05,-0.007278314095894967,0.40700000000000003,196856000.0,18.799999237060547,0.003110441498504243,0
2021-09-10,0.00018174645567094343,0.013481337310183417,0.35600000000000165,248376000.0,20.950000762939453,0.004378434208124288,1
2021-09-13,0.00021343068892200773,-0.014609267227414513,1.105999999999998,297500000.0,19.3700008392334,0.00663789648161273,1
2021-09-14,1.6439842206030708e-05,0.004054607527989695,0.3240000000000016,199755000.0,19.459999084472656,0.002590051839125956,0
2021-09-15,1.9723919909959978e-05,0.004441161999968024,0.4009999999999998,166538000.0,18.18000030517578,0.0026618299774768834,1
2021-09-16,1.9723919909959978e-05,-0.004441161999968024,0.3500000000000014,156033000.0,18.690000534057617,0.003122545644193338,1
2021-09-17,0.00024011847180671777,-0.01549575657419533,0.4910000000000032,294503000.0,20.809999465942383,0.003732446568478787,1
2021-09-20,0.0013393896189865782,-0.03659767231650912,0.7710000000000008,349440000.0,25.709999084472656,0.009045431634999148,1
2021-09-21,3.943435392333776e-05,0.006279677851875665,0.4750000000000014,204688000.0,24.360000610351562,0.005720056475217845,0
2021-09-22,0.001036092470233326,0.032188390301991276,0.7639999999999993,268726000.0,20.8700008392334,0.004591822541093384,0
2021-09-23,0.0005933100389998709,0.024357956379792434,0.6449999999999996,248555000.0,18.6299991607666,0.003466049088126537,0
2021-09-24,0.00032390924319938185,-0.017997478801192734,0.28800000000000026,217655000.0,17.75,0.004105861715905669,1
2021-09-27,0.00037057284369654937,-0.019250268665568004,0.4740000000000002,245215000.0,18.760000228881836,0.005106483185016423,1
2021-09-28,0.002059512458927642,-0.045381851647190885,0.7680000000000007,343069000.0,23.25,0.006971280301597166,1
2021-09-29,7.799679013408219e-05,-0.008831579141585166,0.5500000000000007,218394000.0,22.559999465942383,0.005786443665773885,0
2021-09-30,9.317148554754507e-05,0.009652537777576686,0.3780000000000001,221009000.0,23.139999389648438,0.003708190448497381,0
2021-10-01,1.5732223468918933e-06,0.001254281605897134,0.6560000000000024,240978000.0,21.100000381469727,0.007428552809047785,1
2021-10-04,0.002491901249226906,-0.049918946796050356,0.9870000000000019,345635000.0,22.959999084472656,0.007585814532511342,1
2021-10-05,0.0012809310917482283,0.03579009767726582,0.7940000000000005,279282000.0,21.299999237060547,0.006053487974720971,0
2021-10-06,0.00014645644886950127,0.012101919222565538,0.6400000000000006,297202000.0,21.0,0.00780357815966226,1
2021-10-07,0.00032233906430328914,0.01795380361659582,0.34999999999999787,256919000.0,19.540000915527344,0.005059849630755401,0
2021-10-08,0.00013561166324484083,-0.011645242086141483,0.43100000000000094,151258000.0,18.770000457763672,0.004069191442555835,0
2021-10-11,4.2904289492831895e-05,-0.006550136601081835,0.5519999999999996,163388000.0,20.0,0.00599532427169726,1
2021-10-12,1.3464663893603038e-06,-0.0011603733835969798,0.5289999999999999,162134000.0,19.850000381469727,0.003991759170017917,0
2021-10-13,0.00016593811742154503,0.012881696993080727,0.27699999999999747,180652000.0,18.639999389648438,0.003983805874221984,0
2021-10-14,0.0014300788810903441,0.03781638376537799,0.6329999999999991,243589000.0,16.860000610351562,0.004324425835728012,1
2021-10-15,2.830386084920812e-05,0.005320137296086269,0.2690000000000019,226994000.0,16.299999237060547,0.002339512804642486,0
2021-10-18,0.00026676098596545614,0.016332819290173273,0.647000000000002,189494000.0,16.309999465942383,0.004015698048829196,1
2021-10-19,9.335213950050188e-06,0.0030553582359602593,0.3420000000000023,161473000.0,15.699999809265137,0.0034170497024847684,0
2021-10-20,7.097727998536282e-05,-0.008424801480471977,0.4510000000000005,146276000.0,15.489999771118164,0.0022305771603253624,0
2021-10-21,0.0006916423213946627,0.026299093547015318,0.6280000000000001,187590000.0,15.010000228881836,0.004549969660370808,1
2021-10-22,2.2416199119298768e-06,0.0014972040314966684,0.5689999999999991,249384000.0,15.430000305175781,0.004770304200175765,1
2021-10-25,0.0003677206256876968,0.01917604301433684,0.5850000000000009,230235000.0,15.239999771118164,0.00518528040990006,1
2021-10-26,0.004199763133217255,0.06480557949140842,1.3350000000000009,485898000.0,15.979999542236328,0.010087707763983926,1
2021-10-27,0.00011707567029327085,-0.010820151121554211,0.8079999999999998,245990000.0,16.979999542236328,0.004348194835044238,0
2021-10-28,0.000393701820993936,0.01984192079900371,0.4269999999999996,234204000.0,16.530000686645508,0.004960717928728866,1
2021-10-29,0.0006145154307363175,0.024789421750745166,0.7089999999999996,292503000.0,16.260000228881836,0.005262683651692774,1
2021-11-01,0.00010237390202714936,0.010117998914170201,0.666999999999998,265740000.0,16.40999984741211,0.005032794922959712,0
2021-11-02,0.00048318334744402715,0.02198143187883872,0.8780000000000001,294112000.0,16.030000686645508,0.005066079677274094,1
2021-11-03,5.5266389488379655e-05,0.007434136768205146,0.5489999999999995,239910000.0,15.100000381469727,0.004946081087788335,0
2021-11-04,0.012929037381093038,0.11370592500434196,4.247,1153631000.0,15.4399995803833,0.013661893493838905,1
2021-11-05,2.7079775477618203e-06,-0.0016455933725443295,1.9899999999999984,851260000.0,16.479999542236328,0.012828481573365254,0
2021-11-08,0.00120743705952713,0.03474819505423454,1.1930000000000014,503101000.0,17.219999313354492,0.007198571837956624,0
2021-11-09,2.2882162885112508e-05,-0.004783530378821954,2.3460000000000036,646746000.0,17.780000686645508,0.015112109563073092,1
2021-11-10,0.0015889435806599162,-0.03986155517111589,2.0720000000000027,636206000.0,18.729999542236328,0.011305463857310728,0
2021-11-11,0.0009680897578240434,0.031114140801636214,0.8129999999999988,332172000.0,17.65999984741211,0.006109063523418567,0
2021-11-12,0.0,0.0,1.0500000000000007,413054000.0,16.290000915527344,0.008813415852321517,1
2021-11-15,0.00014600466382861467,-0.012083238962654619,1.3969999999999985,384909000.0,16.489999771118164,0.006614240414686262,0
2021-11-16,3.4938611482871855e-05,0.0059108892294537085,0.684000000000001,264484000.0,16.3700008392334,0.004832087054796689,0
2021-11-17,0.0010039826869962434,-0.031685685837555155,1.7089999999999996,428508000.0,17.110000610351562,0.014130388636585669,1
2021-11-18,0.006284074534444577,0.07927215484925698,1.4389999999999965,781711000.0,17.59000015258789,0.009560328037559058,0
2021-11-19,0.0016422907382362835,0.04052518646763126,1.1829999999999998,533867000.0,17.90999984741211,0.006106754168005343,0
2021-11-22,0.001004443463506617,-0.031692956055038746,2.747,754335000.0,19.170000076293945,0.013939784481486013,1
2021-11-23,4.3470595722008035e-05,-0.00659322346974589,1.4800000000000004,532163000.0,19.3799991607666,0.011256763487392104,0
2021-11-24,0.0008301844427297822,0.028812921454267393,1.926999999999996,435162000.0,18.579999923706055,0.007012239542712376,0
2021-11-26,0.0013320219002658973,-0.03649687521235068,1.3599999999999994,283069000.0,28.6200008392334,0.010547135986634567,1
2021-11-29,0.0033355591022337775,0.05775429942639576,1.3759999999999977,454964000.0,22.959999084472656,0.007375488429644978,0
2021-11-30,0.0004492795446861968,-0.021196215338739055,1.4890000000000008,622066000.0,27.190000534057617,0.010262055539150022,1
2021-12-01,0.0014991564420778277,-0.03871894164459855,1.9090000000000025,484368000.0,31.1200008392334,0.009383760273186024,0
2021-12-02,0.0004727906336451641,0.021743749300549897,1.453000000000003,472890000.0,27.950000762939453,0.008636122891698138,0
2021-12-03,0.0020821932324928075,-0.045631055570661605,1.9989999999999988,544325000.0,30.670000076293945,0.010646143421067717,1
2021-12-06,0.0004667613553294126,-0.021604660500211814,2.2029999999999994,658938000.0,27.18000030517578,0.01730714538805303,1
2021-12-07,0.005861656244332337,0.07656145403747461,1.7979999999999983,593053000.0,21.889999389648438,0.010785862031727092,0
2021-12-08,0.00034998340146803666,-0.018707843314183403,0.8689999999999998,475551000.0,19.899999618530273,0.005615212853345506,0
2021-12-09,0.0018391064816901794,-0.042884804787828745,1.7769999999999975,488507000.0,21.579999923706055,0.005232830372705335,0
2021-12-10,9.260336032247075e-05,-0.009623063977885149,1.443999999999999,488825000.0,18.690000534057617,0.007185968508947214,1
2021-12-13,0.004877298055803152,-0.0698376549993136,2.178000000000001,598344000.0,20.309999465942383,0.010883975580569246,1
2021-12-14,3.881700182783072e-05,0.00623032919096822,1.4280000000000008,667035000.0,21.889999389648438,0.010341824984238114,0
2021-12-15,0.00521473842247045,0.07221314577326243,2.661999999999999,698297000.0,19.290000915527344,0.01349989502682495,1
2021-12-16,0.004963233934390182,-0.07045022309680915,3.067,707366000.0,20.56999969482422,0.01340960953799094,0
2021-12-17,0.0004351105056977112,-0.020859302617722175,1.161999999999999,713758000.0,21.56999969482422,0.009081218583806774,0
2021-12-20,8.72548171538861e-06,-0.002953892637755917,0.9989999999999988,461847000.0,22.8700008392334,0.013408271734628652,1
2021-12-21,0.002281074890372957,0.04776059976982028,1.7190000000000012,524385000.0,21.010000228881836,0.010108119537466475,0
2021-12-22,0.00012356492109660827,0.011115975939907763,1.105999999999998,395184000.0,18.6299991607666,0.005760649489107728,0
2021-12-23,6.609895012954252e-05,0.008130126083250033,0.6280000000000001,343022000.0,17.959999084472656,0.003972186744772538,0
2021-12-27,0.00185645809523798,0.04308663476343888,1.4469999999999992,403686000.0,17.68000030517578,0.006619413894266414,1
2021-12-28,0.0004136307268324663,-0.020337913531935037,1.3179999999999978,420591000.0,17.540000915527344,0.0064983912867569455,0
2021-12-29,0.00011326934551025867,-0.010642807219444439,1.1819999999999986,343139000.0,16.950000762939453,0.004170538794706788,0
2021-12-30,0.00019402924215732847,-0.013929437969901315,0.9170000000000016,308864000.0,17.329999923706055,0.005351438752869525,1
2021-12-31,3.5194822525712785e-05,-0.005932522442074095,0.6990000000000016,266530000.0,17.219999313354492,0.0034080633250626936,0
2022-01-03,0.000569006106571444,0.023853848883805817,0.9259999999999984,391547000.0,16.600000381469727,0.00700829971815379,1
2022-01-04,0.0007826813110154576,-0.02797644207213379,2.1189999999999998,527154000.0,16.90999984741211,0.012226932631077846,1
2022-01-05,0.0035147670813300527,-0.059285471081286456,1.8829999999999991,498064000.0,19.729999542236328,0.007948061455403773,0
2022-01-06,0.0004235710521902989,0.02058084187272957,1.3729999999999976,454186000.0,19.610000610351562,0.006573225886883472,0
2022-01-07,0.001128832883051505,-0.03359810832549215,1.365000000000002,409939000.0,18.760000228881836,0.009999791261400222,1
2022-01-10,3.135540915846122e-05,0.005599590088431583,1.8250000000000028,594681000.0,19.399999618530273,0.010885802108173347,1
2022-01-11,0.00022814082092071606,0.015104331197398846,1.2260000000000026,404089000.0,18.40999984741211,0.008594577868410187,0
2022-01-12,4.252931871467473e-05,0.006521450660295969,0.9869999999999983,383413000.0,17.6200008392334,0.004794559869022408,0
2022-01-13,0.0027246177394076422,-0.052197871023707876,1.9819999999999993,540171000.0,20.309999465942383,0.009788930450548548,1
2022-01-14,0.00018811447524998178,0.013715483048364785,0.9869999999999983,395832000.0,19.190000534057617,0.011483336333818563,1
2022-01-18,0.0015466613143967484,-0.03932761516284389,0.8680000000000021,424270000.0,22.790000915527344,0.008605552830812864,0
2022-01-19,0.0010762698568794428,-0.03280655204192362,1.4909999999999997,488315000.0,23.850000381469727,0.012218315258449377,1
2022-01-20,0.0013888933869691444,-0.03726785997302695,1.5010000000000012,435181000.0,25.59000015258789,0.009872526387492682,0
2022-01-21,0.00106668125591061,-0.032660086587616544,1.5599999999999987,718958000.0,28.850000381469727,0.008412201814239557,0
2022-01-24,7.322022746487099e-09,-8.556881877463951e-05,2.4919999999999973,913982000.0,29.899999618530273,0.016324999020265345,1
2022-01-25,0.0021046433214678287,-0.045876391766003444,0.9430000000000014,664616000.0,31.15999984741211,0.016371361388649107,1
2022-01-26,0.000394792188570322,0.01986937816264822,1.756999999999998,755959000.0,31.959999084472656,0.013149807521751768,0
2022-01-27,0.0013718102923297617,-0.037037957453533554,2.3200000000000003,573353000.0,30.489999771118164,0.009437012978400253,0
2022-01-28,0.0016015708775827583,0.04001963115250762,1.5620000000000012,543774000.0,27.65999984741211,0.016948612741450337,1
2022-01-31,0.004842509348895978,0.0695881408639143,1.4570000000000007,564680000.0,24.829999923706055,0.0075898229168017885,0
2022-02-01,3.8296800624998116e-05,0.00618844088805881,1.254999999999999,518925000.0,21.959999084472656,0.015842198778634374,1
2022-02-02,0.00058657484592986,0.024219307296656112,1.2639999999999993,543419000.0,22.09000015258789,0.011376179393740641,0
2022-02-03,0.002769333871684069,-0.05262446077333305,1.2970000000000006,410178000.0,24.350000381469727,0.010599723246701364,0
2022-02-04,0.0002363329651454873,0.015373124768422564,1.0030000000000001,354829000.0,23.219999313354492,0.008673449777085722,0
2022-02-07,0.00027816459006615687,0.016678266998287228,0.9799999999999969,376868000.0,22.860000610351562,0.006142114660696262,0
2022-02-08,0.00023257212667644668,0.015250315625469746,1.25,410359000.0,21.440000534057617,0.007827936778689398,1
2022-02-09,0.0038024850726835553,0.061664293336448406,1.3719999999999999,524282000.0,19.959999084472656,0.008280880011347755,1
2022-02-10,0.0011253691184500432,-0.033546521704195253,1.3249999999999993,513200000.0,23.90999984741211,0.009039815890095015,1
2022-02-11,0.005681801087845247,-0.07537772275576682,2.3790000000000013,605472000.0,27.360000610351562,0.010882008639925738,1
2022-02-14,0.00017399808505192546,0.013190833372153765,1.120000000000001,440424000.0,28.329999923706055,0.014354221085906444,1
2022-02-15,0.007715625489611831,0.08783863324080032,1.7610000000000028,699869000.0,25.700000762939453,0.013013968110637326,0
2022-02-16,3.644600400477428e-07,0.0006037052592513525,1.0300000000000011,732676000.0,24.290000915527344,0.011224476548600404,0
2022-02-17,0.006178109368591239,-0.07860095017613489,1.620000000000001,810595000.0,28.110000610351562,0.012507495708406771,1
2022-02-18,0.0012912523344149368,-0.03593399969965683,1.8859999999999992,761255000.0,27.75,0.01340997820450764,1
2022-02-22,0.00011483717245472159,-0.010716210732097498,1.064,633422000.0,28.809999465942383,0.011450893033828602,0
2022-02-23,0.0019209065001634185,-0.04382814735034346,1.8540000000000028,566511000.0,31.020000457763672,0.00853575118986843,0
2022-02-24,0.0034831105330042945,0.05901788316268464,2.91,735801000.0,30.31999969482422,0.020246847055400998,1
2022-02-25,0.00029158556721664504,0.017075876762750575,0.8359999999999985,528866000.0,27.59000015258789,0.009341820749924436,0
2022-02-28,8.824716067585559e-05,0.009393995990836679,0.9579999999999984,477319000.0,30.149999618530273,0.011292843706639728,1
2022-03-01,0.0014399725836859306,-0.03794697067864483,1.2449999999999974,412056000.0,33.31999969482422,0.006867456857658423,0
2022-03-02,0.0009707910302151308,0.031157519641574982,0.9939999999999998,389642000.0,30.739999771118164,0.005676792424000204,0
2022-03-03,0.0004457649800046101,-0.021113147089067752,0.8569999999999993,365095000.0,30.479999542236328,0.011490853513856468,1
2022-03-04,0.0011127469875540142,-0.03335786245480987,1.1980000000000004,431415000.0,31.979999542236328,0.010398600909066887,0
2022-03-07,0.005121165139818439,-0.07156231647884548,1.703000000000003,450821000.0,36.45000076293945,0.011076546897825508,1
2022-03-08,5.713052781172575e-05,0.007558473907590457,1.7230000000000025,557467000.0,35.130001068115234,0.014490121621080659,1
2022-03-09,0.004542603686112578,0.06739884039145316,0.972999999999999,492742000.0,32.45000076293945,0.00903415010405954,0
2022-03-10,0.00024303986698979174,-0.015589735949970152,0.9059999999999988,428066000.0,30.229999542236328,0.007736188964397449,0
2022-03-11,0.0006217732718747673,-0.024935381927589706,1.0990000000000002,367209000.0,30.75,0.008262680265409,1
2022-03-14,0.0012576297622505785,-0.03546307604044774,1.1030000000000015,385354000.0,31.770000457763672,0.010448281096823414,1
2022-03-15,0.005506394020508163,0.07420508082677468,1.716000000000001,491996000.0,29.829999923706055,0.011831767939827195,1
2022-03-16,0.004120385063258538,0.06419022560529397,1.4250000000000007,671422000.0,26.670000076293945,0.009665922055418103,0
2022-03-17,0.00012016338046889502,0.010961905877578726,0.9359999999999999,471941000.0,25.670000076293945,0.008732404824121196,0
2022-03-18,0.004342523818117043,0.06589782862975868,1.9450000000000003,730719000.0,23.8700008392334,0.014539307434093318,1
2022-03-21,0.00011165282690389602,0.010566590126615871,1.1850000000000023,591727000.0,23.530000686645508,0.011508315528200476,0
2022-03-22,6.219183566524812e-05,-0.007886180042659952,1.1660000000000004,547007000.0,22.940000534057617,0.0067191739039690595,0
2022-03-23,0.0011648833986136991,-0.03413038819898917,1.036999999999999,502120000.0,23.56999969482422,0.009603533677664311,1
2022-03-24,0.008766157307431702,0.09362775927806721,2.4130000000000003,877379000.0,21.670000076293945,0.010415822880073415,1
2022-03-25,0.00026908438443090296,-0.01640379176992024,1.0869999999999997,579016000.0,20.809999465942383,0.005903715514626363,0
2022-03-28,0.00035539591021272875,0.018851947119932433,1.0440000000000005,425494000.0,19.6299991607666,0.0075250742893172235,1
2022-03-29,0.00023615499676266934,0.015367335382644232,0.9660000000000011,488984000.0,18.899999618530273,0.007265299634165389,0
2022-03-30,0.0011759075302060556,-0.034291508135485316,0.9929999999999986,463487000.0,19.329999923706055,0.004919445815954543,0
2022-03-31,0.00021601906486269713,-0.014697587042188154,0.9780000000000015,523440000.0,20.559999465942383,0.0078831058924281,1
2022-04-01,0.0004520236363897145,-0.021260847499328772,1.2289999999999992,517235000.0,19.6299991607666,0.007552083911520745,0
2022-04-04,0.000574522074672952,0.02396919011299614,0.9450000000000003,397120000.0,18.56999969482422,0.007299625546608679,0
2022-04-05,0.0028775637865426406,-0.05364292857910202,1.4989999999999988,436615000.0,21.030000686645508,0.006653093372766255,0
2022-04-06,0.003668626507589106,-0.060569187773892974,1.2970000000000006,703833000.0,22.100000381469727,0.00939471877409918,1
2022-04-07,6.702401115720674e-05,-0.00818681935535448,1.2439999999999998,557992000.0,21.549999237060547,0.010067001328561998,1
2022-04-08,0.0021186105477345525,-0.04602836677239974,0.8609999999999971,524781000.0,21.15999984741211,0.010871798650888389,1
2022-04-11,0.0028507269006027157,-0.05339219887401825,0.6600000000000001,575207000.0,24.3700008392334,0.008659458312388575,0
2022-04-12,0.00036189838647393834,-0.019023627058842862,1.4430000000000014,662258000.0,24.260000228881836,0.012764453459356189,1
2022-04-13,0.001023260968122746,0.03198845054269972,1.0450000000000017,516943000.0,21.81999969482422,0.006536510949070924,0
2022-04-14,0.0018917384547453514,-0.04349411977204909,1.6140000000000008,569097000.0,22.700000762939453,0.0074995088536958755,1
2022-04-18,0.0005951918448709033,0.024396553954829425,1.0090000000000003,525701000.0,22.170000076293945,0.008531712590606581,1
2022-04-19,0.0003561654308452103,0.018872345663568435,1.059000000000001,512781000.0,21.3700008392334,0.008372065560521854,0
2022-04-20,0.001074975536462129,-0.03278681955393248,1.4700000000000024,468974000.0,20.31999969482422,0.011480035107828147,1
2022-04-21,0.0038906043550042467,-0.06237470925787347,2.3919999999999995,656209000.0,22.68000030517578,0.00895005569129524,0
2022-04-22,0.0011328115064920404,-0.03365726528540369,0.9860000000000007,624713000.0,28.209999084472656,0.005160364321155925,0
2022-04-25,0.0003856050359102468,0.019636828560392505,0.8490000000000002,641566000.0,27.020000457763672,0.006757825993517855,1
2022-04-26,0.0033179743939146084,-0.05760186102822207,1.1179999999999986,653143000.0,33.52000045776367,0.01494773524533665,1
2022-04-27,0.00040211552047820435,-0.020052818267719985,0.8770000000000024,499460000.0,31.600000381469727,0.011646841862817142,0
2022-04-28,0.005127545753214302,0.07160688342062027,1.5470000000000006,570327000.0,29.989999771118164,0.012358644937173422,1
2022-04-29,0.00415565659956704,-0.0644643824104989,1.6110000000000007,500435000.0,33.400001525878906,0.014466075006191993,1
2022-05-02,0.002682959460158105,0.051797292015684615,1.1830000000000034,572049000.0,32.34000015258789,0.012609671401696743,0
2022-05-03,1.2434502000172844e-05,0.0035262589241535913,0.6920000000000002,475751000.0,29.25,0.006875908447824489,0
2022-05-04,0.0013441579712561607,0.03666276000598101,1.6489999999999974,648855000.0,25.420000076293945,0.014073384287436593,1
2022-05-05,0.005791179714549128,-0.07609980101517433,1.4250000000000007,626331000.0,31.200000762939453,0.012533784693634127,0
2022-05-06,8.115901470614884e-05,-0.00900882981891371,1.522000000000002,633297000.0,30.190000534057617,0.015935692800783,1
2022-05-09,0.00939307879620089,-0.09691789719242205,1.4279999999999973,644455000.0,34.75,0.011683137383472285,0
2022-05-10,0.0013947936993298508,0.03734693694708913,1.1730000000000018,761474000.0,32.9900016784668,0.013698691297775125,1
2022-05-11,0.00318169071170962,-0.05640647756871209,1.1849999999999987,670167000.0,32.560001373291016,0.015486151137000784,1
2022-05-12,0.0007695882044462118,-0.02774145281787188,1.221,708728000.0,31.770000457763672,0.021462073388872883,1
2022-05-13,0.008178801192893352,0.09043672480189313,1.3350000000000009,670437000.0,28.8700008392334,0.009124490938751048,0
2022-05-16,0.0006390863214153944,-0.02528015667307848,0.6819999999999986,521446000.0,27.469999313354492,0.009539253046195817,1
2022-05-17,0.0026557170941940624,0.05153365011518263,0.7369999999999983,585830000.0,26.100000381469727,0.011204019870749315,1
2022-05-18,0.004983998553128367,-0.07059744013155411,1.2539999999999978,545161000.0,30.959999084472656,0.013418220467188728,1
2022-05-19,0.0001192763179434072,0.010921369783292167,0.9529999999999994,621310000.0,29.350000381469727,0.01091916321961049,0
2022-05-20,0.0006467670340900724,-0.025431614854154905,1.6549999999999994,739105000.0,29.43000030517578,0.016931860167207154,1
2022-05-23,0.00014752284556516333,0.012145898302108549,0.7360000000000007,639889000.0,28.479999542236328,0.008863293810698478,0
2022-05-24,0.002027482484314039,-0.045027574710548635,0.817000000000002,588550000.0,29.450000762939453,0.012648226229441213,1
2022-05-25,0.0024575791385522934,0.04957397642465544,1.1110000000000007,781132000.0,28.3700008392334,0.019770263584199487,1
2022-05-26,0.002531886594261076,0.05031785562065494,2.0700000000000003,996575000.0,27.5,0.014529561782936778,0
2022-05-27,0.0027439028437036537,0.05238227604546841,0.7809999999999988,738379000.0,25.719999313354492,0.0065122567803174575,0
2022-05-31,5.500787746531211e-05,-0.007416729566683156,0.8499999999999979,664100000.0,26.190000534057617,0.007730865881129593,1
2022-06-01,0.0003622062252557757,-0.019031716298215873,0.9310000000000009,544514000.0,25.690000534057617,0.00871710909078583,1
2022-06-02,0.004506163067985198,0.06712796040388236,1.4209999999999994,648656000.0,24.719999313354492,0.008997745985092004,1
2022-06-03,0.002072876054880022,-0.04552884860042061,0.8100000000000023,598779000.0,24.790000915527344,0.00836251199556005,0
2022-06-06,1.2386461594072669e-05,0.0035194405228775594,0.7729999999999997,422406000.0,25.06999969482422,0.008290907826425333,0
2022-06-07,5.512656380349311e-05,0.0074247265137170615,0.8120000000000012,388914000.0,24.020000457763672,0.005441657659177295,0
2022-06-08,0.00021897300116061137,-0.014797736352584856,0.6449999999999996,363252000.0,23.959999084472656,0.005588034021861567,1
2022-06-09,0.0010695533439366404,-0.03270402641780734,0.8919999999999995,395574000.0,26.09000015258789,0.007310237614485334,1
2022-06-10,0.0037640818638216386,-0.061352113768163186,0.8279999999999994,465248000.0,27.75,0.011562885870888136,1
2022-06-13,0.0066265389664943745,-0.08140355622756523,0.7060000000000013,604153000.0,34.02000045776367,0.013694923336850047,1
2022-06-14,0.00014415901805150494,0.01200662392396401,0.6539999999999981,469680000.0,32.689998626708984,0.00593915135605714,0
2022-06-15,0.0018241080456608187,0.04270957791480523,0.9419999999999984,563936000.0,29.6200008392334,0.004985983501752314,0
2022-06-16,0.0033247208509812735,-0.05766039239357701,0.5410000000000004,545749000.0,32.95000076293945,0.014925675206024999,1
2022-06-17,0.00031419126055448273,0.01772544105387741,0.6669999999999998,630334000.0,31.1299991607666,0.00742699189656766,0
2022-06-21,0.0017886087266703484,0.042291946357082555,0.6009999999999991,483089000.0,30.190000534057617,0.012102069269440926,1
2022-06-22,0.00015657694588785804,-0.012513071001471143,0.4819999999999993,437135000.0,28.950000762939453,0.009938827118586086,0
2022-06-23,6.86589325861673e-05,-0.00828606858444747,0.7320000000000011,463680000.0,29.049999237060547,0.009047161260659395,0
2022-06-24,0.0029208094949928834,0.0540445140138468,0.8300000000000018,472153000.0,27.229999542236328,0.008707544640851599,0
2022-06-27,0.00022861919687014868,-0.015120158625826274,0.7039999999999971,427968000.0,26.950000762939453,0.00888084953652895,1
2022-06-28,0.0029175693458901274,-0.05401452902590309,1.2570000000000014,461149000.0,28.360000610351562,0.008634761689713997,0
2022-06-29,0.0007793618015956458,-0.027917052165220557,0.6500000000000004,482352000.0,28.15999984741211,0.007699159003396921,0
2022-06-30,0.0006225834309078086,-0.02495162180916921,0.7050000000000001,686070000.0,28.709999084472656,0.009436096299944215,1
2022-07-01,0.0018370494926566098,-0.04286081535221431,0.6710000000000012,577610000.0,26.700000762939453,0.005611912190577462,0
2022-07-05,0.0008948304563941633,0.029913716860232586,0.9160000000000004,651397000.0,27.540000915527344,0.008210876603351775,1
2022-07-06,0.00012170968648479929,0.011032211314364826,0.5300000000000011,529066000.0,26.729999542236328,0.0067470271256924765,0
2022-07-07,0.002208490272103001,0.0469945770499427,0.5560000000000009,492903000.0,26.079999923706055,0.006117685110119624,0
2022-07-08,1.5926163925735419e-06,-0.0012619890619864904,0.6479999999999997,467972000.0,24.639999389648438,0.008695527533576684,1
2022-07-11,0.0019606811469257035,-0.04427957934449811,0.488999999999999,437321000.0,26.170000076293945,0.008881823924167781,1
2022-07-12,2.1442055011728e-05,-0.004630556663267171,0.5539999999999985,458483000.0,27.290000915527344,0.006232707973961047,0
2022-07-13,2.9400446669147046e-05,0.005422217873633173,0.9100000000000001,521918000.0,26.81999969482422,0.011222330275190937,1
2022-07-14,0.00018559907239734498,0.013623475048508915,0.745000000000001,456235000.0,26.399999618530273,0.008443799097749382,0
2022-07-15,0.0006277183107181307,0.025054307228860484,0.33699999999999974,385935000.0,24.229999542236328,0.003329432081799731,0
2022-07-18,0.00045281294655566927,0.02127940193134359,0.8949999999999996,670517000.0,25.299999237060547,0.011923009824267316,1
2022-07-19,0.0029010356731471003,0.053861263196727016,0.9379999999999988,702366000.0,24.5,0.0065466689375599735,0
2022-07-20,0.002194828178812393,0.04684899335964854,1.1320000000000014,760538000.0,23.8799991607666,0.011963858426712146,1
2022-07-21,0.00018371217272124987,0.013554046359713023,0.5989999999999966,557049000.0,23.110000610351562,0.005745045053188306,0
2022-07-22,0.0017091212785549153,-0.04134152003198377,0.8299999999999983,536671000.0,23.030000686645508,0.007201956881222492,1
2022-07-25,0.00029515417255509017,-0.01718005158767255,0.47499999999999787,480748000.0,23.360000610351562,0.006471748322833745,0
2022-07-26,0.0008564829284365131,-0.029265729590025824,0.44099999999999895,397865000.0,24.690000534057617,0.006010083696390505,0
2022-07-27,0.005369682593528489,0.07327811810853557,1.0229999999999997,569776000.0,23.239999771118164,0.008154314460530977,1
2022-07-28,0.00011763510935226647,0.010845972033536988,0.6999999999999993,474646000.0,22.329999923706055,0.0049567211678903525,0
2022-07-29,9.809088098882507e-05,0.00990408405602583,0.5519999999999996,435460000.0,21.329999923706055,0.0029658565595085938,0
2022-08-01,0.00023073272253638517,0.015189888825675624,0.8560000000000016,476469000.0,22.84000015258789,0.009041840324078164,1
2022-08-02,2.1148080676449673e-05,0.004598704238853557,0.8460000000000001,489527000.0,23.93000030517578,0.009280601914270978,1
2022-08-03,0.0003848004913090369,0.019616332259345448,0.8309999999999995,418146000.0,21.950000762939453,0.004104852139713317,0
2022-08-04,0.00028560124335328454,0.016899740925626183,0.5139999999999993,409652000.0,21.440000534057617,0.004620533329507138,1
2022-08-05,0.00013998107645691305,-0.011831359873527347,0.5629999999999988,386068000.0,21.149999618530273,0.007798318667241899,1
2022-08-08,0.0042321195371697925,-0.0650547426185808,0.9969999999999999,981859000.0,21.290000915527344,0.01633317753076658,1
2022-08-09,0.0016439543395281955,-0.04054570679527236,0.722999999999999,668263000.0,21.770000457763672,0.007795071289418957,0
2022-08-10,0.003304728029286381,0.05748676394863761,0.8009999999999984,597422000.0,19.739999771118164,0.010726796852624804,1
2022-08-11,7.399174671074729e-05,-0.00860184554097243,0.8309999999999995,509327000.0,20.200000762939453,0.005592820764183716,0
2022-08-12,0.00175228960254584,0.04186035836618984,0.7650000000000006,478094000.0,19.530000686645508,0.005458355621768243,0
2022-08-15,0.00029299447898777407,0.017117081497374897,0.5510000000000019,457666000.0,19.950000762939453,0.007214918547660043,1
2022-08-16,6.515040027002105e-05,-0.008071579787750416,0.6409999999999982,451240000.0,19.690000534057617,0.005654532184565213,0
2022-08-17,0.000854883548595442,-0.029238391689616616,0.5429999999999993,446799000.0,19.899999618530273,0.005642065001532397,0
2022-08-18,0.0005573313285248569,0.02360786581893537,0.6819999999999986,415447000.0,19.559999465942383,0.005076121279499418,0
2022-08-19,0.0025474412663604677,-0.05047218309485402,0.75,441588000.0,20.600000381469727,0.007186061272365041,1
2022-08-22,0.002184266551081188,-0.04673613752848205,0.5919999999999987,409593000.0,23.799999237060547,0.006588186561999532,0
2022-08-23,7.383578840359371e-05,0.00859277536094094,0.495000000000001,369986000.0,24.110000610351562,0.004917950524845792,0
2022-08-24,5.681139913684645e-06,0.002383514194143732,0.5109999999999992,522661000.0,22.81999969482422,0.009155742488800276,1
2022-08-25,0.0015475624252384275,0.0393390699589915,1.1140000000000008,770691000.0,21.780000686645508,0.010794591518605151,1
2022-08-26,0.009373841715173577,-0.0968186021133004,1.6870000000000012,769127000.0,25.559999465942383,0.011694968717466217,1
2022-08-29,0.0008199560634194732,-0.028634874950302702,0.5710000000000015,496132000.0,26.209999084472656,0.006762190538395537,0
2022-08-30,0.0004536838410965653,-0.021299855424311342,0.8570000000000011,530181000.0,26.209999084472656,0.008305432768473855,1
2022-08-31,0.0005990775073655635,-0.024476059882374113,0.5809999999999995,573710000.0,25.8700008392334,0.013472645847357871,1
2022-09-01,0.006360084786205508,-0.07975013972530398,1.1100000000000012,1178865000.0,25.559999465942383,0.01477580063334242,1
2022-09-02,0.00044215394289896613,-0.021027456881395956,0.5800000000000001,743157000.0,25.469999313354492,0.009060106710836565,0
2022-09-06,0.0001802572341283859,-0.01342599099241415,0.42799999999999905,535751000.0,26.90999984741211,0.005699746334551769,0
2022-09-07,0.0003357500145415817,0.018323482598610497,0.4919999999999991,512657000.0,24.639999389648438,0.0048988975808667385,0
2022-09-08,0.00039702873097257994,0.01992557981521692,0.6389999999999993,624873000.0,23.610000610351562,0.00543951746086351,1
2022-09-09,0.0007830053288287619,0.0279822323775063,0.34800000000000075,486612000.0,22.790000915527344,0.003368811905747926,0
2022-09-12,6.672270168297476e-05,0.008168396518471344,0.3490000000000002,484159000.0,23.8700008392334,0.004828553050217902,1
2022-09-13,0.00990374687733277,-0.09951757069649947,0.8230000000000004,714956000.0,27.270000457763672,0.015697528126348136,1
2022-09-14,5.220909175656774e-08,-0.00022849308907835209,0.3769999999999989,588507000.0,26.15999984741211,0.006431426653244808,0
2022-09-15,0.00023331045764114774,-0.015274503515373183,0.4430000000000014,523625000.0,26.270000457763672,0.008684824567243102,1
2022-09-16,0.00042404910774101274,0.020592452688813268,0.5949999999999989,670751000.0,26.299999237060547,0.005522985381879498,0
2022-09-19,0.00019169004483651723,0.01384521739939526,0.4529999999999994,569685000.0,25.760000228881836,0.008629332511595388,1
2022-09-20,0.00024066953503671054,-0.015513527485285561,0.42600000000000016,524818000.0,27.15999984741211,0.007285318265828116,0
2022-09-21,4.1350093289847454e-05,0.00643040382012261,0.9210000000000012,807679000.0,27.989999771118164,0.013774288782027945,1
2022-09-22,0.002940960252998584,-0.05423062099034626,0.7209999999999983,759162000.0,27.350000381469727,0.011370738023788289,0
2022-09-23,1.288056137379975e-05,-0.0035889498984800206,0.354000000000001,663309000.0,29.920000076293945,0.006894140511336339,0
2022-09-26,0.0005419314783202392,-0.02327942177804765,0.4450000000000003,547343000.0,32.2599983215332,0.006682257200507984,0
2022-09-27,0.00022547744817359502,0.015015906505222887,0.47800000000000153,553854000.0,32.599998474121094,0.007196796821233724,1
2022-09-28,0.0006598897108621717,0.025688318568216406,0.4690000000000012,542414000.0,30.18000030517578,0.009542293710914668,1
2022-09-29,0.0017105400274162617,-0.04135867535857818,0.5540000000000003,532763000.0,31.84000015258789,0.008322770251937719,0
2022-09-30,4.422973320526058e-05,-0.006650543827782851,0.5579999999999998,565638000.0,31.6200008392334,0.008714060706157125,1
2022-10-03,0.000915956538448716,0.030264773887288765,0.5730000000000004,547478000.0,30.100000381469727,0.006364915523466674,0
2022-10-04,0.0026036032393120362,0.05102551557125157,0.3410000000000011,584182000.0,29.06999969482422,0.00808958398701399,1
2022-10-05,1.0142416430717362e-05,0.0031847160675195774,0.6999999999999993,507131000.0,28.549999237060547,0.007939082217735292,0
2022-10-06,3.598472714446012e-05,-0.005998727127021208,0.5530000000000008,644157000.0,30.520000457763672,0.01064357632856995,1
2022-10-07,0.0070022882541426875,-0.08367967647011243,0.6479999999999997,672478000.0,31.360000610351562,0.005603633646822545,0
2022-10-10,0.00116954188541282,-0.0341985655461281,0.7160000000000011,698699000.0,32.45000076293945,0.0124429312393221,1
2022-10-11,5.218579492071386e-05,-0.007223973624032265,0.5630000000000006,667482000.0,33.630001068115234,0.010846306979878602,0
2022-10-12,5.550901603913285e-05,-0.007450437305227986,0.3899999999999988,492590000.0,33.56999969482422,0.007291983474057645,0
2022-10-13,0.0015382643402519942,0.03922071315328157,1.2649999999999988,850103000.0,31.940000534057617,0.017161471930674924,1
2022-10-14,0.004000076381067481,-0.06324615704584335,0.907,713432000.0,32.02000045776367,0.014483954746501663,0
2022-10-17,0.0032727434218129525,0.05720789649876101,0.43100000000000094,580774000.0,31.3700008392334,0.010810325358407669,0
2022-10-18,4.3869078056803794e-05,0.006623373615975758,0.8740000000000006,659362000.0,30.5,0.009402428339719809,0
2022-10-19,4.892698157704647e-05,0.0069947824538756365,0.516,523131000.0,30.760000228881836,0.008559948354072864,0
2022-10-20,0.00013915466227222602,0.011796383440369596,0.6639999999999997,652398000.0,29.979999542236328,0.01290045738497684,1
2022-10-21,0.0004866837897833761,0.022060910901034347,0.6109999999999989,609494000.0,29.690000534057617,0.008909758230204732,0
2022-10-24,0.00011262531208047935,0.010612507341833943,0.6460000000000008,517457000.0,29.850000381469727,0.008552020138741885,0
2022-10-25,0.002622459078039393,0.05120995096696923,0.636000000000001,505482000.0,28.459999084472656,0.011048832976592551,1
2022-10-26,0.0007789798742234777,-0.027910210931189283,0.6799999999999997,532953000.0,27.280000686645508,0.012026973669423015,1
2022-10-27,0.00046138211352863043,0.021479807111066673,0.7159999999999993,583113000.0,27.389999389648438,0.011409692837084755,0
2022-10-28,0.0023748406990186,0.04873233730305371,0.7889999999999997,521040000.0,25.75,0.008167403828600303,0
2022-10-31,0.0006082088998178954,-0.02466189165124799,0.5409999999999986,486341000.0,25.8799991607666,0.007420499130862454,0
2022-11-01,1.1576122610999315e-05,0.0034023701460892397,0.4060000000000006,432817000.0,25.809999465942383,0.007932006210818639,1
2022-11-02,0.0005863478254236487,-0.024214620075971638,0.9990000000000006,672628000.0,25.860000610351562,0.010751415286381993,1
2022-11-03,0.00022999105018003125,0.015165455818406226,0.8250000000000011,500065000.0,25.299999237060547,0.013765223294318533,1
2022-11-04,0.002842800387057766,0.05331791806754804,0.532,612576000.0,24.549999237060547,0.009895991717992682,0
2022-11-07,0.00010385449188084528,0.010190902407581248,0.4580000000000002,410061000.0,24.350000381469727,0.004804291532155293,0
2022-11-08,0.00043384893827755295,0.020829040743095995,0.6750000000000007,595292000.0,25.540000915527344,0.007506129368572486,1
2022-11-09,0.003390797878995875,-0.05823055794851939,0.45199999999999996,454414000.0,26.09000015258789,0.007303993619434176,0
2022-11-10,0.017932535583798852,0.13391241758626737,1.225999999999999,700819000.0,23.530000686645508,0.020931676122016532,1
2022-11-11,0.0012945470062914858,0.03597981387238525,0.907,655487000.0,22.520000457763672,0.005258373363759402,0
2022-11-14,3.848921554795546e-06,-0.001961866854502503,0.6179999999999986,527852000.0,23.729999542236328,0.006156378858016255,1
2022-11-15,0.0005068083190231021,0.022512403670490233,0.6159999999999997,545876000.0,24.540000915527344,0.010031541025305322,1
2022-11-16,0.002155083194239729,-0.046422873610319826,0.488999999999999,649547000.0,24.110000610351562,0.008925736949269632,0
2022-11-17,0.0002176560918306397,-0.014753172263301195,0.7309999999999981,710894000.0,23.93000030517578,0.008238932779475489,0
2022-11-18,0.0002973181448264703,-0.017242915786678026,0.8819999999999997,492072000.0,23.1200008392334,0.008456369301026615,1
2022-11-21,3.586131323506772e-05,-0.005988431617299117,0.39700000000000024,404739000.0,22.360000610351562,0.0037896999943342904,0
2022-11-22,0.002115777706461136,0.04599758370242002,0.9359999999999999,472866000.0,21.290000915527344,0.007738826784939318,1
2022-11-23,0.0008732218369276806,0.029550327188166303,0.47900000000000276,427241000.0,20.350000381469727,0.00624769884399262,0
2022-11-25,0.00023068483179987688,-0.015188312342056864,0.3149999999999977,167934000.0,20.5,0.0026634503933001194,0
2022-11-28,0.000762067985288883,-0.02760557887980042,0.6319999999999997,303741000.0,22.209999084472656,0.00730091116364622,1
2022-11-29,0.00014279169494431514,-0.011949547897067703,0.4120000000000008,298384000.0,21.889999389648438,0.004229492780563997,0
2022-11-30,0.006226133001971616,0.07890584897187036,1.3330000000000002,565298000.0,20.579999923706055,0.011484159340939621,1
2022-12-01,0.0001549903465637631,0.012449511900623378,0.629999999999999,470977000.0,19.84000015258789,0.006398723589660086,0
2022-12-02,0.000231973036461064,-0.0152306610644799,0.48799999999999955,371389000.0,19.059999465942383,0.007709763087542986,1
2022-12-05,0.0002524149007421253,-0.015887570636888615,0.5229999999999997,352255000.0,20.75,0.0037276686310209793,0
2022-12-06,0.0014614588603193293,-0.03822903164244851,0.7539999999999996,352694000.0,22.170000076293945,0.007951481094858525,1
2022-12-07,6.863865826019761e-05,0.008284845095727356,0.5190000000000001,372388000.0,22.68000030517578,0.005263776898321356,0
2022-12-08,0.003974633569735148,0.06304469501659238,1.2199999999999989,515456000.0,22.290000915527344,0.007832216056823224,1
2022-12-09,9.669312493655388e-05,-0.009833266239482885,0.607999999999997,465338000.0,22.829999923706055,0.007704040497857725,0
2022-12-12,0.0009564618699561939,0.030926717736549314,0.7409999999999997,457328000.0,25.0,0.004287091116419807,0
2022-12-13,0.0009099209249638234,0.030164895573560724,1.0790000000000006,656589000.0,22.549999237060547,0.012494316230398613,1
2022-12-14,0.0004959148666820602,-0.022269146069889167,0.8319999999999972,496888000.0,21.139999389648438,0.008836675618620282,0
2022-12-15,0.001739625009280187,-0.04170881212981481,0.620000000000001,478542000.0,22.829999923706055,0.008627464993665913,0
2022-12-16,0.0005167275170257249,-0.022731641318341378,0.6310000000000002,478232000.0,22.6200008392334,0.007448771897259686,0
2022-12-19,0.0003730749158636414,-0.01931514731664352,0.4640000000000022,354039000.0,22.420000076293945,0.0067170082457658,0
2022-12-20,0.00010924162077952711,-0.01045187164002348,0.4579999999999984,403260000.0,21.479999542236328,0.003277991151715051,0
2022-12-21,0.0006519761905163259,0.025533824439678554,0.5249999999999986,325025000.0,20.06999969482422,0.004365342290378069,1
2022-12-22,0.005332268034126355,-0.0730223803646961,1.256000000000002,565045000.0,21.969999313354492,0.011267106228016747,1
2022-12-23,7.583828505488852e-05,-0.008708517959727047,0.4560000000000013,349326000.0,20.8700008392334,0.0059502867813941585,0
2022-12-27,0.00548000201736134,-0.07402703571912994,1.0440000000000005,464902000.0,21.649999618530273,0.010574507603141775,1
2022-12-28,3.6452533654936345e-05,-0.00603759336614651,0.3780000000000001,351066000.0,22.139999389648438,0.0063085802306471995,0
2022-12-29,0.0015682811258582374,0.039601529337365715,0.4559999999999995,354923000.0,21.440000534057617,0.0055839997369361676,0
2022-12-30,5.669883840890222e-07,0.0007529863106916501,0.395999999999999,310490000.0,21.670000076293945,0.0053313324793154235,0
2023-01-03,0.0004273330235557789,-0.020672034818947527,0.9000000000000004,401277000.0,22.899999618530273,0.009745727872941425,1
2023-01-04,0.0008920583168994171,0.029867345327287076,0.6120000000000001,431324000.0,22.010000228881836,0.006626904019845566,0
2023-01-05,0.0011133099230981672,-0.03336629921190193,0.41600000000000037,389168000.0,22.459999084472656,0.007595101446461396,1
2023-01-06,0.0016643754313868302,0.04079675760874668,0.9759999999999991,405044000.0,21.1299991607666,0.011921186404267885,1
2023-01-09,0.002546053654435995,0.050458434918613904,0.9150000000000009,504231000.0,21.969999313354492,0.010365940602688173,0
2023-01-10,0.0003175812558786206,0.017820809630278323,0.4900000000000002,384101000.0,20.579999923706055,0.005701164867658385,0
2023-01-11,3.324944835714442e-05,0.005766233463635029,0.4649999999999981,353285000.0,21.09000015258789,0.004466552664759714,0
2023-01-12,0.0009844285993418442,0.03137560516295812,1.1449999999999996,551409000.0,18.829999923706055,0.012886545170774198,1
2023-01-13,0.0005395224763153545,0.023227623130991137,0.7570000000000014,447287000.0,18.350000381469727,0.007859580306581465,0
2023-01-17,0.002155111545309111,0.046423178965998346,0.8290000000000006,511102000.0,19.360000610351562,0.008425133538481957,1
2023-01-18,0.0003433658959495771,-0.018530134806567844,0.5910000000000011,439624000.0,20.34000015258789,0.004224896204651189,0
2023-01-19,0.0012855174062473401,-0.03585411282192519,0.4659999999999975,452932000.0,20.520000457763672,0.005016138694608392,1
2023-01-20,0.0038556265676792777,0.06209369185093827,1.0310000000000024,564967000.0,19.850000381469727,0.007414620580810608,1
2023-01-23,0.005352174528839582,0.07315855745461075,1.4269999999999996,655163000.0,19.809999465942383,0.00859602602346804,1
2023-01-24,1.4020148343295302e-05,0.0037443488543797976,0.6750000000000007,496204000.0,19.200000762939453,0.008007103465586479,0
2023-01-25,9.036746360272445e-06,0.0030061181547424987,0.7900000000000027,449537000.0,19.079999923706055,0.004897989725040281,0
2023-01-26,0.000599605649920943,0.02448684646745969,0.8880000000000017,489535000.0,18.729999542236328,0.006873985183430051,1
2023-01-27,0.0007859499213315935,0.02803479840005263,1.222999999999999,542142000.0,18.510000228881836,0.007159309992472458,1
2023-01-30,0.0037074203765633555,-0.06088858987169399,0.990000000000002,488611000.0,19.940000534057617,0.007849781653685592,1
2023-01-31,0.0003756213151874895,0.01938095238081683,0.7370000000000019,498017000.0,19.399999618530273,0.009233946993338423,1
2023-02-01,0.0048294658003473195,0.06949435804687543,1.5809999999999995,660477000.0,17.8700008392334,0.011331761130919183,1
2023-02-02,0.0012904230929544464,0.035922459450244304,1.2490000000000023,564276000.0,18.729999542236328,0.013470155978017366,1
2023-02-03,0.0008096233225988466,-0.028453880624597527,0.9559999999999995,429366000.0,18.329999923706055,0.006807201590529612,0
2023-02-06,2.7192361071874063e-07,-0.0005214629523933034,0.7839999999999989,452197000.0,19.43000030517578,0.008699366940238087,1
2023-02-07,0.0025123908094086683,0.05012375494123189,1.1090000000000018,664150000.0,18.65999984741211,0.01193002175943507,1
2023-02-08,2.079814716348338e-06,0.0014421562732063187,0.870000000000001,559651000.0,19.6299991607666,0.006435635894295185,0
2023-02-09,3.512941917763332e-05,0.005927007607354096,0.8999999999999986,523876000.0,20.709999084472656,0.007469981824310996,1
2023-02-10,0.0024188659415147746,-0.049181967645822944,1.2669999999999995,550737000.0,20.530000686645508,0.008018251596682497,1
2023-02-13,0.0005903359876931314,0.02429683081583134,1.0859999999999985,474919000.0,20.34000015258789,0.005439272858820945,0
2023-02-14,0.002795574355884854,0.052873191277667875,1.6829999999999998,675474000.0,18.90999984741211,0.010521305502456743,1
2023-02-15,8.1942506938111e-05,-0.009052210058218435,0.7489999999999988,420575000.0,18.229999542236328,0.006482090827010921,0
2023-02-16,0.0011591970121552137,-0.034046982423633576,0.6230000000000011,412026000.0,20.170000076293945,0.007564918374255095,1
2023-02-17,0.0008010791248247795,-0.02830334123075895,0.764999999999997,465888000.0,20.020000457763672,0.006609961129522575,0
2023-02-21,0.001216097968361621,-0.03487259623775696,0.8760000000000012,410015000.0,22.8700008392334,0.007345443753260088,1
2023-02-22,2.286349136760708e-05,0.004781578334358549,0.6829999999999998,513184000.0,22.290000915527344,0.01872375424703713,1
2023-02-23,0.017217614193503643,0.13121590678535755,0.8630000000000031,1117995000.0,21.139999389648438,0.00941622674913254,0
2023-02-24,0.0002592932228654404,-0.016102584353619775,0.527000000000001,589716000.0,21.670000076293945,0.006622800053031098,0
2023-02-27,8.446808090251737e-05,0.009190651821417095,0.4259999999999984,452994000.0,20.950000762939453,0.004659756992748444,0
2023-02-28,0.00014887116761506892,-0.01220127729440934,0.6189999999999998,455963000.0,20.700000762939453,0.006084313358734663,1
2023-03-01,0.0005091738664080948,-0.022564881262884917,0.7480000000000011,460026000.0,20.579999923706055,0.00408651812079803,0
2023-03-02,0.0007170197047255112,0.02677722361869339,0.9480000000000004,389415000.0,19.59000015258789,0.00656821651542798,1
2023-03-03,0.0005956490696758154,0.024405922840077476,0.7699999999999996,412393000.0,18.489999771118164,0.004256435531983074,0
2023-03-06,0.0002006275054917153,-0.014164303918361654,0.7610000000000028,437429000.0,18.610000610351562,0.006121832848554433,1
2023-03-07,0.00012899169267302878,-0.011357450976034578,0.8840000000000003,515154000.0,19.59000015258789,0.006645584089150128,1
2023-03-08,0.0014159412181357221,0.03762899438113809,0.7759999999999998,513573000.0,19.110000610351562,0.005565103348710978,0
2023-03-09,0.0009793081235045112,-0.0312938991419176,1.0710000000000015,501257000.0,22.610000610351562,0.006408066659044227,1
2023-03-10,0.00041217055047017146,-0.020301983904785548,0.9009999999999998,474866000.0,24.799999237060547,0.0084257135456611,1
2023-03-13,1.8960430318297443e-09,4.354357624070104e-05,1.0009999999999977,421890000.0,26.520000457763672,0.009354976245282899,1
2023-03-14,0.0021772050317818877,0.046660529698899555,0.7590000000000003,474910000.0,23.729999542236328,0.0073190202208983516,0
2023-03-15,4.669806252495824e-05,0.006833598065803859,0.9260000000000019,524486000.0,26.139999389648438,0.00783310311079247,1
2023-03-16,0.00278530775790798,0.05277601498699935,1.6940000000000026,583253000.0,22.989999771118164,0.0075177087808726215,0
2023-03-17,5.152766950958164e-05,0.00717827761441292,0.7310000000000016,848547000.0,25.510000228881836,0.004432155956629791,0
2023-03-20,4.596415561971298e-05,0.0067796869853786745,0.8940000000000019,432747000.0,24.149999618530273,0.007652729533579276,1
2023-03-21,0.00013175076011231665,0.011478273394213812,1.0109999999999992,547408000.0,21.3799991607666,0.006902156471760916,0
2023-03-22,0.00010435059808951371,0.010215214050107502,1.3520000000000003,797295000.0,22.260000228881836,0.009518193871693077,1
2023-03-23,0.0007262798646316703,0.026949580045553034,0.8089999999999975,564889000.0,22.610000610351562,0.005111129071586396,0
2023-03-24,0.0002331129822020132,-0.01526803792902065,0.8120000000000012,454920000.0,21.739999771118164,0.005136697068902115,1
2023-03-27,8.656697740144663e-05,-0.009304137649532418,0.6350000000000016,361026000.0,20.600000381469727,0.003888943304643377,0
2023-03-28,2.089526885969331e-05,-0.00457113430777234,0.6630000000000003,356104000.0,19.969999313354492,0.006343244061329732,1
2023-03-29,0.0004623089742441416,0.021501371450308504,0.4809999999999981,393694000.0,19.1200008392334,0.005665925385071583,0
2023-03-30,0.00021545205427519942,0.014678285127193824,0.39699999999999847,364516000.0,19.020000457763672,0.002638210289130204,0
2023-03-31,0.00020408857447672634,0.0142859572474765,0.7289999999999992,433933000.0,18.700000762939453,0.004118062110949775,1
2023-04-03,4.550026115293395e-05,0.006745388139531627,0.6640000000000015,398716000.0,18.549999237060547,0.004432224576804198,1
2023-04-04,0.00034144670877439657,-0.0184782766722007,0.6930000000000014,368592000.0,19.0,0.004433341894843304,1
2023-04-05,0.0004433439451199607,-0.021055734257440673,0.6030000000000015,515015000.0,19.079999923706055,0.005538582729034577,1
2023-04-06,3.3484518862283827e-05,0.005786580930245755,0.6529999999999987,397654000.0,18.399999618530273,0.004494089417420586,0
2023-04-10,0.00039395561927848557,0.019848315275571515,0.9519999999999982,395279000.0,18.969999313354492,0.004668240141349042,1
2023-04-11,0.00022434036683508093,-0.01497799608876571,0.6639999999999979,314378000.0,19.100000381469727,0.0036724332909795925,0
2023-04-12,0.0006310436157138509,-0.025120581516235863,1.0199999999999996,446259000.0,19.09000015258789,0.0077482963879004305,1
2023-04-13,1.4604843349909842e-06,-0.0012085049999859265,0.5579999999999998,353615000.0,17.799999237060547,0.0036786994006396067,0
2023-04-14,0.00012289857800284183,0.011085963106687746,0.6630000000000003,395660000.0,17.06999969482422,0.005057130597944385,1
2023-04-17,8.239997656745941e-05,0.009077443283626696,0.5730000000000004,321471000.0,16.950000762939453,0.003906487239480108,0
2023-04-18,0.0005919211599220541,0.0243294299136263,0.7530000000000001,604812000.0,16.829999923706055,0.004815492744570609,1
2023-04-19,9.018951152939801e-05,0.009496815862666708,0.7680000000000007,358660000.0,16.459999084472656,0.0042063332828529525,0
2023-04-20,0.0009033549993603767,-0.030055864641703067,1.0300000000000011,427713000.0,17.170000076293945,0.004841166423511713,1
2023-04-21,3.0610854092728337e-07,0.000553270766376901,0.4609999999999985,345103000.0,16.770000457763672,0.0041774700339716675,0
2023-04-24,8.084788780300342e-06,-0.0028433762994546363,0.6950000000000003,339282000.0,16.889999389648438,0.004907574271212542,1
2023-04-25,0.0009040930328808714,-0.03006813983073897,1.0219999999999985,378527000.0,18.760000228881836,0.0057759102692927465,1
2023-04-26,0.000722686762696403,0.02688283397814306,0.625,406337000.0,18.84000015258789,0.003816987919523382,0
2023-04-27,9.933096291185554e-05,0.009966492006310723,0.870000000000001,377161000.0,17.030000686645508,0.006512030497784294,1
2023-04-28,0.00036204211884094845,0.019027404416812832,0.6869999999999976,292216000.0,15.779999732971191,0.003541253066880829,0
2023-05-01,0.0016799958567359256,0.040987752521160825,1.2779999999999987,570329000.0,16.079999923706055,0.005267732778402523,1
2023-05-02,0.0006007906413864131,-0.024511031014349705,0.7530000000000001,402730000.0,17.780000686645508,0.004546083790597372,0
2023-05-03,0.00021224307039615796,-0.014568564459004119,0.8949999999999996,383387000.0,18.34000015258789,0.005621962608428538,1
2023-05-04,7.51680000904696e-05,-0.008669948101947877,0.6190000000000033,321850000.0,20.09000015258789,0.003433131095185851,0
2023-05-05,0.0015810169047167776,0.03976200327846646,1.0239999999999974,361494000.0,17.190000534057617,0.004418719987409888,1
2023-05-08,0.0002653380950853981,0.01628920179399218,0.8699999999999974,344979000.0,16.979999542236328,0.003530302293862005,0
2023-05-09,0.0004038894148357447,-0.020097000145189448,0.5229999999999997,314869000.0,17.709999084472656,0.0030928000181247623,0
2023-05-10,0.00011946953115161033,0.0109302118530068,0.652000000000001,369350000.0,16.940000534057617,0.005049046019744909,1
2023-05-11,0.0001141743151011825,-0.010685238186450619,0.7040000000000006,322149000.0,16.93000030517578,0.004823607231847676,0
2023-05-12,6.993904617513706e-05,-0.008362956784244258,0.7340000000000018,274222000.0,17.030000686645508,0.0036651981251379674,0
2023-05-15,0.00045794250911559726,0.021399591330574452,0.8170000000000002,293926000.0,17.1200008392334,0.003967934867642184,1
2023-05-16,7.992342273821688e-05,0.00893999008602453,1.0380000000000003,449405000.0,17.989999771118164,0.006157058208679331,1
2023-05-17,0.0010562088172026438,0.032499366412326314,0.7690000000000019,432535000.0,16.8700008392334,0.003433116489956184,0
2023-05-18,0.0023531474858217534,0.04850925154876906,1.5079999999999991,748725000.0,16.049999237060547,0.007078514533344937,1
2023-05-19,0.0001730581762129201,-0.013155157779856541,0.6639999999999979,473908000.0,16.809999465942383,0.00505626766456858,0
2023-05-22,7.945113796875153e-06,-0.002818707823963873,0.8399999999999999,372000000.0,17.209999084472656,0.003987745100338866,0
2023-05-23,0.00024890960602566516,-0.01577686933538036,0.657,356253000.0,18.530000686645508,0.0029369879978818213,0
2023-05-24,2.4008911621473305e-05,-0.0048998889397080525,0.8009999999999984,721419000.0,20.030000686645508,0.04828140458047028,1
2023-05-25,0.04756233021719005,0.21808789562282005,2.844999999999999,1543911000.0,19.139999389648438,0.012153017006569108,0
2023-05-26,0.0006308318357839107,0.025116365895246684,1.6200000000000045,714397000.0,17.950000762939453,0.004713702687709961,0
2023-05-30,0.0008687484864202458,0.029474539630335972,1.9890000000000043,923401000.0,17.459999084472656,0.010438473340509553,1
2023-05-31,0.003415518987913152,-0.05844244166625101,2.472999999999999,1002580000.0,17.940000534057617,0.008489495177329996,0
2023-06-01,0.0024904780816134464,0.04990468997612796,1.7099999999999937,635873000.0,15.649999618530273,0.007269541198282902,0
2023-06-02,0.00012547479713516204,-0.011201553335817405,1.4420000000000002,482731000.0,14.600000381469727,0.0074803950508026225,1
2023-06-05,1.5797674016475213e-05,-0.00397462878977084,0.857999999999997,396094000.0,14.729999542236328,0.004738013951934037,0
2023-06-06,0.00017652881108252562,-0.01328641453073498,1.0119999999999933,388729000.0,13.960000038146973,0.005258411044588346,1
2023-06-07,0.0009595261171823075,-0.030976218574614744,2.1430000000000007,511998000.0,13.9399995803833,0.007313580303837804,1
2023-06-08,0.0007422302963427035,0.027243903838156225,1.3589999999999947,417772000.0,13.649999618530273,0.0049192097187282565,0
2023-06-09,4.527680133279312e-05,0.00672880385602026,1.1439999999999984,427717000.0,13.829999923706055,0.005257254628706903,1
2023-06-12,0.00033117157738102884,0.018198120160638265,0.911999999999999,388701000.0,15.010000228881836,0.005650225797881966,1
2023-06-13,0.0014641058641411638,0.03826363631623586,1.360999999999997,613208000.0,14.609999656677246,0.005236668890237622,0
2023-06-14,0.0022110532167474027,0.04702183765812862,2.4480000000000004,740465000.0,13.880000114440918,0.007151390616337413,1
2023-06-15,6.452482157689058e-05,-0.008032734377339423,1.142000000000003,568622000.0,14.5,0.006859826365675355,0
2023-06-16,8.352819571975385e-07,0.0009139376112172748,1.0599999999999952,655709000.0,13.539999961853027,0.004363357871826336,0
2023-06-20,0.0006658928668134392,0.0258049000543199,1.3160000000000025,451153000.0,13.880000114440918,0.005591623155188966,1
2023-06-21,0.00030871786665982937,-0.01757036899612041,1.5350000000000037,551603000.0,13.199999809265137,0.007066317316293093,1
2023-06-22,2.1598142009034458e-07,-0.0004647380123148359,1.1920000000000002,417737000.0,12.90999984741211,0.004579700407794079,0
2023-06-23,0.0003666410654044648,-0.01914787365230053,0.7939999999999969,358140000.0,13.4399995803833,0.005251157886437936,1
2023-06-26,0.0014498986675911666,-0.03807753494635868,2.6640000000000015,594322000.0,14.25,0.008603151066226385,1
2023-06-27,0.0009094408466987189,0.030156936958164682,1.4919999999999973,462175000.0,13.739999771118164,0.008584704796351029,0
2023-06-28,0.0003345683329061198,-0.01829120917014837,1.3269999999999982,582639000.0,13.430000305175781,0.0073247986920709435,0
2023-06-29,5.184733727717971e-05,-0.00720050951510931,1.0,380514000.0,13.539999961853027,0.0037984161119801406,0
2023-06-30,0.0012683010460637159,0.035613214486531763,1.0489999999999995,501148000.0,13.59000015258789,0.0052532470769039415,1
2023-07-03,6.8672967668046176e-06,0.0026205527597826794,0.6960000000000051,198209000.0,13.569999694824219,0.003808841577842147,0
2023-07-05,5.134857742258496e-06,-0.0022660224496369175,1.0919999999999987,323618000.0,14.180000305175781,0.005689817822785347,1
2023-07-06,2.5703881057970438e-05,-0.005069899511624509,0.8330000000000055,303582000.0,15.4399995803833,0.004720692464939703,0
2023-07-07,8.94095933591899e-05,0.009455664617529003,1.033999999999999,355881000.0,14.829999923706055,0.004977062480004334,1
2023-07-10,5.8193808169561604e-05,-0.007628486623804331,1.161999999999999,353908000.0,15.069999694824219,0.005978015080526245,1
2023-07-11,2.8303514689666686e-05,0.005320104763034905,0.6910000000000025,298244000.0,14.84000015258789,0.0021665429962424414,0
2023-07-12,0.0012036456947444889,0.0346935973162843,1.1580000000000013,481277000.0,13.539999961853027,0.005361044761302968,1
2023-07-13,0.0021327211811051614,0.04618139431746471,1.6630000000000038,478204000.0,13.609999656677246,0.004805184945613893,0
2023-07-14,0.00012344312969610904,-0.011110496374874934,3.0279999999999987,772075000.0,13.34000015258789,0.008261848718929075,1
2023-07-17,0.000465803267252173,0.02158247592960949,1.2340000000000018,510488000.0,13.479999542236328,0.004352180311536949,0
2023-07-18,0.00048356609319355584,0.021990136270463534,2.161999999999999,569164000.0,13.300000190734863,0.006820459287317324,1
2023-07-19,7.777173146009684e-05,-0.00881882823622826,1.0760000000000005,427502000.0,13.760000228881836,0.0040771720440382605,0
2023-07-20,0.0011311631652918795,-0.03363276921830671,2.0250000000000057,537865000.0,13.989999771118164,0.0063969001919939985,1
2023-07-21,0.0007270558469747118,-0.02696397313035881,1.7659999999999982,963769000.0,13.600000381469727,0.008983885490669228,1
2023-07-24,4.644510338369254e-05,0.006815064444573693,1.0690000000000026,382516000.0,13.90999984741211,0.004352666957871912,0
2023-07-25,0.0005586506898107668,0.023635792557279878,1.259999999999998,348081000.0,13.859999656677246,0.006900007134607393,1
2023-07-26,2.4818825773869472e-05,-0.004981849633807656,1.4229999999999947,364237000.0,13.1899995803833,0.00563329255205228,0
2023-07-27,9.620261178446448e-05,0.009808293010736602,1.6450000000000031,455976000.0,14.40999984741211,0.00800249013597748,1
2023-07-28,0.0003366908898647096,0.018349138668196652,0.6460000000000008,331194000.0,13.329999923706055,0.0023962372529025976,0
2023-07-31,2.0186939419912825e-07,-0.00044929878054489336,0.6240000000000023,251055000.0,13.630000114440918,0.00268649122759228,1
2023-08-01,2.2677768380089265e-05,-0.004762118056084841,0.8729999999999976,237858000.0,13.930000305175781,0.005120543758348898,1
2023-08-02,0.002432282984017461,-0.04931818106963659,2.453000000000003,530142000.0,16.09000015258789,0.007737000281871068,1
2023-08-03,3.070881183745242e-05,0.005541553197204951,1.318000000000005,324176000.0,15.920000076293945,0.007134683272199704,0
2023-08-04,1.368824755378872e-05,0.003699763175365245,1.2490000000000023,362666000.0,17.100000381469727,0.005213097671215873,0
2023-08-07,0.0002676662906291824,0.016360510096851577,0.9769999999999968,322154000.0,15.770000457763672,0.004395229603639695,0
2023-08-08,0.0002795141368828591,-0.016718676289792178,1.186,353843000.0,15.989999771118164,0.004237907227555211,0
2023-08-09,0.002341974431110617,-0.04839395035653338,2.1779999999999973,586449000.0,15.960000038146973,0.009684900454725302,1
2023-08-10,1.5276797020419763e-05,-0.003908554338936554,1.7389999999999972,492705000.0,15.850000381469727,0.009501633715812747,0
2023-08-11,0.0013568975615500794,-0.03683609047591885,1.3789999999999978,533085000.0,14.84000015258789,0.004738500110073028,0
2023-08-14,0.004696493718193459,0.0685309690446112,3.488999999999997,690286000.0,14.819999694824219,0.0098141373912715,1
2023-08-15,1.8189244704514635e-05,0.004264885075182523,1.5579999999999998,676512000.0,16.459999084472656,0.006739113852490405,0
2023-08-16,0.00010786940611439562,-0.01038601974359743,1.2689999999999984,527451000.0,16.780000686645508,0.0048508184611792,0
2023-08-17,1.069788321108018e-05,-0.0032707618701275365,1.061,452395000.0,17.889999389648438,0.003999610161929104,0
2023-08-18,1.0789917758416599e-06,-0.0010387452892031135,1.9180000000000064,583768000.0,17.299999237060547,0.006689249782292426,1
2023-08-21,0.0066122410156891475,0.08131568738988282,2.8429999999999964,692573000.0,17.1299991607666,0.008279523445820773,1
2023-08-22,0.0007866562893990518,-0.02804739362933839,2.853999999999999,755293000.0,16.969999313354492,0.011505959800628745,1
2023-08-23,0.0009743645058290654,0.031214812282457594,1.9920000000000044,779046000.0,15.979999542236328,0.021887971169635027,1
2023-08-24,9.94090318874017e-07,0.0009970407809483106,3.1069999999999993,1156044000.0,17.200000762939453,0.012730932711487192,0
2023-08-25,0.0006040320050683813,-0.02457706258014536,2.780999999999999,925341000.0,15.680000305175781,0.011727887576541212,0
2023-08-28,0.00030969531858100085,0.017598162363752667,2.0919999999999987,685192000.0,15.079999923706055,0.007215479510477786,0
2023-08-29,0.0016623236588764953,0.04077160358480514,2.690000000000005,701397000.0,14.449999809265137,0.006997934460162784,0
2023-08-30,9.58676157739396e-05,0.009791200936245747,1.5020000000000024,735206000.0,13.880000114440918,0.0052794695602209,0
2023-08-31,3.405821114501741e-06,0.0018454866877064546,0.7860000000000014,528570000.0,13.569999694824219,0.0037306915870657913,0
2023-09-01,0.00029893476802122127,-0.017289730131532455,1.6579999999999941,463830000.0,13.09000015258789,0.006043411029923689,1
2023-09-05,6.458557427686766e-07,0.0008036515057963101,0.9909999999999997,382653000.0,14.010000228881836,0.003412804935222172,0
2023-09-06,0.0009677304788599969,-0.03110836670190187,1.9690000000000012,468670000.0,14.449999809265137,0.006036420812012699,1
2023-09-07,0.00030897842405985603,-0.017577782114358342,1.1920000000000002,433330000.0,14.399999618530273,0.007228655218638854,1
2023-09-08,0.00021238275150387568,-0.014573357591985303,1.3350000000000009,473069000.0,13.84000015258789,0.006130584039214616,0
2023-09-11,7.539883318113037e-05,-0.008683250150786304,1.850999999999999,473966000.0,13.800000190734863,0.010021584594443675,1
2023-09-12,4.6796855174406526e-05,-0.006840822697191218,1.142000000000003,349256000.0,14.229999542236328,0.004868968232532762,0
2023-09-13,0.00018531870472912422,0.013613181286133091,1.4269999999999996,398355000.0,13.479999542236328,0.005106211224493599,1
2023-09-14,4.44518926874864e-06,0.0021083617499728646,0.8560000000000016,370097000.0,12.819999694824219,0.0029250350113352204,0
2023-09-15,0.0014120040948561168,-0.03757664294287233,1.7909999999999968,506831000.0,13.789999961853027,0.005545596928456917,1
2023-09-18,2.2568688046876026e-06,0.0015022878567996223,2.2419999999999973,500271000.0,14.0,0.005464441448263893,0
2023-09-19,0.00010395852591776495,-0.010196005390238128,0.9639999999999986,373064000.0,14.109999656677246,0.00448876025995316,0
2023-09-20,0.0008926134786045544,-0.029876637672344497,1.6799999999999997,367108000.0,15.140000343322754,0.006416028650521959,1
2023-09-21,0.0008618539967723533,-0.029357349961676604,1.1200000000000045,450736000.0,17.540000915527344,0.004670492780644139,0
2023-09-22,0.00020603467720307542,0.014353908081183864,0.8840000000000003,479236000.0,17.200000762939453,0.005223253042332505,1
2023-09-25,0.00021318596594512558,0.014600889217617041,1.3590000000000018,419091000.0,16.899999618530273,0.006495161085496033,1
2023-09-26,5.465777836360921e-05,-0.007393089906365891,1.1649999999999991,402282000.0,18.940000534057617,0.00581386674128008,0
2023-09-27,0.00017430676790901263,0.013202528845225547,1.243000000000002,444935000.0,18.219999313354492,0.005152680882543468,0
2023-09-28,0.00021074018139990964,0.014516892966468742,1.330999999999996,424663000.0,17.34000015258789,0.0046628751466952275,0
2023-09-29,8.968478665996749e-05,0.009470205206856264,0.8369999999999962,397830000.0,17.520000457763672,0.0036685680865082503,0
2023-10-02,0.0008449674395011244,0.029068323644495297,1.314,433298000.0,17.610000610351562,0.005585464488564126,1
2023-10-03,0.0008210864806062199,-0.02865460662103425,1.8840000000000003,470850000.0,19.780000686645508,0.008182791109119476,1
2023-10-04,0.00014326538440119068,0.011969351878911016,0.8509999999999991,361821000.0,18.579999923706055,0.0048922129460302844,0
2023-10-05,0.000212692792782141,0.014583990975797434,1.0120000000000005,393483000.0,18.489999771118164,0.0031971513838834694,0
2023-10-06,0.0005640170532638888,0.023749043207335507,1.7629999999999981,434436000.0,17.450000762939453,0.006480007334316901,1
2023-10-09,0.00011541686418386109,-0.010743224105633331,1.2369999999999948,409675000.0,17.700000762939453,0.006143385063564388,0
2023-10-10,0.0001329315318063382,0.011529593739865174,1.1709999999999994,368582000.0,17.030000686645508,0.003608376638541194,0
2023-10-11,0.00047397547392581516,0.021770977789842494,0.8090000000000046,378137000.0,16.09000015258789,0.0035774774557694048,0
2023-10-12,8.793027078680014e-06,0.002965303876279801,1.2790000000000035,481325000.0,16.690000534057617,0.004468296365173863,1
2023-10-13,0.001031815699460501,-0.032121888167735424,1.8359999999999985,474115000.0,19.31999969482422,0.004997439294542915,1
2023-10-16,0.00019181332331532925,0.013849668707782481,1.3130000000000024,375099000.0,17.209999084472656,0.003939936805587626,0
2023-10-17,0.0022967993893454356,-0.0479249349435702,2.274000000000001,812333000.0,17.8799991607666,0.01335379100539351,1
2023-10-18,0.0016365357835028817,-0.04045411948742528,1.3939999999999984,627294000.0,19.219999313354492,0.004827172469014704,0
2023-10-19,5.080229494505051e-06,-0.0022539364442026866,1.4149999999999991,501233000.0,21.399999618530273,0.004474689025285867,0
2023-10-20,0.00029256978771417927,-0.017104671517283787,1.391999999999996,477266000.0,21.709999084472656,0.009450555773859698,1
2023-10-23,0.001417652727626917,0.03765172941083739,2.3029999999999973,478530000.0,20.3700008392334,0.006556972323977336,0
2023-10-24,0.00025225413256707764,0.015882510272846595,1.0060000000000002,401463000.0,18.969999313354492,0.00453832077982149,0
2023-10-25,0.001945448673069657,-0.044107240596864106,2.094999999999999,398379000.0,20.190000534057617,0.005286715572619675,1
2023-10-26,0.0012529758367806397,-0.03539739872901171,2.3759999999999977,541001000.0,20.68000030517578,0.008608205111960464,1
2023-10-27,1.8537777134395988e-05,0.004305551896609305,1.1910000000000025,416784000.0,21.270000457763672,0.004895859988269599,0
2023-10-30,0.00026209123244822234,0.016189231990685116,1.2849999999999966,388028000.0,19.75,0.008146659908166909,1
2023-10-31,8.647960211029611e-05,-0.009299440956869187,1.649000000000001,517969000.0,18.139999389648438,0.007546132034393202,0
2023-11-01,0.001382810709209103,0.037186162872890005,1.5120000000000005,437593000.0,16.8700008392334,0.006881410124408314,0
2023-11-02,0.0007574016760389333,0.02752093159831137,0.990000000000002,409172000.0,15.65999984741211,0.00391978969135599,0
2023-11-03,0.0011474976775218638,0.03387473509153782,1.5859999999999985,424610000.0,14.90999984741211,0.004188418876356629,1
2023-11-06,0.00027027539844358037,0.016440054697098194,1.0360000000000014,400733000.0,14.890000343322754,0.004650486963404784,1
2023-11-07,1.9793666880188938e-05,0.004449007403926064,1.0600000000000023,343165000.0,14.8100004196167,0.003975312812001478,0
2023-11-08,0.00017901874568263738,0.013379788700971229,0.8989999999999938,346719000.0,14.449999809265137,0.003060992614674274,0
2023-11-09,6.465382368092698e-05,0.008040760143228187,1.4799999999999969,540496000.0,15.289999961853027,0.006785094218237076,1
2023-11-10,0.0008452236449042577,0.02907273026229662,1.189,421245000.0,14.170000076293945,0.0042787335666773256,0
2023-11-13,3.456302867890779e-05,0.00587903297140846,1.017000000000003,384136000.0,14.760000228881836,0.00326416047725385,0
2023-11-14,0.0004445460291669724,0.021084260223374507,0.794000000000004,416954000.0,14.15999984741211,0.005178691941615796,1
2023-11-15,0.0002429627216535102,-0.01558726151873735,1.759999999999998,475497000.0,14.180000305175781,0.006226279951839706,1
2023-11-16,0.00014487925645154405,0.01203657993167262,1.1950000000000003,339756000.0,14.319999694824219,0.0033685965973769207,0
2023-11-17,1.3579484792729345e-05,-0.0036850352498625227,0.7100000000000009,325205000.0,13.800000190734863,0.0020597455405072717,0
2023-11-20,0.0004966755256468115,0.02228621828949029,1.3670000000000044,414120000.0,13.40999984741211,0.003301915489692026,1
2023-11-21,8.588382800255085e-05,-0.009267352804471773,1.2950000000000017,565747000.0,13.350000381469727,0.003873340677917702,1
2023-11-22,0.0006197540312464098,-0.024894859534578817,2.645000000000003,899420000.0,12.850000381469727,0.01094442433295832,1
2023-11-24,0.0003796300307648829,-0.019484096868084055,1.176000000000002,294645000.0,12.460000038146973,0.00511899913640343,0
2023-11-27,9.421788112996863e-05,0.00970658957255166,0.8780000000000001,395662000.0,12.6899995803833,0.003001895236033718,0
2023-11-28,7.682763303425865e-05,-0.008765137365395859,0.8500000000000014,401491000.0,12.6899995803833,0.003923193808322311,1
2023-11-29,4.420333399725218e-05,0.006648558790990133,0.902000000000001,382005000.0,12.979999542236328,0.003766818444185236,0
2023-11-30,0.0008335612381665576,-0.028871460617131195,1.6880000000000024,526247000.0,12.920000076293945,0.005813842284709273,1
2023-12-01,1.1430143944207147e-08,-0.00010691185128042235,1.0130000000000052,369317000.0,12.630000114440918,0.004209424014407099,0
2023-12-04,0.0007400020043408733,-0.027202977857963884,1.0670000000000002,437543000.0,13.079999923706055,0.005634351378184191,1
2023-12-05,0.0005261784098197425,0.022938579071506204,1.3290000000000006,371718000.0,12.850000381469727,0.006570811195681714,1
2023-12-06,0.0005332590878963061,-0.023092403250772886,1.9750000000000014,380590000.0,12.970000267028809,0.0048099671567239915,0
2023-12-07,0.00056341871149241,0.023736442688246484,1.0249999999999986,350823000.0,13.0600004196167,0.0036892176798298715,0
2023-12-08,0.0003740865941765144,0.019341318315371225,1.1910000000000025,359224000.0,12.350000381469727,0.005298477502673521,1
2023-12-11,0.00034880217834392144,-0.018676246366545968,1.7010000000000005,509728000.0,12.630000114440918,0.006906002502379708,1
2023-12-12,0.00047741163346739395,0.02184975133651168,1.6199999999999974,372387000.0,12.069999694824219,0.007517810160265026,1
2023-12-13,8.105656432351125e-05,0.009003141913993762,0.9860000000000042,447792000.0,12.1899995803833,0.005402096967479922,0
2023-12-14,2.9523532570415165e-05,0.005433556162442343,1.2480000000000047,391232000.0,12.479999542236328,0.003779695791376285,0
2023-12-15,0.00012335777843068403,0.011106654691250828,1.284000000000006,479948000.0,12.279999732971191,0.0040110350630005375,1
2023-12-18,0.0005754694464027486,0.023988944253608757,1.2830000000000013,412587000.0,12.5600004196167,0.0028470795080965472,0
2023-12-19,9.006665208420017e-05,-0.00949034520363723,0.8049999999999997,464444000.0,12.529999732971191,0.005369173548408685,1
2023-12-20,0.0009339523777264133,-0.030560634445744306,1.9010000000000034,397894000.0,13.670000076293945,0.00734053887511691,1
2023-12-21,0.00032780385996660606,0.01810535445570194,0.6760000000000019,300425000.0,13.649999618530273,0.003035571356409392,0
2023-12-22,1.0701518689028744e-05,-0.0032713175769143454,0.9160000000000039,252507000.0,13.029999732971191,0.002366830481401914,0
2023-12-26,8.378013182019681e-05,0.009153148738013428,0.6400000000000006,244200000.0,12.989999771118164,0.0034644939644918695,1
2023-12-27,7.82023180942843e-06,0.0027964677379559433,0.5949999999999989,233648000.0,12.430000305175781,0.0014234497766149915,0
2023-12-28,4.505094263597508e-06,0.0021225207333728235,0.4720000000000013,246587000.0,12.470000267028809,0.0019632466689550017,1
2023-12-29,0.0,0.0,1.2460000000000022,389293000.0,12.449999809265137,0.004899486696949579,1
2024-01-02,0.0007685156667689074,-0.02772211512076428,1.7000000000000028,411254000.0,13.199999809265137,0.008609873729977232,1
2024-01-03,0.00015659047505582935,-0.012513611591216556,0.8639999999999972,320896000.0,14.039999961853027,0.003421101777234478,0
2024-01-04,8.06054680315624e-05,0.008978054802214253,0.9919999999999973,306535000.0,14.130000114440918,0.003245849762094123,0
2024-01-05,0.0005125057465175253,0.022638589764327754,1.2409999999999997,415039000.0,13.350000381469727,0.004901829484020318,1
2024-01-08,0.003881211792355576,0.06229937232713967,2.7959999999999994,642510000.0,13.079999923706055,0.008405458532212544,1
2024-01-09,0.00028333759656760677,0.01683263486705533,2.635000000000005,773100000.0,12.760000228881836,0.007395763629510196,0
2024-01-10,0.000506910510903637,0.022514673235551008,1.1110000000000042,533796000.0,12.6899995803833,0.0047628254392154505,0
2024-01-11,7.476991166120546e-05,0.008646959677320432,1.7859999999999943,596759000.0,12.4399995803833,0.005988998046326374,1
2024-01-12,4.182291544657081e-06,-0.0020450651688044275,0.6400000000000006,352994000.0,12.699999809265137,0.0021256798147057795,0
2024-01-16,0.0009062177352118761,0.03010345055324848,1.9350000000000023,449580000.0,13.84000015258789,0.005433202511555041,1
2024-01-17,3.4249262001408237e-05,-0.005852286903545334,1.7309999999999945,474394000.0,14.789999961853027,0.0068574971525518,1
2024-01-18,0.00034704073514563454,0.018629029366707073,1.493000000000002,491650000.0,14.130000114440918,0.0054089844445513215,0
2024-01-19,0.0016726741750199509,0.0408983395142144,2.2749999999999986,543501000.0,13.300000190734863,0.005121816064943814,0
2024-01-22,7.486590844703812e-06,0.0027361635266744955,1.2610000000000028,452955000.0,13.1899995803833,0.0043438194776283775,0
2024-01-23,1.3428180005114524e-05,0.0036644481173997434,1.3249999999999957,294654000.0,12.550000190734863,0.002503753530196902,0
2024-01-24,0.0006034440791273388,0.024565098801497598,2.9109999999999943,560271000.0,13.140000343322754,0.007075763441919348,1
2024-01-25,1.7198068819868546e-05,0.004147055439690739,1.8689999999999998,482777000.0,13.449999809265137,0.0058506032326386985,0
2024-01-26,9.131474099962865e-05,-0.009555874685220012,1.2100000000000009,390309000.0,13.260000228881836,0.004445710348053681,0
2024-01-29,0.0005393759174777528,0.02322446807739098,1.5820000000000007,348733000.0,13.600000381469727,0.004646825330048172,1
2024-01-30,2.435003166003123e-05,0.004934575124570628,1.233000000000004,410735000.0,13.3100004196167,0.006408174253639905,1
2024-01-31,0.00040259909434198427,-0.02006487214865782,1.5689999999999955,453795000.0,14.350000381469727,0.006134650631323762,0
2024-02-01,0.0005801885381536622,0.024087103149894595,1.541000000000004,369146000.0,13.880000114440918,0.004402674427074696,0
2024-02-02,0.0023534961014525222,0.04851284470583561,2.9099999999999966,476578000.0,13.850000381469727,0.006732619463272176,1
2024-02-05,0.0021930966072569,0.046830509363628536,2.2920000000000016,680078000.0,13.670000076293945,0.009107933004538884,1
2024-02-06,0.00026000945502021997,-0.01612480868166255,3.4540000000000077,683111000.0,13.0600004196167,0.009493000118864553,1
2024-02-07,0.0007358620415924413,0.027126777206156305,2.6200000000000045,495575000.0,12.829999923706055,0.0047234469356855786,0
2024-02-08,4.296873613126839e-05,-0.006555054243198022,1.3389999999999986,414422000.0,12.789999961853027,0.0038867130274655996,0
2024-02-09,0.0012360964157669884,0.03515816286109086,1.972999999999999,436637000.0,12.930000305175781,0.003678587592887028,0
2024-02-12,2.5376736184320225e-06,0.0015930077270471799,3.361000000000004,613710000.0,13.930000305175781,0.007302104872257845,1
2024-02-13,2.7633294962868292e-06,-0.0016623265311865865,3.8299999999999983,602580000.0,15.850000381469727,0.00872469231487249,1
2024-02-14,0.0005890576331780926,0.024270509536845175,2.298000000000002,504917000.0,14.380000114440918,0.006182684264862415,0
2024-02-15,0.0002872796857863137,-0.016949327000984837,1.5749999999999886,420122000.0,14.010000228881836,0.005791637957966654,0
2024-02-16,3.8381964064189885e-07,-0.0006195317914698961,1.9009999999999962,495327000.0,14.239999771118164,0.0057295583315169814,0
2024-02-20,0.0019809712041565083,-0.04450810267980998,4.222000000000008,704833000.0,15.420000076293945,0.012455428842784734,1
2024-02-21,0.000836549732635045,-0.028923169477687694,2.6400000000000006,690298000.0,15.34000015258789,0.025229295226921765,1
2024-02-22,0.023064462604753946,0.15186988709008098,4.355000000000004,865100000.0,14.539999961853027,0.014660498123768503,0
2024-02-23,1.2575006363057537e-05,0.0035461255424840132,4.824000000000012,829388000.0,13.75,0.008565516233660198,0
2024-02-26,1.213144379764907e-05,0.0034830222218138474,2.1410000000000053,503973000.0,13.739999771118164,0.005924757849032225,0
2024-02-27,2.456064781022284e-05,-0.004955870035646903,2.317999999999998,391705000.0,13.430000305175781,0.00393331128573522,0
2024-02-28,0.00017627629507449124,-0.013276908340215776,1.808000000000007,393110000.0,13.84000015258789,0.006346247814286087,1
2024-02-29,0.0003417180168293881,0.018485616484969825,1.6400000000000006,507289000.0,13.399999618530273,0.004305781775292724,0
2024-03-01,0.0015406677798309248,0.039251341121430805,2.864999999999995,479135000.0,13.109999656677246,0.004159056810883935,0
2024-03-04,0.001247481263025899,0.03531970077769486,3.975999999999999,615616000.0,13.489999771118164,0.007896054556344177,1
2024-03-05,7.213091474516941e-05,0.008492992096144292,2.6799999999999926,520639000.0,14.460000038146973,0.009336620713533184,1
2024-03-06,0.0009816494418444328,0.031331285352574234,2.6940000000000026,582520000.0,14.5,0.004727701541847695,0
2024-03-07,0.0019161731655789006,0.04377411524610064,3.164999999999992,608119000.0,14.4399995803833,0.007139917678508871,1
2024-03-08,0.0032575855765615627,-0.057075262387146,10.894000000000005,1142269000.0,14.739999771118164,0.019015912378603016,1
2024-03-11,0.0004097714338844513,-0.020242811906562075,4.631,678364000.0,15.220000267028809,0.016051189191628328,0
2024-03-12,0.004778479527254366,0.06912654719609801,5.809999999999988,668075000.0,13.84000015258789,0.009368051602667876,0
2024-03-13,0.00012576496979754622,-0.01121449819642173,3.0690000000000026,635713000.0,13.75,0.00856111464350896,0
2024-03-14,0.0010842354682183007,-0.03292773099104007,4.0460000000000065,602318000.0,14.399999618530273,0.005611511367831053,0
2024-03-15,1.4821214490833215e-06,-0.0012174241040341371,3.2890000000000015,642086000.0,14.40999984741211,0.006259504171248886,1
2024-03-18,4.915585901490048e-05,0.007011123948048592,5.320000000000007,668976000.0,14.329999923706055,0.008823931928425281,1
2024-03-19,0.00011245250284360424,0.010604362443994653,5.533999999999992,672171000.0,13.819999694824219,0.009038805633280087,1
2024-03-20,0.00011742267438415087,0.010836174342642835,2.1869999999999976,479063000.0,13.039999961853027,0.004547901506588658,0
2024-03-21,0.00013674618440627406,0.011693852419381479,2.242999999999995,480372000.0,12.920000076293945,0.005352255506052893,1
2024-03-22,0.0009447137762834388,0.03073619651621584,3.9440000000000026,586719000.0,13.0600004196167,0.005897746768112615,1
2024-03-25,5.67522687548632e-05,0.0075334101677038134,3.2560000000000002,552136000.0,13.1899995803833,0.00721986888549944,1
2024-03-26,0.0006775638872329961,-0.02603005738051678,3.8730000000000047,513648000.0,13.239999771118164,0.006939744031272766,0
2024-03-27,0.0006392952913230564,-0.025284289417008665,4.11699999999999,586067000.0,12.779999732971191,0.008841757551035634,1
2024-03-28,1.3778675534900108e-06,0.0011738260320379723,2.1069999999999993,435212000.0,13.010000228881836,0.0033971381641492117,0
2024-04-01,6.001342905550753e-09,7.746833485722249e-05,3.021000000000001,452441000.0,13.649999618530273,0.007000652873914013,1
2024-04-02,0.00010267207570712336,-0.010132723015415124,2.4739999999999895,433064000.0,14.609999656677246,0.0037712586305421597,0
2024-04-03,2.9925003125003022e-05,-0.005470375044272835,1.9739999999999895,370067000.0,14.329999923706055,0.005354287197798441,1
2024-04-04,0.0012242832353166501,-0.03498975900626711,4.754000000000005,434965000.0,16.350000381469727,0.007672145545479208,1
2024-04-05,0.0005849473552044784,0.02418568492320361,2.5549999999999926,399678000.0,16.030000686645508,0.003786096153953995,0
2024-04-08,9.984071302431993e-05,-0.009992032477144974,2.097999999999999,283220000.0,15.1899995803833,0.004655593113700962,1
2024-04-09,0.0004255297714387155,-0.020628372971194686,4.6129999999999995,503547000.0,14.979999542236328,0.009244683196084399,1
2024-04-10,0.0003821626222562563,0.019548980082251255,3.6910000000000025,431929000.0,15.800000190734863,0.008367069287771822,0
2024-04-11,0.00162203565854057,0.04027450382736664,3.8130000000000024,431637000.0,14.90999984741211,0.004365336830415569,0
2024-04-12,0.0007388925273374196,-0.027182577643362293,2.644999999999996,426805000.0,17.309999465942383,0.0062468643519885325,1
2024-04-15,0.0006294727819130245,-0.025089296162168928,4.6839999999999975,443077000.0,19.229999542236328,0.008098908022109691,1
2024-04-16,0.00026594983844733063,0.01630796855673111,2.054000000000002,370453000.0,18.399999618530273,0.005189052922815723,0
2024-04-17,0.0015550020201642002,-0.03943351392108241,4.825000000000003,495400000.0,18.209999084472656,0.007113649005318756,1
2024-04-18,5.684827362008829e-05,0.007539779414551084,3.7879999999999967,447260000.0,18.0,0.005913803641509973,0
2024-04-19,0.011111625537744842,-0.10541169545048046,8.718000000000004,875198000.0,18.709999084472656,0.01209484528816084,1
2024-04-22,0.0018166304883101975,0.042621948433995804,3.6729999999999876,596341000.0,16.940000534057617,0.009648571849957929,0
2024-04-23,0.0012874542739901521,0.03588111305394737,2.5050000000000097,438559000.0,15.6899995803833,0.007341048445604355,0
2024-04-24,0.0011480957884057183,-0.03388356221541233,4.898999999999987,512208000.0,15.970000267028809,0.010123932060759929,1
2024-04-25,0.001326128897104237,0.036416052739200566,5.099999999999994,424641000.0,15.369999885559082,0.012111433833784676,1
2024-04-26,0.003590872935348971,0.05992389285876687,4.944000000000003,551011000.0,15.029999732971191,0.007084017440959755,0
2024-04-29,6.286236422704338e-08,0.00025072368102563303,2.725999999999999,388971000.0,14.670000076293945,0.0044570066355361345,0
2024-04-30,0.00024213873172890292,-0.015560807553880451,2.5190000000000055,363709000.0,15.649999618530273,0.00792888703067067,1
2024-05-01,0.001574213698060731,-0.0396763619559648,4.7450000000000045,559863000.0,15.390000343322754,0.014289274252320957,1
2024-05-02,0.0010812693504824989,0.0328826603315866,3.036999999999992,377898000.0,14.680000305175781,0.0037864451864637614,0
2024-05-03,0.001159106037798504,0.03404564638538243,2.2409999999999997,398341000.0,13.489999771118164,0.0060471470246831055,1
2024-05-06,0.0013724350903127835,0.03704639105652241,3.164999999999992,376203000.0,13.489999771118164,0.007382580160561615,1
2024-05-07,0.0003014668816504946,-0.017362801664780214,2.7700000000000102,437342000.0,13.229999542236328,0.005952614003853812,0
2024-05-08,2.462877914651944e-06,-0.0015693558916485273,1.774000000000001,325721000.0,13.0,0.00543529478738118,0
2024-05-09,0.00034549058314707186,-0.018587376984046777,2.841000000000008,378013000.0,12.6899995803833,0.00495183496996593,0
2024-05-10,0.00016036601048501406,0.01266357021084552,2.1739999999999924,335325000.0,12.550000190734863,0.005708190528705841,1
2024-05-13,3.34085180497132e-05,0.005780010211903885,2.4690000000000083,289680000.0,13.600000381469727,0.004334259951854603,0
2024-05-14,0.00011089683713860036,0.010530756722030965,2.7169999999999987,296507000.0,13.420000076293945,0.0033954732915627314,0
2024-05-15,0.0012397855360422015,0.03521058840806557,3.262999999999991,417735000.0,12.449999809265137,0.004921244915223683,1
2024-05-16,8.224814548198773e-06,-0.002867893747717787,1.7160000000000082,323952000.0,12.420000076293945,0.0029484662745939277,0
2024-05-17,0.0004050182434924258,-0.020125065055607294,2.9339999999999975,359691000.0,11.989999771118164,0.0042186059950717085,1
2024-05-20,0.0006040203183620411,0.02457682482262591,1.7600000000000051,318764000.0,12.149999618530273,0.005242210905618335,1
2024-05-21,4.062023548568504e-05,0.00637340062177838,2.219999999999999,328946000.0,11.859999656677246,0.005315793126245525,1
2024-05-22,2.0989041814925673e-05,-0.004581379902925065,2.771000000000001,548648000.0,12.289999961853027,0.012225241256618124,1
2024-05-23,0.007939861328505373,0.08910589951571879,4.799999999999997,835065000.0,12.770000457763672,0.00649797294948706,0
2024-05-24,0.0006450343366381857,0.025397526191308195,3.4749999999999943,429494000.0,11.930000305175781,0.004197323730777961,0
2024-05-28,0.004552981842136844,0.0674757870805287,5.055999999999997,652728000.0,12.920000076293945,0.00890487415103525,1
2024-05-29,6.52796156589223e-05,0.008079580166006295,4.591000000000008,557442000.0,14.279999732971191,0.008214809129105514,0
2024-05-30,0.0014740769102844777,-0.03839370925404939,6.156000000000006,487350000.0,14.470000267028809,0.007816293407105851,0
2024-05-31,6.204865515216707e-05,-0.007877096873351697,5.777000000000001,613263000.0,12.920000076293945,0.008667233761238244,1
2024-06-03,0.0022842381686888047,0.047793704278793925,2.997,438392000.0,13.109999656677246,0.008274752964921812,0
2024-06-04,0.00015421233301611876,0.01241822584011576,2.5549999999999926,403324000.0,13.15999984741211,0.0056901168370084845,0
2024-06-05,0.0025271492982938733,0.05027075987384588,4.9809999999999945,528402000.0,12.630000114440918,0.005190504207867535,0
2024-06-06,0.00014035372018611348,-0.011847097542694307,7.26700000000001,664696000.0,12.579999923706055,0.014362243251787405,1
2024-06-07,8.272255809204692e-07,-0.0009095194230583914,3.6699999999999875,412386000.0,12.220000267028809,0.0063018875391654215,0
2024-06-10,5.526068348005879e-05,0.007433752987560105,6.089999999999989,314162700.0,12.739999771118164,0.00961829832457792,1
2024-06-11,5.258835541529971e-05,-0.007251782912863547,4.13000000000001,222551200.0,12.850000381469727,0.00519018374909054,0
2024-06-12,0.0012156373618724256,0.03486599147984215,4.310000000000002,299595000.0,12.039999961853027,0.005752573360058832,1
2024-06-13,0.0011983701132817978,0.03461748276928578,2.640000000000015,260704500.0,11.9399995803833,0.006657095069535879,1
2024-06-14,0.00030145559952790075,0.017362476768246538,4.52000000000001,309320400.0,12.65999984741211,0.005885887092576635,0
2024-06-17,4.689206920208031e-05,-0.00684777841362294,4.149999999999977,288504400.0,12.75,0.006294278412459651,1
2024-06-18,0.0011914393196400996,0.03451723221291214,5.640000000000015,294335100.0,12.300000190734863,0.005177493749234624,0
2024-06-20,0.0012992672472283123,-0.036045349869689325,11.23999999999998,517768400.0,13.279999732971191,0.011627428235523611,1
2024-06-21,0.0010706643206095966,-0.0327210073287727,6.329999999999998,655484700.0,13.199999809265137,0.010416213153123825,0
2024-06-24,0.004785750807320369,-0.06917912118060165,6.4199999999999875,476060900.0,13.329999923706055,0.009383548759491224,0
2024-06-25,0.004274484781673816,0.06537954406137914,7.180000000000007,425787500.0,12.84000015258789,0.012563020389574023,1
2024-06-26,6.029696471591943e-06,0.0024555440276223806,5.52000000000001,362975900.0,12.550000190734863,0.012235337349061128,0
2024-06-27,0.0003705842343774294,-0.019250564521006375,3.489999999999995,252571700.0,12.239999771118164,0.005202289188282286,0
2024-06-28,1.3219964596653967e-05,-0.0036359269239980563,4.959999999999994,315516700.0,12.4399995803833,0.006345739929332037,1
2024-07-01,3.761379018123282e-05,0.00613300824891283,6.010000000000005,284885500.0,12.220000267028809,0.00984379903011576,1
2024-07-02,0.000174244632491729,-0.013200175472005249,2.3799999999999955,218374000.0,12.029999732971191,0.004302644627221162,0
2024-07-03,0.0019996594372232567,0.044717551780293796,6.920000000000002,215749000.0,12.09000015258789,0.0089347235346601,1
2024-07-05,9.999196120871462e-06,-0.0031621505531633787,3.1651999999999987,113949664.0,12.479999542236328,0.0045060574680054494,0
2024-07-08,6.4430695127537904e-06,0.002538320214778622,3.730000000000004,231399108.0,12.369999885559082,0.010332307737341418,1
2024-07-09,0.0006003648113996539,0.02450234297775733,5.1699999999999875,281896722.0,12.510000228881836,0.005760062385215326,0
2024-07-10,0.0007029923013347804,0.026514001986399194,2.680000000000007,245704084.0,12.850000381469727,0.003469428746959162,0
2024-07-11,0.0032805569364296023,-0.0572761463126632,9.100000000000009,370958164.0,12.920000076293945,0.01121695731346735,1
2024-07-12,0.0002056183297895998,0.0143393978182349,4.699999999999989,250218039.0,12.460000038146973,0.009244844259894405,0
2024-07-15,3.855505547888198e-05,-0.006209271734984867,4.2099999999999795,204540380.0,13.119999885559082,0.005493192407832151,0
2024-07-16,0.0002665674444190717,-0.016326893287428312,4.459999999999994,209554139.0,13.1899995803833,0.005973579391011926,1
2024-07-17,0.004697060044689418,-0.06853510082205627,5.1299999999999955,382651729.0,14.479999542236328,0.008598860401377608,1
2024-07-18,0.0006725825042431256,0.025934195654446768,5.840000000000003,316706686.0,15.930000305175781,0.010120096353239896,1
2024-07-19,0.0006992239281740192,-0.026442842664396338,4.22999999999999,211622962.0,16.520000457763672,0.0048514085278450955,0
2024-07-22,0.002159810569850238,0.04647376216587418,4.209999999999994,251157737.0,14.90999984741211,0.00659073549381817,1
2024-07-23,5.9591238538666886e-05,-0.007719536160849749,2.5900000000000034,172565369.0,14.720000267028809,0.006210046187416391,0
2024-07-24,0.0049641077297337965,-0.0704564243325887,6.510000000000005,322470256.0,18.040000915527344,0.006006337411351353,0
2024-07-25,0.00030252612934752326,-0.01739327828063253,10.329999999999998,453801180.0,18.459999084472656,0.017604648421202965,1
2024-07-26,4.7926540996500326e-05,0.006922899753463163,4.6200000000000045,283357905.0,16.389999389648438,0.008208774511379607,0
2024-07-29,0.000171275093055066,-0.013087211049534808,4.980000000000004,245812434.0,16.600000381469727,0.007141798023339212,0
2024-07-30,0.005334851935730868,-0.07304007075387364,9.449999999999989,475035417.0,17.690000534057617,0.01547903669696385,1
2024-07-31,0.014533144172119428,0.12055349091635392,7.460000000000008,464900671.0,16.360000610351562,0.011890775706316373,0
2024-08-01,0.004770972425379361,-0.06907222615045328,13.349599999999995,515474588.0,18.59000015258789,0.01930706078869708,1
2024-08-02,0.0003212559244928286,-0.01792361360029915,7.349999999999994,470949053.0,23.389999389648438,0.014274645051784487,0
2024-08-05,0.004315035438938355,-0.06568892934839443,12.719999999999999,549531095.0,38.56999969482422,0.03112294720994334,1
2024-08-06,0.00137876830010908,0.03713176941796714,7.159999999999997,408119698.0,27.709999084472656,0.012394616448754194,0
2024-08-07,0.0027648157120352913,-0.052581514927161344,10.11,404207846.0,27.850000381469727,0.013329322904976109,1
2024-08-08,0.0035359969443317695,0.059464249295957394,7.980000000000004,385184329.0,23.790000915527344,0.00978206152057978,0
2024-08-09,4.401756087260678e-06,-0.002098036245459234,3.1699999999999875,285927382.0,20.3700008392334,0.007223869232913031,0
2024-08-12,0.0015963854703988482,0.039954792833887254,10.069999999999993,321457081.0,20.709999084472656,0.006740143180522585,0
2024-08-13,0.0040024612761820864,0.06326500830776904,4.650000000000006,309586689.0,18.1200008392334,0.008219354510812743,1
2024-08-14,0.0002744323860924194,0.016566000908258438,4.530000000000001,336201390.0,16.190000534057617,0.009811545981213338,1
2024-08-15,0.0015747511941915052,0.039683134883619076,5.769999999999996,313269196.0,15.229999542236328,0.006031962995227184,0
2024-08-16,0.0001932818443855779,0.013902584090217829,3.819999999999993,295500300.0,14.800000190734863,0.005009759137017518,0
2024-08-19,0.0018135989634002127,0.04258637062958304,6.579999999999998,313001014.0,14.649999618530273,0.005810105384293389,1
2024-08-20,0.0004571383958989478,-0.021380795024950494,3.989999999999995,292246621.0,15.880000114440918,0.0071194745434076355,1
2024-08-21,9.55554911477239e-05,0.009775248904642986,2.6899999999999977,255997726.0,16.270000457763672,0.0024429516255984247,0
2024-08-22,0.0014247842381335254,-0.037746314232432354,7.650000000000006,362217682.0,17.549999237060547,0.007140894926462594,1
2024-08-23,0.0019797094354957385,0.044493925826968095,4.3799999999999955,319900356.0,15.859999656677246,0.005719248906679828,0
2024-08-26,0.00051758358033476,-0.02275046329934316,6.889999999999986,322371271.0,16.149999618530273,0.005838982207889885,1
2024-08-27,0.00020866435170150858,0.014445218991123276,5.319999999999993,294835455.0,15.430000305175781,0.0060667220532550385,1
2024-08-28,0.00044899079620905634,-0.021189402922429323,5.690000000000012,431388832.0,17.110000610351562,0.017150041787563863,1
2024-08-29,0.00435307944372518,-0.06597787086383722,7.720000000000013,448218541.0,15.649999618530273,0.01309231715466197,0
2024-08-30,0.00022571803008891183,0.015023915271623167,4.530000000000001,327626374.0,15.0,0.00783205969638425,0
2024-09-03,0.010019346544724706,-0.10009668598272725,8.919999999999987,471942862.0,20.719999313354492,0.013980657256775064,1
2024-09-04,0.00027932305839386374,-0.016712960790771447,5.86999999999999,370714671.0,21.31999969482422,0.010802971878263264,0
2024-09-05,8.782054275173789e-05,0.009371261534699471,4.890000000000001,300402332.0,19.899999618530273,0.01007253584113968,0
2024-09-06,0.0017399233649739076,-0.04171238862704829,7.200000000000003,405554366.0,22.3799991607666,0.0126680228477886,1
2024-09-09,0.001210073872308002,0.034786116085415486,2.8599999999999994,265705160.0,19.450000762939453,0.009904803350843924,0
2024-09-10,0.00023084150993666982,0.015193469318647068,4.450000000000003,263088262.0,19.079999923706055,0.0064339571492406464,0
2024-09-11,0.0061383594900045,0.07834768337356568,9.769999999999996,434323693.0,17.690000534057617,0.010446108881089534,1
2024-09-12,0.0003570158924491837,0.01889486418181363,5.410000000000011,360557389.0,17.06999969482422,0.006955969315398072,0
2024-09-13,1.1275884568283412e-07,-0.00033579583928755596,2.355000000000004,238041247.0,16.559999465942383,0.0027316979005695035,0
2024-09-16,0.00038697395165471357,-0.01967165350586253,3.8200000000000074,242824092.0,17.139999389648438,0.0030226785177881205,1
2024-09-17,0.00010490625689116931,-0.010242375549215588,3.969999999999999,228795249.0,17.610000610351562,0.0045597946785287625,1
2024-09-18,0.0003760745356855645,-0.019392641276668954,4.480000000000004,304495868.0,18.229999542236328,0.007877999587310775,1
2024-09-19,0.0015151958121348986,0.038925516208971445,2.4099999999999966,290315159.0,16.329999923706055,0.005938104819913966,0
2024-09-20,0.0002557482581467247,-0.01599213113211384,3.2279999999999944,367457202.0,16.149999618530273,0.003148934196813414,0
2024-09-23,5.012544101708327e-06,0.002238871166840184,2.1299999999999955,203385406.0,15.890000343322754,0.0026343097068078736,0
2024-09-24,0.0015121618730964458,0.03888652559816119,6.420000000000002,349573550.0,15.390000343322754,0.009992514867865914,1
2024-09-25,0.0004668424229205188,0.021606536578556934,3.3299999999999983,279479269.0,15.40999984741211,0.006916234867142088,0
2024-09-26,1.8335265216747083e-05,0.004281969782325312,5.865000000000009,299157963.0,15.369999885559082,0.009590423814145283,1
2024-09-27,0.0004628184457468259,-0.021513215606850267,4.769999999999996,267631269.0,16.959999084472656,0.0061073093049879654,0
2024-09-30,1.085274336689373e-07,0.00032943502192228635,3.3499999999999943,222206866.0,16.729999542236328,0.006320629273747891,1
2024-10-01,0.001387292737405236,-0.03724637884956383,6.645099999999999,296526454.0,19.260000228881836,0.00669215431648107,1
2024-10-02,0.00024612147071610636,0.015688259008446614,4.239999999999995,219093907.0,18.899999618530273,0.005988247698631064,0
2024-10-03,0.0010957361252868815,0.033101905160985545,4.019899999999993,274781885.0,20.489999771118164,0.0070297501501399825,1
2024-10-04,0.0002792051661427458,0.016709433447688937,3.210000000000008,242564740.0,19.209999084472656,0.0057569749265469145,0
2024-10-07,0.0004913685930562356,0.022166835431703724,5.6899999999999835,339746492.0,22.639999389648438,0.008291588046981187,1
2024-10-08,0.0015746095772526645,0.039681350496834966,4.060000000000002,281508695.0,21.420000076293945,0.005220119277726288,0
2024-10-09,3.267554270176227e-06,-0.0018076377596676352,3.140000000000015,243017977.0,20.860000610351562,0.005377302532860489,1
2024-10-10,0.00026089676683689877,0.016152299119224445,4.0,239956898.0,20.93000030517578,0.004956932693566161,0
2024-10-11,5.502854107848228e-09,-7.418122476643418e-05,2.1200000000000045,168477660.0,20.459999084472656,0.0020409531034549446,0
2024-10-14,0.0005744939992735899,0.023968604449854602,3.299999999999983,223739058.0,19.700000762939453,0.006414651318334206,1
2024-10-15,0.0023034033061752495,-0.04799378403684429,9.829999999999984,372626045.0,20.639999389648438,0.008506866370024308,1
2024-10-16,0.0009502990598700094,0.030826921024812215,5.039999999999992,261306828.0,19.579999923706055,0.004822643840146841,0
2024-10-17,7.878171492062912e-05,0.008875906428113645,4.019999999999982,302281013.0,19.110000610351562,0.008686779851863377,1
2024-10-18,6.0588146667737264e-05,0.007783838813062438,1.6200000000000045,172700042.0,18.030000686645508,0.002834898187623165,0
2024-10-21,0.0016437911984917967,0.04054369492895038,5.710000000000008,259255902.0,18.3700008392334,0.007798439461646086,1
2024-10-22,6.978326447181963e-07,-0.0008353637798697022,2.6399999999999864,224530084.0,18.200000762939453,0.003852965069215406,0
2024-10-23,0.0008103928620604025,-0.028467399987712305,4.969999999999999,283751241.0,19.239999771118164,0.0055253339421640225,1
2024-10-24,3.687037178964334e-05,0.00607209780797735,2.8899999999999864,169814072.0,19.079999923706055,0.0037392084711317325,0
2024-10-25,6.425062121361746e-05,0.008015648521087826,3.329999999999984,200572412.0,20.329999923706055,0.0046868753007718025,1
2024-10-28,5.23095661426725e-05,-0.00723253525001244,3.089999999999975,166920098.0,19.799999237060547,0.005586284216548818,1
2024-10-29,2.6848384015360165e-05,0.0051815426289243405,3.359800000000007,150850081.0,19.34000015258789,0.002793355233582555,0
2024-10-30,0.00018632972143747549,-0.013650264518956234,3.5200000000000102,170963620.0,20.350000381469727,0.004885082600387773,1
2024-10-31,0.002336573715184181,-0.048338118655820494,5.4994000000000085,263383906.0,23.15999984741211,0.009205851969208,1
2024-11-01,0.00038771081354725597,0.019690373626400692,2.740000000000009,199773977.0,21.8799991607666,0.007791197057796261,0
2024-11-04,2.2935524316829448e-05,0.004789104751081297,3.390000000000015,184249472.0,21.979999542236328,0.004080256747110625,0
2024-11-05,0.0007827065708021534,0.02797689351593835,3.0400999999999954,156882082.0,20.489999771118164,0.0055384690884618904,1
2024-11-06,0.0015946010404045208,0.03993245597761952,4.530000000000001,236372394.0,16.270000457763672,0.0068012498407705735,1
2024-11-07,0.0004932306913344234,0.022208797611181552,2.7600000000000193,198676456.0,15.199999809265137,0.004195573632345898,0
2024-11-08,7.108966592299285e-05,-0.008431468787998497,3.5100000000000193,172836665.0,14.9399995803833,0.0051533772118703145,1
2024-11-11,0.0002619187282239502,-0.016183903367974928,5.280000000000001,178502369.0,14.970000267028809,0.009162021147213232,1
2024-11-12,0.0004261985103317295,0.020644575808955956,3.640000000000015,192910267.0,14.710000038146973,0.005304171292959337,0
2024-11-13,0.00018811732916797395,-0.013715587087980374,3.430000000000007,182218706.0,14.020000457763672,0.0034737492115138923,0
2024-11-14,1.1184814630441396e-05,0.0033443705880840113,3.4499999999999886,187554409.0,14.3100004196167,0.003039920305037527,0
2024-11-15,0.0010964308268632415,-0.033112396875841554,5.159999999999997,247292405.0,16.139999389648438,0.005379288605758405,1
2024-11-18,0.0001682967830671162,-0.012972925000442892,4.400000000000006,215732705.0,15.579999923706055,0.00861989706488916,1
2024-11-19,0.002283629297047392,0.04778733406507829,6.139999999999986,222499933.0,16.350000381469727,0.007405706521019631,0
2024-11-20,5.8487293755161964e-05,-0.007647698592070817,4.8300000000000125,299291627.0,17.15999984741211,0.008446362384887392,1
2024-11-21,2.84329132562968e-05,0.005332252174859775,12.189999999999998,394990078.0,16.8700008392334,0.010456699494350446,1
2024-11-22,0.0010699625707418345,-0.03271028233968387,6.060000000000002,232286433.0,15.239999771118164,0.003965259299921963,0
2024-11-25,0.0018209805909923705,-0.04267294917148767,6.230000000000018,312434017.0,14.600000381469727,0.008711695618439987,1
2024-11-26,4.349244108657194e-05,0.006594879914492147,3.630000000000024,186370058.0,14.100000381469727,0.004616031303850293,0
2024-11-27,0.00013471508696398328,-0.011606682857904893,5.4199999999999875,221247126.0,14.100000381469727,0.0049135305465511266,1
2024-11-29,0.00045256221063169676,0.02127350959836427,3.299999999999983,135827085.0,13.510000228881836,0.005199094605438449,1
2024-12-02,7.534328597733675e-06,0.00274487314784011,2.625,163476486.0,13.34000015258789,0.005710546537277188,1
2024-12-03,0.0001366404255267467,0.011689329558479677,2.5900000000000034,160327863.0,13.300000190734863,0.0027255657158899863,0
2024-12-04,0.001169705031603796,0.03420095074122642,5.5,218030464.0,13.449999809265137,0.005472878315772118,1
2024-12-05,3.0398011230318616e-07,-0.0005513439147240007,2.5900000000000034,173187599.0,13.539999961853027,0.0035219415349270274,0
2024-12-06,0.0003322086386443244,-0.018226591525689173,4.389999999999986,179432847.0,12.770000457763672,0.004786020705087066,1
2024-12-09,0.0006664021861031278,-0.025814766822559676,2.819999999999993,180383600.0,14.1899995803833,0.005085458019643897,1
2024-12-10,0.0007459960913426374,-0.02731292901434479,8.030000000000001,203466963.0,14.180000305175781,0.0075079932444162825,1
2024-12-11,0.0009553355666929456,0.030908503145460564,4.9599999999999795,176595770.0,13.579999923706055,0.006829505336344604,0
2024-12-12,0.00020283634498317914,-0.014242062525602783,2.6399999999999864,154490896.0,13.920000076293945,0.005591412439493732,0
2024-12-13,0.0005178296105164087,-0.022755869803556372,7.060000000000002,225260919.0,13.8100004196167,0.009308280004507636,1
2024-12-16,0.00028567120840700626,-0.016901810802603556,3.980000000000018,227962345.0,14.6899995803833,0.005656501944537611,0
2024-12-17,0.00015060107957926174,-0.012271963150990217,4.730000000000004,250400610.0,15.869999885559082,0.007150051486422353,1
2024-12-18,0.00013031302336549518,-0.01141547298036727,8.419999999999987,264633207.0,27.6200008392334,0.01249375588303541,1
2024-12-19,0.00018597050398831008,0.013637100277856362,4.47999999999999,197604614.0,24.09000015258789,0.00607557469123872,0
2024-12-20,0.0009179989012769818,0.030298496683449194,7.060000000000002,295705455.0,18.360000610351562,0.010143682314515977,1
2024-12-23,0.0013127878171195542,0.03623241390136123,4.669899999999984,173696271.0,16.780000686645508,0.006048632270551222,0
2024-12-24,1.544584683908653e-05,0.003930120461141939,3.25,104017348.0,14.270000457763672,0.0043534461682969644,0
2024-12-26,4.286225776901441e-06,-0.002070320211199572,3.1200000000000045,113925161.0,14.729999542236328,0.0028713827907044785,0
2024-12-27,0.0004447198428347779,-0.021088381702605297,4.310000000000002,168562734.0,15.949999809265137,0.005348589977910631,1
2024-12-30,1.2230906714548785e-05,0.0034972713241252507,6.25,165782292.0,17.399999618530273,0.00770470404912698,1
2024-12-31,0.000554581144879918,-0.023549546596058235,4.239999999999981,153390381.0,17.350000381469727,0.005264302992371885,0
2025-01-02,0.0008700082373616959,0.02949590204353303,4.25,194579884.0,17.93000030517578,0.007139950787588938,1
2025-01-03,0.0018987223137899403,0.043574330904673,5.170000000000016,223462841.0,16.1299991607666,0.008601126466226839,1
2025-01-06,0.0011394798375305582,0.03375618221201204,4.335900000000009,261409228.0,16.040000915527344,0.0063604442893658575,0
2025-01-07,0.004119859645220363,-0.06418613281091456,13.120000000000005,347543365.0,17.81999969482422,0.013679465044454114,1
2025-01-08,4.58364802992775e-08,-0.00021409455924725762,6.389999999999986,221663747.0,17.700000762939453,0.007274156676707427,0
2025-01-10,0.0009262847459402785,-0.030434926415884078,5.699999999999989,203988434.0,19.540000915527344,0.005574768635214704,0
2025-01-13,0.0003966448252173746,-0.01991594399513552,3.980000000000018,199807111.0,19.190000534057617,0.007873289774860733,1
2025-01-14,0.00012309618697606384,-0.011094872102735742,6.329999999999984,191560730.0,18.709999084472656,0.00865331462589009,1
2025-01-15,0.0011179627848385738,0.03343595048504788,5.159999999999997,181951651.0,16.1200008392334,0.0049240708708859675,0
2025-01-16,0.0003917371725722127,-0.019792351365419236,5.259999999999991,206563674.0,16.600000381469727,0.007513232706766044,1
2025-01-17,0.0009317353171746986,0.03052433975002078,3.0351,197965386.0,15.970000267028809,0.004542969415345331,0
2025-01-21,0.0005019152202999791,0.02240346447092456,4.740000000000009,190729521.0,15.0600004196167,0.005248648490286973,1
2025-01-22,0.0018796711734637764,0.043355174702263355,4.1200000000000045,230161829.0,15.100000381469727,0.004406616714024883,0
2025-01-23,1.039181902153325e-06,0.0010194027183372256,3.509999999999991,152733798.0,15.020000457763672,0.0033714191216124186,0
2025-01-24,0.0010077016002380133,-0.03174431603040162,7.090000000000003,230618409.0,14.850000381469727,0.0065839392093052,1
2025-01-27,0.034575960843386065,-0.18594612349652806,11.700000000000003,810353797.0,17.899999618530273,0.029853514740665096,1
2025-01-28,0.00730978059088968,0.08549725487341497,12.75,576685681.0,16.40999984741211,0.0142917451306292,0
2025-01-29,0.001753566091321038,-0.04187560257860223,6.840000000000003,434504511.0,16.559999465942383,0.012851621815642181,0
2025-01-30,5.8530618019714354e-05,0.007650530571124747,6.900000000000006,391358485.0,15.84000015258789,0.012309317193464873,0
2025-01-31,0.0014013720320192728,-0.0374349039269406,8.659999999999997,365890589.0,16.43000030517578,0.009111991532266621,0
2025-02-03,0.000830084364804877,-0.028811184717135063,5.559999999999988,366178687.0,18.6200008392334,0.01195889580753161,1
2025-02-04,0.0002860922439942987,0.016914261556281396,4.5,244682300.0,17.209999084472656,0.0072939799852463245,0
2025-02-05,0.0025780832377587993,0.05077482878118644,4.239999999999995,260301389.0,15.770000457763672,0.0066237791664500514,0
2025-02-06,0.0009226947362962169,0.03037589070786595,3.5600000000000165,247137446.0,15.5,0.005524955724815317,0
2025-02-07,8.053663960450428e-05,0.008974220835510138,5.3700000000000045,225947534.0,16.540000915527344,0.004812705511031678,0
2025-02-10,0.0008021788349983259,0.028322761782678008,5.039999999999992,210649650.0,15.8100004196167,0.00758661077319982,1
2025-02-11,3.342514036016534e-05,-0.005781447946679563,3.4599999999999795,174727541.0,16.020000457763672,0.005503986943415858,0
2025-02-12,0.0001582257618076327,-0.012578782206860595,3.1599999999999966,156351382.0,15.890000343322754,0.005565640708596555,1
2025-02-13,0.0009706444793872035,0.031155167779795434,5.3300000000000125,193652019.0,15.100000381469727,0.006808779261669306,1
2025-02-14,0.0006746274365800645,0.025973591137539387,3.75,191851643.0,14.770000457763672,0.004995999396379002,0
2025-02-18,1.5628458919985767e-05,0.003953284573615434,5.514999999999986,209232875.0,15.350000381469727,0.004474553189177895,0
2025-02-19,1.4890256945036016e-06,-0.0012202564052294917,4.140000000000015,163669832.0,15.270000457763672,0.005735859377631965,1
2025-02-20,3.969738976445834e-05,0.006300586461946089,3.8699000000000012,140730304.0,15.65999984741211,0.006578536297143888,1
2025-02-21,0.0017126529132209922,-0.04138421091697886,7.430000000000007,223008131.0,18.209999084472656,0.00571232609317453,0
2025-02-24,0.000983301401869331,-0.03135763705812877,8.509999999999991,230926210.0,18.979999542236328,0.010218957087116603,1
2025-02-25,0.0008074992878104852,-0.02841653194551519,5.759999999999991,266870987.0,19.43000030517578,0.009864922332814385,0
2025-02-26,0.001300539847779143,0.03606299831931814,5.239999999999981,323034088.0,19.100000381469727,0.013153026775415712,1
2025-02-27,0.00784845114351814,-0.08859148459935717,14.999999999999986,431647002.0,21.1299991607666,0.018672710205642654,1
2025-02-28,0.0015157450249006841,0.038932570232399044,8.689999999999998,382396821.0,19.6299991607666,0.015102467850697191,0
2025-03-03,0.0082717036274668,-0.09094890668648414,11.420000000000002,407036402.0,22.780000686645508,0.01243380408404206,0
2025-03-04,0.0002815467463428775,0.01677935476539183,3.530000000000001,60526026.0,23.510000228881836,0.014389928455027302,1
2025-03-05,0.00012613031082126528,0.011230775165644857,3.76809999999999,276367621.0,21.93000030517578,0.006292704823676802,0
2025-03-06,0.0034911496179965847,-0.059085951105119605,5.1299999999999955,313691211.0,24.8700008392334,0.007270869417933705,1
2025-03-07,0.0003606915594895077,0.018991881409947453,5.920000000000002,338976381.0,23.3700008392334,0.010486527376032062,1
2025-03-10,0.0027038736270365844,-0.05199878486115406,6.390000000000001,359666429.0,27.860000610351562,0.012182479913203993,1
2025-03-11,0.0002723067187722745,0.01650171866116601,7.466000000000008,348379110.0,26.920000076293945,0.017552702534351507,1
2025-03-12,0.003869172949012034,0.06220267638142296,3.8800000000000097,317560914.0,24.229999542236328,0.009206307435052057,0
2025-03-13,1.9136994316757266e-06,-0.0013833652560606424,3.969999999999999,292367082.0,24.65999984741211,0.010093173418965727,1
2025-03-14,0.0026367743246489108,0.05134953090972605,3.7299999999999898,272407810.0,21.770000457763672,0.004503478412105492,0
2025-03-17,0.0003148877190328032,-0.01774507590946861,4.859999999999999,247665706.0,20.510000228881836,0.00779432113905149,1
2025-03-18,0.0012182264079738379,-0.034903100263068865,4.47999999999999,294008087.0,21.700000762939453,0.010523869927804195,1
2025-03-19,0.000321995973078719,0.017944246238800865,4.764999999999986,267945245.0,19.899999618530273,0.007169045763063353,0
2025-03-20,7.323185413309866e-05,0.008557561225787325,3.730000000000004,243868503.0,19.799999237060547,0.0056469474062250495,0
2025-03-21,4.937983681525646e-05,-0.007027078825177391,2.569999999999993,259046348.0,19.280000686645508,0.004900238182777772,0
2025-03-24,0.0009631236358765749,0.03103423328965249,2.8799999999999955,203907618.0,17.479999542236328,0.005022975632329085,1
2025-03-25,3.5378381929349806e-05,-0.005947972926077405,2.3700000000000045,163444292.0,17.149999618530273,0.003599227019277308,0
2025-03-26,0.0034968664506286667,-0.059134308574876115,6.13000000000001,290046522.0,18.329999923706055,0.007431793052289019,1
2025-03-27,0.00042825715647371986,-0.02069437499596738,3.7900000000000063,223482974.0,18.690000534057617,0.006159205220552102,0
2025-03-28,0.00025346978023235153,-0.015920734286845928,3.799900000000008,229132344.0,21.649999618530273,0.005447296027437672,0
2025-03-31,0.00014000300699266982,-0.01183228663414937,7.304999999999993,298489963.0,22.280000686645508,0.009801936806845834,1
2025-04-01,0.00026242390102336553,0.01619950311038476,3.730000000000004,221516535.0,21.770000457763672,0.008081260045611683,0
2025-04-02,5.993700904002043e-06,0.002448203607546162,5.189999999999998,216646580.0,21.510000228881836,0.011377546812716473,1
2025-04-03,0.006606629041904644,-0.08128117273947666,4.030000000000001,337130886.0,30.020000457763672,0.011702444475477565,1
2025-04-04,0.005840455908955299,-0.07642287556062843,8.019999999999996,529621994.0,45.310001373291016,0.016077270875125216,1
2025-04-07,0.0012040911776465104,0.03470001696896574,15.129999999999995,608859381.0,46.97999954223633,0.021111128159844127,1
2025-04-08,0.0001909627357115075,-0.013818926720679414,11.39,472573256.0,52.33000183105469,0.015051943655937563,0
2025-04-09,0.02945365943398988,0.17162068474979897,17.56989999999999,610354203.0,33.619998931884766,0.031189649679785603,1
2025-04-10,0.0037145618107161556,-0.0609472051099651,11.709999999999994,436569077.0,40.720001220703125,0.013697932768991651,0
2025-04-11,0.0009460283157142538,0.03075757330665496,4.06989999999999,312913287.0,37.560001373291016,0.0087886728515855,0
2025-04-14,3.941026501154237e-06,-0.00198520187919371,5.220000000000013,264151793.0,30.889999389648438,0.01145899362566223,1
2025-04-15,0.00017872543421331596,0.013368823217221326,3.114999999999995,224948600.0,30.1200008392334,0.016470745704249695,1
2025-04-16,0.00506824676428666,-0.07119162004257706,6.340000000000003,395940592.0,32.63999938964844,0.011469421752397173,0
2025-04-17,0.0008486210795726394,-0.02913110158529264,4.420000000000002,290766919.0,29.649999618530273,0.010218403109766131,0
2025-04-21,0.002132366928809657,-0.046177558714267875,4.3999999999999915,287248450.0,33.81999969482422,0.00829613500910505,0
2025-04-22,0.0004090671504254884,0.02022540853544097,2.531000000000006,237186427.0,30.56999969482422,0.009670868882950573,1
2025-04-23,0.0014365132335574236,0.0379013618958135,2.780000000000001,246364950.0,28.450000762939453,0.006038892169044111,0
2025-04-24,0.001265794715526671,0.03557800887524021,3.430000000000007,218824639.0,26.469999313354492,0.007310262740607968,1
2025-04-25,0.0017751724390840367,0.042132795291601965,6.189999999999998,250323590.0,24.84000015258789,0.006841408262484083,0
2025-04-28,0.00043066801336168696,-0.020752542334896873,4.349900000000005,206968230.0,25.149999618530273,0.0060815606852614714,0
2025-04-29,7.094800260608161e-06,0.002663606626476245,2.759900000000002,169055678.0,24.170000076293945,0.005737549335897531,0
2025-04-30,8.421436128998244e-07,-0.0009176838305755552,4.840000000000003,231389721.0,24.700000762939453,0.011053762484531006,1
2025-05-01,0.0005952128215658174,0.024396983862064126,3.6400000000000006,234969880.0,24.600000381469727,0.005384720635032032,0
2025-05-02,0.0006535268556193987,0.025564171326671215,2.030000000000001,189826533.0,22.68000030517578,0.004596697013844582,0
2025-05-05,3.5480724012391854e-05,-0.005956569819316471,2.0050000000000097,133310065.0,23.639999389648438,0.003917489354428535,0
2025-05-06,6.066642063064742e-06,-0.002463055432397887,3.917999999999992,155480343.0,24.760000228881836,0.007970885206232571,1
2025-05-07,0.0009321679809512022,0.03053142612049431,5.398200000000003,207813225.0,23.549999237060547,0.00783539560243305,0
2025-05-08,6.994513458640668e-06,0.002644714248957847,2.8300000000000125,198398157.0,22.479999542236328,0.007657155058406582,0
2025-05-09,3.786358878172774e-05,-0.006153339644593636,3.0200000000000102,132683250.0,21.899999618530273,0.004070849193052651,0
2025-05-12,0.0028096738723379457,0.05300635690497835,2.719999999999999,224428701.0,18.389999389648438,0.012411177482521817,1
2025-05-13,0.003004299274022326,0.05481148852222795,6.748899999999992,327904928.0,18.219999313354492,0.009504768789421109,0
2025-05-14,0.0016641738444492895,0.040794286909434874,3.7549999999999955,280341028.0,18.6200008392334,0.005212100208631889,0
2025-05-15,1.4253684107781581e-05,-0.00377540515809649,3.640000000000015,225780386.0,17.829999923706055,0.009013644367900218,1
2025-05-16,1.779687984737597e-05,0.004218634832191093,2.8899999999999864,222369695.0,17.239999771118164,0.005294916363220576,0
2025-05-19,1.5744016106351765e-06,0.0012547516131231617,3.480000000000018,192337408.0,18.139999389648438,0.0055508301432907895,1
2025-05-20,7.77307533493616e-05,-0.008816504599293395,1.960000000000008,160934833.0,18.09000015258789,0.004077980838267724,0
2025-05-21,0.00037581643084393844,-0.019385985423597596,6.810000000000002,269585969.0,20.8700008392334,0.008259873698507237,1
2025-05-22,6.0598332450382495e-05,0.007784493076005816,2.6999999999999886,187448395.0,20.280000686645508,0.004781069124538325,0
2025-05-23,0.0001359905402311417,-0.011661498198393794,3.5200000000000102,198359895.0,22.290000915527344,0.0065901887256294995,1
2025-05-27,0.0009962244444910652,0.031563023373736954,2.3499999999999943,191948710.0,18.959999084472656,0.006692318981805827,1
2025-05-28,2.6063685965272846e-05,-0.005105260616782736,2.460000000000008,294148208.0,19.309999465942383,0.013925474749344543,1
2025-05-29,0.0010223063991697898,0.031973526536336117,5.5800000000000125,370584006.0,19.18000030517578,0.005634411551563274,0
2025-05-30,0.0008763155957147959,-0.029602628189314473,6.700000000000017,332518983.0,18.56999969482422,0.005973770955930736,1
2025-06-02,0.0002726966973602744,0.016513530735741355,2.719999999999999,197101127.0,18.360000610351562,0.00392539885329657,0
2025-06-03,0.0007600028559630067,0.027568149302465095,4.050000000000011,226455158.0,17.690000534057617,0.005358957776656877,1
2025-06-04,2.4448678271826603e-05,0.004944560473068016,2.844999999999999,167085009.0,17.610000610351562,0.0028627516330247678,0
2025-06-05,0.00018748529768687245,-0.013692527074534944,5.1699999999999875,232156880.0,18.479999542236328,0.007160019419067296,1
2025-06-06,0.0001508546110560727,0.012282288510537143,1.7600000000000193,152557305.0,16.770000457763672,0.004206953561640197,0
2025-06-09,4.096748242885168e-05,0.006400584538059917,3.0600000000000023,185074232.0,17.15999984741211,0.0034316142122365542,0
2025-06-10,8.614844523737044e-05,0.009281618675498926,2.7649999999999864,155317502.0,16.950000762939453,0.003463714762478722,1
2025-06-11,6.21002523978603e-05,-0.007880371336292491,3.1200000000000045,166887682.0,17.260000228881836,0.0038552160617566834,1
2025-06-12,0.0002273650991438693,0.015078630546036642,3.1500000000000057,161560293.0,18.020000457763672,0.004711193499788709,1
2025-06-13,0.00044596885733434467,-0.021117974745092027,2.7250000000000227,180261075.0,20.81999969482422,0.005038368387928436,1
2025-06-16,0.00036015518763006564,0.018977755073508185,2.9749000000000194,182026159.0,19.110000610351562,0.0038966118608068172,0
2025-06-17,1.5580678900765117e-05,-0.003947236869097814,1.4399999999999977,138273663.0,21.600000381469727,0.0029452283429992625,0
2025-06-18,8.821594245512485e-05,0.009392334238895295,2.530000000000001,161153168.0,20.139999389648438,0.0035660700022215985,1
2025-06-20,0.000126957235032839,-0.011267530121230607,3.549999999999983,242471051.0,20.6200008392334,0.0048069528338249455,1
2025-06-23,4.937589868612681e-06,0.0022220688262546417,2.75,153823453.0,19.829999923706055,0.0034945674786313534,0
2025-06-24,0.0006524556227213155,0.025543210892942092,2.460000000000008,187237590.0,17.479999542236328,0.0033041564785990223,0
2025-06-25,0.001800066991509638,0.04242719636635961,5.189999999999998,268546659.0,16.760000228881836,0.0055639654559185665,1
2025-06-26,2.1073376721275614e-05,0.004590574770252154,2.7150000000000034,197686753.0,16.59000015258789,0.0032259381161762572,0
2025-06-27,0.00030475943799966354,0.017457360567957103,3.4550000000000125,262857707.0,16.31999969482422,0.0051896125085229205,1
2025-06-30,2.3111249857071007e-06,0.0015202384634349642,2.6999999999999886,194307554.0,16.729999542236328,0.0037793347904298415,0
2025-07-01,0.0009081154530033598,-0.03013495400698929,5.7099999999999795,212812336.0,16.829999923706055,0.005741410304244036,1
2025-07-02,0.0006471991816895653,0.025440109702781655,4.6299999999999955,171775865.0,16.639999389648438,0.006867793067565177,1
2025-07-03,0.000174329464493145,0.013203388371669789,3.2099999999999795,143713402.0,16.3799991607666,0.0028651497478239256,0
2025-07-07,4.798909351520662e-05,-0.006927416077817661,1.9679999999999893,139840679.0,17.790000915527344,0.0034766429741936635,1
2025-07-08,0.00012234455648795566,0.011060947359424311,1.8300000000000125,137802237.0,16.809999465942383,0.003091054404798592,0
2025-07-09,0.00031826267882555586,0.017839918128331078,3.259999999999991,183234155.0,15.9399995803833,0.005488866247879243,1
2025-07-10,5.5685394958621946e-05,0.007462264733887558,2.8899999999999864,167416205.0,15.779999732971191,0.0032011611994123856,0
2025-07-11,2.4845337374610074e-05,0.004984509742653742,4.4199999999999875,193928390.0,16.399999618530273,0.00543778027253652,1
2025-07-14,2.6701421401090696e-05,-0.005167341811907811,3.469999999999999,136727779.0,17.200000762939453,0.004762972086943084,0
2025-07-15,0.0015693057400701664,0.03961446377360378,3.2050000000000125,230199611.0,17.3799991607666,0.012569392080851135,1
2025-07-16,1.534548899823001e-05,0.0039173318723628725,2.8499999999999943,158536297.0,17.15999984741211,0.0029350781966322502,0
2025-07-17,8.961713704377399e-05,0.00946663282502147,3.329999999999984,160548013.0,16.520000457763672,0.0029538186378202523,1
2025-07-18,1.167065002848907e-05,-0.003416233310019834,2.990000000000009,146224352.0,16.40999984741211,0.002696045849510702,0
2025-07-21,3.590463859659409e-05,-0.0059920479467869825,2.3799999999999955,122756598.0,16.649999618530273,0.002105295640451534,0
2025-07-22,0.000660997736230657,-0.025709876239115914,6.809999999999974,192326148.0,16.5,0.009430467168528708,1
2025-07-23,0.0004929617291213089,0.022202741477603816,1.956499999999977,61139527.0,15.369999885559082,0.003838858776954913,0
2025-07-24,0.0002952812761706442,0.017183750352313787,2.530000000000001,128716304.0,15.390000343322754,0.001332147981596394,0
2025-07-25,1.9108346941277167e-06,-0.0013823294448602752,1.759999999999991,123723361.0,14.930000305175781,0.0020740300724539093,1
2025-07-28,0.00034442554574422047,0.01855870538976845,3.030000000000001,139701637.0,15.029999732971191,0.002780216485408564,1
2025-07-29,4.9565590874472496e-05,-0.0070402834370835166,4.359999999999985,153796258.0,15.979999542236328,0.004200811780144034,1
2025-07-30,0.0004493139929443136,0.021197027927148504,3.8499999999999943,173112625.0,15.479999542236328,0.004739395389461686,1
2025-07-31,6.146721315896272e-05,-0.007840102879360877,7.3700000000000045,220857949.0,16.719999313354492,0.006436923442854896,1
2025-08-01,0.0005573442138588812,-0.02360813872076495,5.650000000000006,204152201.0,20.3799991607666,0.008501015675636828,1
2025-08-04,0.0012611052139140477,0.03551204322358892,5.679999999999978,147996088.0,17.520000457763672,0.005297233624431551,0
2025-08-05,9.435581591620455e-05,-0.009713692187639289,4.359999999999985,155963820.0,17.850000381469727,0.0048073140837927904,0
2025-08-06,4.2071665154878426e-05,0.0064862674285661726,3.6500000000000057,136451770.0,16.770000457763672,0.00416631267814883,0
2025-08-07,5.6191198209759516e-05,0.007496078855625754,5.085000000000008,151536099.0,16.56999969482422,0.004046980809235906,0
2025-08-08,0.00011278351635822063,0.010619958397198204,2.9000000000000057,123042319.0,15.149999618530273,0.0021413595736754195,0
2025-08-11,1.2314206058951861e-05,-0.0035091603068186927,3.5900000000000034,138132852.0,16.25,0.004380443175631699,1
2025-08-12,3.628598225354141e-05,0.006023784711752356,5.019999999999982,145647441.0,14.729999542236328,0.005572906831287903,1
2025-08-13,7.410953003815844e-05,-0.008608689217189713,4.6200000000000045,179571380.0,14.489999771118164,0.003847836807534736,0
2025-08-14,5.594041321379089e-06,0.0023651725775044596,3.5600000000000023,129369158.0,14.829999923706055,0.0035970629473098797,0
2025-08-15,7.504479791228787e-05,-0.008662840060412513,3.858300000000014,156290346.0,15.09000015258789,0.004625827126398983,1
2025-08-18,7.409593437916107e-05,0.008607899533519259,2.3474999999999966,131809682.0,14.989999771118164,0.0033726134425795078,0
2025-08-19,0.0012691538012111878,-0.03562518492879985,7.009999999999991,184668237.0,15.569999694824219,0.005523142365598329,1
2025-08-20,1.8696891091337519e-06,-0.001367365755434058,7.199000000000012,214812392.0,15.6899995803833,0.009627187975976809,1
2025-08-21,5.747518416877834e-06,-0.002397398259963879,3.0900000000000034,139789587.0,16.600000381469727,0.003957808034206851,0
2025-08-22,0.0002908964679294399,0.01705568726054274,7.390000000000015,172425657.0,14.220000267028809,0.006199753196961062,1
2025-08-25,0.000103497434874887,0.010173368904885294,5.340000000000003,163173176.0,14.789999961853027,0.004423602263756533,0
2025-08-26,0.00011753625278084711,0.010841413781460751,3.579999999999984,168510097.0,14.619999885559082,0.0034884503368724953,0
2025-08-27,8.755072759649595e-07,-0.0009356854578141949,3.390000000000015,234432284.0,14.850000381469727,0.008008542176568408,1
2025-08-28,6.249877287095628e-05,-0.00790561653958477,8.060000000000002,281381257.0,14.430000305175781,0.008469123224892848,1
2025-08-29,0.0011432244543546155,-0.033811602363014615,5.0049999999999955,242864459.0,15.359999656677246,0.005874352572267491,0
2025-09-02,0.0003886050809274031,-0.01971306878513346,5.158999999999992,231402501.0,17.170000076293945,0.006333037794964308,1
2025-09-03,8.785631564493505e-07,-0.0009373169989119745,3.5349999999999966,164280079.0,16.350000381469727,0.004065061349029043,0
2025-09-04,3.692889360222686e-05,0.0060769148095252135,2.450000000000017,141417966.0,15.300000190734863,0.0028653166844080447,0
2025-09-05,0.0007508811438480394,-0.027402210564989815,4.960000000000008,224574770.0,15.180000305175781,0.00624699293417135,1
2025-09-08,5.91968883454629e-05,0.007693951412990785,3.6100000000000136,163474339.0,15.109999656677246,0.0047601232812148776,0
2025-09-09,0.00020884714571000167,0.01445154475168664,4.239899999999977,156711416.0,15.039999961853027,0.006004909338306069,1
2025-09-10,0.0014253148030707067,0.037753341614626734,3.819999999999993,226539875.0,15.350000381469727,0.004170099456713233,0
2025-09-11,8.148309874972812e-07,-0.0009026798920421797,3.8000000000000114,150948408.0,14.710000038146973,0.002606382181271948,0
2025-09-12,1.3410823192913812e-05,0.003662079080647196,2.1450000000000102,124679803.0,14.760000228881836,0.0019443680403544634,0
2025-09-15,1.5502647034967536e-07,-0.0003937340096431541,4.340000000000003,146903797.0,15.6899995803833,0.007143827180056188,1
2025-09-16,0.0002649747247716823,-0.016278044255121138,3.1200000000000045,140417710.0,16.360000610351562,0.0025253812698306146,0
2025-09-17,0.0007074088344076043,-0.026597158389715325,4.789999999999992,211228257.0,15.720000267028809,0.005923155609045808,1
2025-09-18,0.0011794991024872698,0.03434383645557482,4.139999999999986,191528726.0,15.699999809265137,0.005108843591408885,0
2025-09-19,5.938399391718458e-06,0.002436883130500611,2.9000000000000057,236922194.0,15.449999809265137,0.0025558394098854145,0
2025-09-22,0.001484588434398283,0.038530357309507046,9.844700000000017,269024198.0,16.100000381469727,0.011814488659004242,1
2025-09-23,0.0008189656269692741,-0.028617575490758718,6.2099999999999795,192083625.0,16.639999389648438,0.0038989404740422794,0
2025-09-24,6.750496899213402e-05,-0.008216140760243462,4.3799999999999955,143341302.0,16.18000030517578,0.004016765107417268,1
2025-09-25,1.648548611793676e-05,0.004060232273889852,7.134999999999991,191262126.0,16.739999771118164,0.006657732244750468,1
2025-09-26,7.895750340620962e-06,0.002809937782339844,4.840000000000003,148630512.0,15.289999961853027,0.004521238525395849,0
2025-09-29,0.0004133810621943667,0.020331774693675086,3.680000000000007,192836654.0,16.1200008392334,0.0058415302694318,1
2025-09-30,0.000659356094211071,0.02567793009981667,5.8700000000000045,236553467.0,16.280000686645508,0.005049630453352999,0
2025-10-01,1.2468772430324276e-05,0.003531114899054444,4.239999999999981,173563014.0,16.290000915527344,0.004468796551182713,0
2025-10-02,7.69763835463468e-05,0.008773618611858325,2.990000000000009,136597422.0,16.6299991607666,0.0034760115167328633,0
2025-10-03,4.5511138152964144e-05,-0.006746194345923051,4.980000000000018,137449093.0,16.649999618530273,0.003380555602281601,0
2025-10-06,0.0001242812143689144,-0.011148148472679864,3.8999999999999773,157409831.0,16.3700008392334,0.0061423244260106,1
2025-10-07,7.281763558237948e-06,-0.002698474301941367,5.060000000000002,139517689.0,17.239999771118164,0.00479368497649839,0
2025-10-08,0.00047336001785983973,0.021756838415997848,3.0600000000000023,129897754.0,16.299999237060547,0.0038354358931038126,0
2025-10-09,0.0003287283618366354,0.018130867652614846,4.240000000000009,182720726.0,16.43000030517578,0.003725645912537059,0
2025-10-10,0.002509973547663065,-0.050099636202901365,13.569999999999993,267636637.0,21.65999984741211,0.01000783487199327,1
2025-10-13,0.0007718704025055625,0.02778255572307131,4.149900000000002,153325929.0,19.030000686645508,0.010711833334311001,1
2025-10-14,0.002026722952152748,-0.04501913984243533,5.100000000000023,205251529.0,20.809999465942383,0.008219089643659343,0
2025-10-15,1.235528935552697e-06,-0.0011115434924251488,7.5800000000000125,213876782.0,20.639999389648438,0.00679589579735403,0
2025-10-16,0.0001199074396851412,0.010950225554076098,3.509999999999991,179213243.0,25.309999465942383,0.002763666732025539,0
2025-10-17,5.968228190899068e-05,0.007725430855880511,4.349999999999994,173096390.0,20.780000686645508,0.006490743954528202,1
2025-10-20,1.0052795454859514e-05,-0.0031706143655227947,3.469999999999999,128284327.0,18.229999542236328,0.002333491608734197,0
2025-10-21,6.620073700463618e-05,-0.008136383533526192,2.984999999999985,123966338.0,17.8700008392334,0.003608349828950164,1
2025-10-22,2.3711259566007035e-05,-0.004869420865565743,6.680000000000007,162120166.0,18.600000381469727,0.005314823349253114,1
2025-10-23,0.00010762452221278149,0.01037422393303622,3.2399000000000058,111259381.0,17.299999237060547,0.0033488193863884705,0
2025-10-24,0.0004954241435633572,0.022258125338027845,3.969999999999999,131000483.0,16.3700008392334,0.0031197220034982023,0
2025-10-27,0.0007668491260262353,0.027692040842564047,3.5681999999999903,153159473.0,15.789999961853027,0.005425946590257199,1
2025-10-28,0.0023637646406778675,0.04861856271711318,11.240000000000009,296442914.0,16.420000076293945,0.008031952627401707,1
2025-10-29,0.0008677655546255148,0.02945786065934719,7.414899999999989,307830906.0,16.920000076293945,0.008578878055279598,1
2025-10-30,0.00040998357163029404,-0.02024805105757821,4.75,179123059.0,16.90999984741211,0.005776276025702355,0
2025-10-31,3.894535071794529e-06,-0.0019734576437802076,5.900000000000006,179559990.0,17.440000534057617,0.005418845238035206,0
2025-11-03,0.000460034395011086,0.0214484124123695,5.775000000000006,179663774.0,17.170000076293945,0.005043478036321185,0
2025-11-04,0.0016316020314655715,-0.04039309385854928,6.039899999999989,187650035.0,19.0,0.006971296255893948,1
2025-11-05,0.0003122260371130147,-0.017669918989995814,8.269999999999982,170383638.0,18.010000228881836,0.010001915767325592,1
2025-11-06,0.0013844723191882035,-0.0372084979431877,11.240000000000009,222011255.0,19.5,0.007721695799470789,0
2025-11-07,1.3846794160389142e-07,0.00037211280763216337,9.409999999999997,265121026.0,19.079999923706055,0.008087498623415821,1
2025-11-10,0.0031715518223350845,0.05631653240687928,6.150000000000006,198043201.0,17.600000381469727,0.006658974002789035,0
2025-11-11,0.000902232689439224,-0.030037188440984686,4.119999999999976,176017369.0,17.280000686645508,0.006730370083793636,1
2025-11-12,1.0941795220062604e-05,0.0033078384513247627,4.759999999999991,154419902.0,17.510000228881836,0.005977580337860396,0
2025-11-13,0.0013298439919841576,-0.0364670260918567,7.590000000000003,209355997.0,20.0,0.005703141898739934,0
2025-11-14,0.0003083091958487721,0.017558735599375375,10.429999999999978,186202007.0,19.829999923706055,0.009504162886708172,1
2025-11-17,0.0003591449701363047,-0.01895112055094117,4.680000000000007,172888520.0,22.3799991607666,0.005241825317145864,0
2025-11-18,0.0008112973656806601,-0.028483282213970007,5.150000000000006,212244185.0,24.690000534057617,0.007196100105489126,1
2025-11-19,0.0007870530480043468,0.0280544657408468,5.024900000000002,244510211.0,23.65999984741211,0.012158042699382997,1
2025-11-20,0.001026072826397719,-0.0320323715387687,16.150000000000006,341572001.0,26.420000076293945,0.011796492345801038,0
2025-11-21,9.58619271386963e-05,-0.009790910434617217,11.629999999999995,345704462.0,23.43000030517578,0.014690946819613247,1
2025-11-24,0.00041245215581052513,0.020308918134911202,7.02000000000001,256589462.0,20.520000457763672,0.006597064055084171,0
2025-11-25,0.000689183539269167,-0.026252305408652532,8.609999999999985,320586750.0,18.559999465942383,0.008001487370504864,1
2025-11-26,0.00018573466126663981,0.013628450435271056,4.6699999999999875,183807114.0,17.190000534057617,0.008282998995506392,1
2025-11-28,0.00033308150050786214,-0.018250520554435212,2.789999999999992,121060999.0,16.350000381469727,0.004094204187868388,0
2025-12-01,0.00026773386315802615,0.016362575077231156,6.6200000000000045,187740242.0,17.239999771118164,0.006822807202460114,1
2025-12-02,7.26404396014365e-05,0.008522936090423094,5.659999999999997,182117064.0,16.59000015258789,0.005213515249789419,0
2025-12-03,0.00010730408920464018,-0.010358768710838184,3.3399,164647939.0,16.079999923706055,0.0056998026111512645,1
2025-12-04,0.0004361426084262238,0.020884027591109522,4.554999999999978,143012296.0,15.779999732971191,0.0042888653287150285,0
2025-12-05,2.8128193356923296e-05,-0.005303601922931556,3.75,143407790.0,15.40999984741211,0.002996083065054,0
2025-12-08,0.0002912991059338894,0.01706748680778425,5.599999999999994,202602514.0,16.65999984741211,0.006673322390966518,1
2025-12-09,9.801518797596347e-06,-0.003130737740149492,2.39670000000001,144056782.0,16.93000030517578,0.0054429651751417354,0
2025-12-10,4.165746819396195e-05,-0.006454259693718711,3.444999999999993,162122993.0,15.770000457763672,0.004701771798148426,0
2025-12-11,0.00024427107810096385,-0.015629173941733576,4.699999999999989,181443168.0,14.850000381469727,0.006554474578738766,1
2025-12-12,0.0011029016440102831,-0.03320996302332002,8.199999999999989,203538339.0,15.739999771118164,0.007096775563743518,1
2025-12-15,5.227453673972872e-05,0.0072301131899665805,3.384999999999991,164107625.0,16.5,0.003463006752505221,0
2025-12-16,6.526881538835182e-05,0.008078911770056152,3.5900000000000034,148003976.0,16.479999542236328,0.0032239753571594275,0
2025-12-17,0.0015129501848146693,-0.03889666032983641,5.819999999999993,221616787.0,17.6200008392334,0.0066698759143536375,1
2025-12-18,0.00034398956435036397,0.018546955662597675,4.3300000000000125,175366115.0,16.8700008392334,0.004042902710741897,0
2025-12-19,0.001488586752573231,0.03858220772031107,5.109999999999985,324418588.0,14.90999984741211,0.007375616717580208,1
2025-12-22,0.00021927014232101164,0.014807773037192717,1.8100000000000023,128642316.0,14.079999923706055,0.0031245708283226888,0
2025-12-23,0.0008766310102781978,0.029607955185696255,6.430000000000007,173981201.0,14.0,0.005177651607786238,1
2025-12-24,1.0087727332295517e-05,-0.0031761182805896127,2.319999999999993,65439368.0,13.470000267028809,0.0022352973628157607,0
2025-12-26,0.00010258188195542906,0.010128271419913126,4.689999999999998,139236472.0,13.600000381469727,0.004245922357148076,1
2025-12-29,0.00014879537702240558,-0.01219817105235066,2.844999999999999,119629573.0,14.199999809265137,0.0036832834130006613,0
2025-12-30,1.3099589021182323e-05,-0.0036193354391631516,2.0600000000000023,97287609.0,14.329999923706055,0.0016677546459372874,0
2025-12-31,3.092379685332625e-05,-0.005560916907608515,4.069999999999993,119681461.0,14.949999809265137,0.0035610758349131602,1
2026-01-02,0.00015679572754423904,0.012521810074595408,4.669900000000013,147706191.0,14.510000228881836,0.007238792352292973,1
2026-01-05,1.5000067664283114e-05,-0.0038729920816189534,7.47999999999999,183861356.0,14.899999618530273,0.004425599922372304,0
2026-01-06,2.1985226593992383e-05,-0.004688840644977432,5.354000000000013,175325988.0,14.75,0.005243639368727429,1
2026-01-07,9.875668692739787e-05,0.00993763990731189,4.810000000000002,152918819.0,15.380000114440918,0.003275335873030544,0
2026-01-08,0.00047336001785983973,-0.021756838415997848,5.840000000000003,171396546.0,15.449999809265137,0.006533356260055876,1
2026-01-09,9.47188480167438e-07,-0.0009732360865521983,2.6699000000000126,128386215.0,14.489999771118164,0.0023172235697775634,0
2026-01-12,1.8720013828462396e-07,0.0004326663128608743,4.099999999999994,137454572.0,15.119999885559082,0.004861510858321114,1
2026-01-13,2.2026108360516624e-05,0.004693198095170992,4.709900000000005,158198657.0,15.979999542236328,0.00646522387796311,1
2026-01-14,0.0002094896870001443,-0.014473758565077155,3.6599999999999966,157953753.0,16.75,0.005075401939777982,0
2026-01-15,0.0004462687140958913,0.021125073114569126,3.369999999999976,206224727.0,15.84000015258789,0.005992579860050882,1
2026-01-16,1.9302770642526643e-05,-0.004393491850740894,4.359999999999985,187362889.0,15.859999656677246,0.0033764589524013285,0
2026-01-20,0.0020075541156243577,-0.0448057375301909,4.768599999999992,221007402.0,20.09000015258789,0.008304857834196572,1
2026-01-21,0.0008442818326471009,0.029056528227699552,6.959000000000003,200248222.0,16.899999618530273,0.008472555545492902,1
2026-01-22,6.818343863442641e-05,0.008257326361142958,2.2399999999999807,145584537.0,15.640000343322754,0.002910302415643031,0
2026-01-23,0.00023087329523581237,0.01519451530111482,2.7767000000000053,142592182.0,16.09000015258789,0.0048268644412599775,1
2026-01-26,4.1148800323158155e-05,-0.006414733067178879,3.1299999999999955,124557759.0,16.149999618530273,0.0024451558297199968,0
2026-01-27,0.00011954653523629768,0.010933733819528335,4.300000000000011,143309287.0,16.350000381469727,0.0032212602207547956,1
2026-01-28,0.000249265356896044,0.01578813975413329,2.509999999999991,147579608.0,16.350000381469727,0.0041695800953657,1
2026-01-29,2.6582878118397e-05,0.005155858620869758,7.4199999999999875,171223804.0,16.8799991607666,0.007289874613156039,1
2026-01-30,5.175760189835256e-05,-0.007194275634026859,5.02000000000001,178991009.0,17.440000534057617,0.005209675376767121,0
2026-02-02,0.0008588490554453189,-0.02930612658549947,5.420000000000016,165140231.0,16.34000015258789,0.00716699457648376,1
2026-02-03,0.000829655446009251,-0.028803740139246692,10.04000000000002,203245688.0,18.0,0.008266913987052576,1
2026-02-04,0.0012039026677046953,-0.03469730058238962,7.670000000000016,206459197.0,18.639999389648438,0.008008175959143143,0
2026-02-05,0.00017822513216449382,-0.013350098582575853,5.784999999999997,205410615.0,21.770000457763672,0.006431308723231102,0
2026-02-06,0.005741552106139765,0.0757730302029671,12.400000000000006,231198112.0,20.3700008392334,0.010363497281703845,1
2026-02-09,0.0006083615940180913,0.0246649872089586,14.775000000000006,196214551.0,17.360000610351562,0.00996291228477311,0
2026-02-10,6.279596243052461e-05,-0.007924390350716237,4.359999999999985,136591092.0,17.790000915527344,0.003999401881542674,0
2026-02-11,6.363268004065983e-05,0.007977009467253993,4.489999999999981,143998413.0,17.649999618530273,0.00406129439114999,1
2026-02-12,0.0002722330277316004,-0.01649948568082049,7.100000000000023,189252943.0,20.81999969482422,0.004837456872403697,1
2026-02-13,0.000499091132472479,-0.02234034763544379,5.909999999999997,161722472.0,20.600000381469727,0.007434992974777104,1
2026-02-17,0.00013797527349695737,0.01174628764746366,7.969999999999999,161875107.0,20.290000915527344,0.006684680757597821,0
2026-02-18,0.00026056172416494413,0.01614192442569795,3.6100000000000136,164529242.0,19.6200008392334,0.0043263356073218965,0
2026-02-19,1.8119305274574745e-07,-0.0004256677727356717,2.7700000000000102,126204072.0,20.229999542236328,0.0034961348055621883,0
2026-02-20,0.00010335463740975146,0.010166348282925952,4.3922000000000025,178193039.0,19.09000015258789,0.00450813093520226,1
2026-02-23,8.231236914560472e-05,0.009072616444312231,4.375,171232294.135237,21.010000228881836,0.005619827840268769,1
2026-02-24,4.57491731653072e-05,0.006763813507578931,6.3700000000000045,174747995.283137,19.549999237060547,0.004751990714021585,0
2026-02-25,0.00019472955099852302,0.013954553056207963,3.8399,247056640.853917,17.93000030517578,0.008864394217151628,1
2026-02-26,0.0031479038906928962,-0.05610618406818357,9.974999999999994,359933025.529158,18.6299991607666,0.012105804912817228,1
2026-02-27,0.0018095197685828734,-0.042538450472282996,6.210000000000008,310222707.357723,19.860000610351562,0.0068219533352015735,0
2026-03-02,0.0008654172416955403,0.02941797480615449,8.820000000000022,209063955.237712,19.860000610351562,0.010264819543224791,1
